date,sku_id,category,units_sold,price,promotion_flag,inventory_level,day_of_week,month,week_of_year,lag_1,lag_7,rolling_mean_7,stockout_flag
2023-01-08,SKU_1,Category_2,30,1694.8144802903494,0,69,6,1,1,25.0,36.0,28.428571428571427,0
2023-01-09,SKU_1,Category_2,33,1694.8144802903494,0,60,0,1,2,30.0,32.0,27.571428571428573,0
2023-01-10,SKU_1,Category_2,24,1694.8144802903494,0,73,1,1,2,33.0,31.0,27.714285714285715,0
2023-01-11,SKU_1,Category_2,28,1694.8144802903494,0,82,2,1,2,24.0,29.0,26.714285714285715,0
2023-01-12,SKU_1,Category_2,13,1694.8144802903494,0,13,3,1,2,28.0,23.0,26.571428571428573,1
2023-01-13,SKU_1,Category_2,28,1694.8144802903494,1,99,4,1,2,13.0,23.0,25.142857142857142,0
2023-01-14,SKU_1,Category_2,39,1694.8144802903494,0,93,5,1,2,28.0,25.0,25.857142857142858,0
2023-01-15,SKU_1,Category_2,17,1694.8144802903494,0,17,6,1,2,39.0,30.0,27.857142857142858,1
2023-01-16,SKU_1,Category_2,33,1694.8144802903494,0,87,0,1,3,17.0,33.0,26.0,0
2023-01-17,SKU_1,Category_2,15,1694.8144802903494,0,15,1,1,3,33.0,24.0,26.0,1
2023-01-18,SKU_1,Category_2,13,1694.8144802903494,0,13,2,1,3,15.0,28.0,24.714285714285715,1
2023-01-19,SKU_1,Category_2,29,1694.8144802903494,0,81,3,1,3,13.0,13.0,22.571428571428573,0
2023-01-20,SKU_1,Category_2,26,1694.8144802903494,0,71,4,1,3,29.0,28.0,24.857142857142858,0
2023-01-21,SKU_1,Category_2,26,1694.8144802903494,0,62,5,1,3,26.0,39.0,24.571428571428573,0
2023-01-22,SKU_1,Category_2,30,1694.8144802903494,0,98,6,1,3,26.0,17.0,22.714285714285715,0
2023-01-23,SKU_1,Category_2,20,1694.8144802903494,0,24,0,1,4,30.0,33.0,24.571428571428573,0
2023-01-24,SKU_1,Category_2,26,1694.8144802903494,0,98,1,1,4,20.0,15.0,22.714285714285715,0
2023-01-25,SKU_1,Category_2,35,1694.8144802903494,1,97,2,1,4,26.0,13.0,24.285714285714285,0
2023-01-26,SKU_1,Category_2,29,1694.8144802903494,0,90,3,1,4,35.0,29.0,27.428571428571427,0
2023-01-27,SKU_1,Category_2,28,1694.8144802903494,0,50,4,1,4,29.0,26.0,27.428571428571427,0
2023-01-28,SKU_1,Category_2,57,1694.8144802903494,1,82,5,1,4,28.0,26.0,27.714285714285715,0
2023-01-29,SKU_1,Category_2,31,1694.8144802903494,0,32,6,1,4,57.0,30.0,32.142857142857146,0
2023-01-30,SKU_1,Category_2,25,1694.8144802903494,0,46,0,1,5,31.0,20.0,32.285714285714285,0
2023-01-31,SKU_1,Category_2,30,1694.8144802903494,0,74,1,1,5,25.0,26.0,33.0,0
2023-02-01,SKU_1,Category_2,27,1694.8144802903494,0,56,2,2,5,30.0,35.0,33.57142857142857,0
2023-02-02,SKU_1,Category_2,23,1694.8144802903494,0,23,3,2,5,27.0,29.0,32.42857142857143,1
2023-02-03,SKU_1,Category_2,18,1694.8144802903494,0,18,4,2,5,23.0,28.0,31.571428571428573,1
2023-02-04,SKU_1,Category_2,33,1694.8144802903494,0,60,5,2,5,18.0,57.0,30.142857142857142,0
2023-02-05,SKU_1,Category_2,28,1694.8144802903494,0,61,6,2,5,33.0,31.0,26.714285714285715,0
2023-02-06,SKU_1,Category_2,22,1694.8144802903494,0,24,0,2,6,28.0,25.0,26.285714285714285,0
2023-02-07,SKU_1,Category_2,28,1694.8144802903494,0,45,1,2,6,22.0,30.0,25.857142857142858,0
2023-02-08,SKU_1,Category_2,37,1694.8144802903494,1,37,2,2,6,28.0,27.0,25.571428571428573,1
2023-02-09,SKU_1,Category_2,43,1694.8144802903494,1,54,3,2,6,37.0,23.0,27.0,0
2023-02-10,SKU_1,Category_2,25,1694.8144802903494,0,53,4,2,6,43.0,18.0,29.857142857142858,0
2023-02-11,SKU_1,Category_2,29,1694.8144802903494,0,71,5,2,6,25.0,33.0,30.857142857142858,0
2023-02-12,SKU_1,Category_2,30,1694.8144802903494,0,36,6,2,6,29.0,28.0,30.285714285714285,0
2023-02-13,SKU_1,Category_2,24,1694.8144802903494,0,86,0,2,7,30.0,22.0,30.571428571428573,0
2023-02-14,SKU_1,Category_2,18,1694.8144802903494,0,18,1,2,7,24.0,28.0,30.857142857142858,1
2023-02-15,SKU_1,Category_2,24,1694.8144802903494,0,60,2,2,7,18.0,37.0,29.428571428571427,0
2023-02-16,SKU_1,Category_2,22,1694.8144802903494,0,41,3,2,7,24.0,43.0,27.571428571428573,0
2023-02-17,SKU_1,Category_2,23,1694.8144802903494,0,61,4,2,7,22.0,25.0,24.571428571428573,0
2023-02-18,SKU_1,Category_2,33,1694.8144802903494,0,65,5,2,7,23.0,29.0,24.285714285714285,0
2023-02-19,SKU_1,Category_2,11,1694.8144802903494,0,11,6,2,7,33.0,30.0,24.857142857142858,1
2023-02-20,SKU_1,Category_2,11,1694.8144802903494,0,11,0,2,8,11.0,24.0,22.142857142857142,1
2023-02-21,SKU_1,Category_2,27,1694.8144802903494,0,99,1,2,8,11.0,18.0,20.285714285714285,0
2023-02-22,SKU_1,Category_2,42,1694.8144802903494,1,84,2,2,8,27.0,24.0,21.571428571428573,0
2023-02-23,SKU_1,Category_2,20,1694.8144802903494,0,26,3,2,8,42.0,22.0,24.142857142857142,0
2023-02-24,SKU_1,Category_2,33,1694.8144802903494,0,79,4,2,8,20.0,23.0,23.857142857142858,0
2023-02-25,SKU_1,Category_2,25,1694.8144802903494,0,25,5,2,8,33.0,33.0,25.285714285714285,1
2023-02-26,SKU_1,Category_2,12,1694.8144802903494,0,12,6,2,8,25.0,11.0,24.142857142857142,1
2023-02-27,SKU_1,Category_2,23,1694.8144802903494,0,68,0,2,9,12.0,11.0,24.285714285714285,0
2023-02-28,SKU_1,Category_2,29,1694.8144802903494,0,29,1,2,9,23.0,27.0,26.0,1
2023-03-01,SKU_1,Category_2,29,1694.8144802903494,0,61,2,3,9,29.0,42.0,26.285714285714285,0
2023-03-02,SKU_1,Category_2,10,1694.8144802903494,1,10,3,3,9,29.0,20.0,24.428571428571427,1
2023-03-03,SKU_1,Category_2,13,1694.8144802903494,0,66,4,3,9,10.0,33.0,23.0,0
2023-03-04,SKU_1,Category_2,37,1694.8144802903494,0,99,5,3,9,13.0,25.0,20.142857142857142,0
2023-03-05,SKU_1,Category_2,44,1694.8144802903494,1,69,6,3,9,37.0,12.0,21.857142857142858,0
2023-03-06,SKU_1,Category_2,18,1694.8144802903494,0,18,0,3,10,44.0,23.0,26.428571428571427,1
2023-03-07,SKU_1,Category_2,26,1694.8144802903494,0,28,1,3,10,18.0,29.0,25.714285714285715,0
2023-03-08,SKU_1,Category_2,29,1694.8144802903494,0,84,2,3,10,26.0,29.0,25.285714285714285,0
2023-03-09,SKU_1,Category_2,45,1694.8144802903494,1,45,3,3,10,29.0,10.0,25.285714285714285,1
2023-03-10,SKU_1,Category_2,27,1694.8144802903494,0,27,4,3,10,45.0,13.0,30.285714285714285,1
2023-03-11,SKU_1,Category_2,30,1694.8144802903494,0,91,5,3,10,27.0,37.0,32.285714285714285,0
2023-03-12,SKU_1,Category_2,34,1694.8144802903494,0,42,6,3,10,30.0,44.0,31.285714285714285,0
2023-03-13,SKU_1,Category_2,23,1694.8144802903494,0,23,0,3,11,34.0,18.0,29.857142857142858,1
2023-03-14,SKU_1,Category_2,16,1694.8144802903494,0,16,1,3,11,23.0,26.0,30.571428571428573,1
2023-03-15,SKU_1,Category_2,32,1694.8144802903494,0,42,2,3,11,16.0,29.0,29.142857142857142,0
2023-03-16,SKU_1,Category_2,31,1694.8144802903494,0,31,3,3,11,32.0,45.0,29.571428571428573,1
2023-03-17,SKU_1,Category_2,26,1694.8144802903494,0,47,4,3,11,31.0,27.0,27.571428571428573,0
2023-03-18,SKU_1,Category_2,36,1694.8144802903494,1,36,5,3,11,26.0,30.0,27.428571428571427,1
2023-03-19,SKU_1,Category_2,33,1694.8144802903494,0,39,6,3,11,36.0,34.0,28.285714285714285,0
2023-03-20,SKU_1,Category_2,30,1694.8144802903494,0,70,0,3,12,33.0,23.0,28.142857142857142,0
2023-03-21,SKU_1,Category_2,13,1694.8144802903494,0,13,1,3,12,30.0,16.0,29.142857142857142,1
2023-03-22,SKU_1,Category_2,20,1694.8144802903494,0,39,2,3,12,13.0,32.0,28.714285714285715,0
2023-03-23,SKU_1,Category_2,15,1694.8144802903494,1,15,3,3,12,20.0,31.0,27.0,1
2023-03-24,SKU_1,Category_2,28,1694.8144802903494,0,69,4,3,12,15.0,26.0,24.714285714285715,0
2023-03-25,SKU_1,Category_2,33,1694.8144802903494,0,72,5,3,12,28.0,36.0,25.0,0
2023-03-26,SKU_1,Category_2,30,1694.8144802903494,0,76,6,3,12,33.0,33.0,24.571428571428573,0
2023-03-27,SKU_1,Category_2,21,1694.8144802903494,0,34,0,3,13,30.0,30.0,24.142857142857142,0
2023-03-28,SKU_1,Category_2,20,1694.8144802903494,0,36,1,3,13,21.0,13.0,22.857142857142858,0
2023-03-29,SKU_1,Category_2,32,1694.8144802903494,0,99,2,3,13,20.0,20.0,23.857142857142858,0
2023-03-30,SKU_1,Category_2,31,1694.8144802903494,0,57,3,3,13,32.0,15.0,25.571428571428573,0
2023-03-31,SKU_1,Category_2,31,1694.8144802903494,0,51,4,3,13,31.0,28.0,27.857142857142858,0
2023-04-01,SKU_1,Category_2,22,1694.8144802903494,0,22,5,4,13,31.0,33.0,28.285714285714285,1
2023-04-02,SKU_1,Category_2,16,1694.8144802903494,0,16,6,4,13,22.0,30.0,26.714285714285715,1
2023-04-03,SKU_1,Category_2,25,1694.8144802903494,0,25,0,4,14,16.0,21.0,24.714285714285715,1
2023-04-04,SKU_1,Category_2,31,1694.8144802903494,0,96,1,4,14,25.0,20.0,25.285714285714285,0
2023-04-05,SKU_1,Category_2,18,1694.8144802903494,0,72,2,4,14,31.0,32.0,26.857142857142858,0
2023-04-06,SKU_1,Category_2,34,1694.8144802903494,0,34,3,4,14,18.0,31.0,24.857142857142858,1
2023-04-07,SKU_1,Category_2,23,1694.8144802903494,0,51,4,4,14,34.0,31.0,25.285714285714285,0
2023-04-08,SKU_1,Category_2,36,1694.8144802903494,0,63,5,4,14,23.0,22.0,24.142857142857142,0
2023-04-09,SKU_1,Category_2,38,1694.8144802903494,0,69,6,4,14,36.0,16.0,26.142857142857142,0
2023-04-10,SKU_1,Category_2,14,1694.8144802903494,0,14,0,4,15,38.0,25.0,29.285714285714285,1
2023-04-11,SKU_1,Category_2,24,1694.8144802903494,0,56,1,4,15,14.0,31.0,27.714285714285715,0
2023-04-12,SKU_1,Category_2,28,1694.8144802903494,0,49,2,4,15,24.0,18.0,26.714285714285715,0
2023-04-13,SKU_1,Category_2,26,1694.8144802903494,0,39,3,4,15,28.0,34.0,28.142857142857142,0
2023-04-14,SKU_1,Category_2,28,1694.8144802903494,0,72,4,4,15,26.0,23.0,27.0,0
2023-04-15,SKU_1,Category_2,29,1694.8144802903494,0,99,5,4,15,28.0,36.0,27.714285714285715,0
2023-04-16,SKU_1,Category_2,32,1694.8144802903494,1,32,6,4,15,29.0,38.0,26.714285714285715,1
2023-04-17,SKU_1,Category_2,10,1694.8144802903494,0,10,0,4,16,32.0,14.0,25.857142857142858,1
2023-04-18,SKU_1,Category_2,26,1694.8144802903494,0,57,1,4,16,10.0,24.0,25.285714285714285,0
2023-04-19,SKU_1,Category_2,26,1694.8144802903494,0,70,2,4,16,26.0,28.0,25.571428571428573,0
2023-04-20,SKU_1,Category_2,28,1694.8144802903494,0,72,3,4,16,26.0,26.0,25.285714285714285,0
2023-04-21,SKU_1,Category_2,20,1694.8144802903494,0,95,4,4,16,28.0,28.0,25.571428571428573,0
2023-04-22,SKU_1,Category_2,34,1694.8144802903494,0,87,5,4,16,20.0,29.0,24.428571428571427,0
2023-04-23,SKU_1,Category_2,32,1694.8144802903494,0,71,6,4,16,34.0,32.0,25.142857142857142,0
2023-04-24,SKU_1,Category_2,22,1694.8144802903494,0,85,0,4,17,32.0,10.0,25.142857142857142,0
2023-04-25,SKU_1,Category_2,29,1694.8144802903494,0,42,1,4,17,22.0,26.0,26.857142857142858,0
2023-04-26,SKU_1,Category_2,28,1694.8144802903494,0,32,2,4,17,29.0,26.0,27.285714285714285,0
2023-04-27,SKU_1,Category_2,26,1694.8144802903494,0,78,3,4,17,28.0,28.0,27.571428571428573,0
2023-04-28,SKU_1,Category_2,25,1694.8144802903494,0,25,4,4,17,26.0,20.0,27.285714285714285,1
2023-04-29,SKU_1,Category_2,32,1694.8144802903494,0,41,5,4,17,25.0,34.0,28.0,0
2023-04-30,SKU_1,Category_2,33,1694.8144802903494,1,33,6,4,17,32.0,32.0,27.714285714285715,1
2023-05-01,SKU_1,Category_2,20,1694.8144802903494,0,70,0,5,18,33.0,22.0,27.857142857142858,0
2023-05-02,SKU_1,Category_2,21,1694.8144802903494,0,21,1,5,18,20.0,29.0,27.571428571428573,1
2023-05-03,SKU_1,Category_2,27,1694.8144802903494,0,90,2,5,18,21.0,28.0,26.428571428571427,0
2023-05-04,SKU_1,Category_2,22,1694.8144802903494,0,35,3,5,18,27.0,26.0,26.285714285714285,0
2023-05-05,SKU_1,Category_2,16,1694.8144802903494,0,16,4,5,18,22.0,25.0,25.714285714285715,1
2023-05-06,SKU_1,Category_2,29,1694.8144802903494,0,84,5,5,18,16.0,32.0,24.428571428571427,0
2023-05-07,SKU_1,Category_2,37,1694.8144802903494,0,45,6,5,18,29.0,33.0,24.0,0
2023-05-08,SKU_1,Category_2,29,1694.8144802903494,0,82,0,5,19,37.0,20.0,24.571428571428573,0
2023-05-09,SKU_1,Category_2,34,1694.8144802903494,0,45,1,5,19,29.0,21.0,25.857142857142858,0
2023-05-10,SKU_1,Category_2,28,1694.8144802903494,0,33,2,5,19,34.0,27.0,27.714285714285715,0
2023-05-11,SKU_1,Category_2,18,1694.8144802903494,0,64,3,5,19,28.0,22.0,27.857142857142858,0
2023-05-12,SKU_1,Category_2,27,1694.8144802903494,0,98,4,5,19,18.0,16.0,27.285714285714285,0
2023-05-13,SKU_1,Category_2,36,1694.8144802903494,0,93,5,5,19,27.0,29.0,28.857142857142858,0
2023-05-14,SKU_1,Category_2,22,1694.8144802903494,0,95,6,5,19,36.0,37.0,29.857142857142858,0
2023-05-15,SKU_1,Category_2,27,1694.8144802903494,0,61,0,5,20,22.0,29.0,27.714285714285715,0
2023-05-16,SKU_1,Category_2,25,1694.8144802903494,0,25,1,5,20,27.0,34.0,27.428571428571427,1
2023-05-17,SKU_1,Category_2,20,1694.8144802903494,0,94,2,5,20,25.0,28.0,26.142857142857142,0
2023-05-18,SKU_1,Category_2,19,1694.8144802903494,0,32,3,5,20,20.0,18.0,25.0,0
2023-05-19,SKU_1,Category_2,35,1694.8144802903494,0,85,4,5,20,19.0,27.0,25.142857142857142,0
2023-05-20,SKU_1,Category_2,35,1694.8144802903494,0,67,5,5,20,35.0,36.0,26.285714285714285,0
2023-05-21,SKU_1,Category_2,31,1694.8144802903494,0,59,6,5,20,35.0,22.0,26.142857142857142,0
2023-05-22,SKU_1,Category_2,27,1694.8144802903494,0,75,0,5,21,31.0,27.0,27.428571428571427,0
2023-05-23,SKU_1,Category_2,18,1694.8144802903494,0,26,1,5,21,27.0,25.0,27.428571428571427,0
2023-05-24,SKU_1,Category_2,31,1694.8144802903494,1,98,2,5,21,18.0,20.0,26.428571428571427,0
2023-05-25,SKU_1,Category_2,28,1694.8144802903494,0,28,3,5,21,31.0,19.0,28.0,1
2023-05-26,SKU_1,Category_2,21,1694.8144802903494,0,63,4,5,21,28.0,35.0,29.285714285714285,0
2023-05-27,SKU_1,Category_2,29,1694.8144802903494,0,76,5,5,21,21.0,35.0,27.285714285714285,0
2023-05-28,SKU_1,Category_2,27,1694.8144802903494,0,67,6,5,21,29.0,31.0,26.428571428571427,0
2023-05-29,SKU_1,Category_2,29,1694.8144802903494,0,48,0,5,22,27.0,27.0,25.857142857142858,0
2023-05-30,SKU_1,Category_2,28,1694.8144802903494,0,86,1,5,22,29.0,18.0,26.142857142857142,0
2023-05-31,SKU_1,Category_2,23,1694.8144802903494,0,34,2,5,22,28.0,31.0,27.571428571428573,0
2023-06-01,SKU_1,Category_2,13,1694.8144802903494,0,47,3,6,22,23.0,28.0,26.428571428571427,0
2023-06-02,SKU_1,Category_2,16,1694.8144802903494,0,89,4,6,22,13.0,21.0,24.285714285714285,0
2023-06-03,SKU_1,Category_2,36,1694.8144802903494,0,84,5,6,22,16.0,29.0,23.571428571428573,0
2023-06-04,SKU_1,Category_2,54,1694.8144802903494,1,66,6,6,22,36.0,27.0,24.571428571428573,0
2023-06-05,SKU_1,Category_2,20,1694.8144802903494,0,58,0,6,23,54.0,29.0,28.428571428571427,0
2023-06-06,SKU_1,Category_2,12,1694.8144802903494,0,12,1,6,23,20.0,28.0,27.142857142857142,1
2023-06-07,SKU_1,Category_2,35,1694.8144802903494,1,66,2,6,23,12.0,23.0,24.857142857142858,0
2023-06-08,SKU_1,Category_2,17,1694.8144802903494,1,17,3,6,23,35.0,13.0,26.571428571428573,1
2023-06-09,SKU_1,Category_2,24,1694.8144802903494,0,45,4,6,23,17.0,16.0,27.142857142857142,0
2023-06-10,SKU_1,Category_2,38,1694.8144802903494,0,50,5,6,23,24.0,36.0,28.285714285714285,0
2023-06-11,SKU_1,Category_2,24,1694.8144802903494,0,36,6,6,23,38.0,54.0,28.571428571428573,0
2023-06-12,SKU_1,Category_2,16,1694.8144802903494,0,93,0,6,24,24.0,20.0,24.285714285714285,0
2023-06-13,SKU_1,Category_2,27,1694.8144802903494,0,38,1,6,24,16.0,12.0,23.714285714285715,0
2023-06-14,SKU_1,Category_2,34,1694.8144802903494,0,34,2,6,24,27.0,35.0,25.857142857142858,1
2023-06-15,SKU_1,Category_2,17,1694.8144802903494,0,65,3,6,24,34.0,17.0,25.714285714285715,0
2023-06-16,SKU_1,Category_2,19,1694.8144802903494,0,42,4,6,24,17.0,24.0,25.714285714285715,0
2023-06-17,SKU_1,Category_2,27,1694.8144802903494,0,27,5,6,24,19.0,38.0,25.0,1
2023-06-18,SKU_1,Category_2,52,1694.8144802903494,1,72,6,6,24,27.0,24.0,23.428571428571427,0
2023-06-19,SKU_1,Category_2,20,1694.8144802903494,0,68,0,6,25,52.0,16.0,27.428571428571427,0
2023-06-20,SKU_1,Category_2,10,1694.8144802903494,0,10,1,6,25,20.0,27.0,28.0,1
2023-06-21,SKU_1,Category_2,32,1694.8144802903494,0,64,2,6,25,10.0,34.0,25.571428571428573,0
2023-06-22,SKU_1,Category_2,26,1694.8144802903494,0,62,3,6,25,32.0,17.0,25.285714285714285,0
2023-06-23,SKU_1,Category_2,39,1694.8144802903494,1,83,4,6,25,26.0,19.0,26.571428571428573,0
2023-06-24,SKU_1,Category_2,10,1694.8144802903494,0,10,5,6,25,39.0,27.0,29.428571428571427,1
2023-06-25,SKU_1,Category_2,47,1694.8144802903494,1,86,6,6,25,10.0,52.0,27.0,0
2023-06-26,SKU_1,Category_2,27,1694.8144802903494,0,43,0,6,26,47.0,20.0,26.285714285714285,0
2023-06-27,SKU_1,Category_2,28,1694.8144802903494,0,81,1,6,26,27.0,10.0,27.285714285714285,0
2023-06-28,SKU_1,Category_2,8,1694.8144802903494,0,12,2,6,26,28.0,32.0,29.857142857142858,0
2023-06-29,SKU_1,Category_2,21,1694.8144802903494,0,21,3,6,26,8.0,26.0,26.428571428571427,1
2023-06-30,SKU_1,Category_2,28,1694.8144802903494,0,56,4,6,26,21.0,39.0,25.714285714285715,0
2023-07-01,SKU_1,Category_2,40,1694.8144802903494,0,94,5,7,26,28.0,10.0,24.142857142857142,0
2023-07-02,SKU_1,Category_2,34,1694.8144802903494,0,59,6,7,26,40.0,47.0,28.428571428571427,0
2023-07-03,SKU_1,Category_2,26,1694.8144802903494,0,39,0,7,27,34.0,27.0,26.571428571428573,0
2023-07-04,SKU_1,Category_2,27,1694.8144802903494,0,47,1,7,27,26.0,28.0,26.428571428571427,0
2023-07-05,SKU_1,Category_2,23,1694.8144802903494,0,88,2,7,27,27.0,8.0,26.285714285714285,0
2023-07-06,SKU_1,Category_2,14,1694.8144802903494,0,14,3,7,27,23.0,21.0,28.428571428571427,1
2023-07-07,SKU_1,Category_2,19,1694.8144802903494,0,19,4,7,27,14.0,28.0,27.428571428571427,1
2023-07-08,SKU_1,Category_2,42,1694.8144802903494,1,97,5,7,27,19.0,40.0,26.142857142857142,0
2023-07-09,SKU_1,Category_2,15,1694.8144802903494,0,15,6,7,27,42.0,34.0,26.428571428571427,1
2023-07-10,SKU_1,Category_2,31,1694.8144802903494,0,84,0,7,28,15.0,26.0,23.714285714285715,0
2023-07-11,SKU_1,Category_2,18,1694.8144802903494,0,32,1,7,28,31.0,27.0,24.428571428571427,0
2023-07-12,SKU_1,Category_2,20,1694.8144802903494,0,65,2,7,28,18.0,23.0,23.142857142857142,0
2023-07-13,SKU_1,Category_2,28,1694.8144802903494,0,76,3,7,28,20.0,14.0,22.714285714285715,0
2023-07-14,SKU_1,Category_2,26,1694.8144802903494,0,60,4,7,28,28.0,19.0,24.714285714285715,0
2023-07-15,SKU_1,Category_2,14,1694.8144802903494,0,14,5,7,28,26.0,42.0,25.714285714285715,1
2023-07-16,SKU_1,Category_2,32,1694.8144802903494,0,79,6,7,28,14.0,15.0,21.714285714285715,0
2023-07-17,SKU_1,Category_2,21,1694.8144802903494,0,21,0,7,29,32.0,31.0,24.142857142857142,1
2023-07-18,SKU_1,Category_2,26,1694.8144802903494,0,54,1,7,29,21.0,18.0,22.714285714285715,0
2023-07-19,SKU_1,Category_2,14,1694.8144802903494,0,35,2,7,29,26.0,20.0,23.857142857142858,0
2023-07-20,SKU_1,Category_2,22,1694.8144802903494,0,72,3,7,29,14.0,28.0,23.0,0
2023-07-21,SKU_1,Category_2,27,1694.8144802903494,0,90,4,7,29,22.0,26.0,22.142857142857142,0
2023-07-22,SKU_1,Category_2,36,1694.8144802903494,0,61,5,7,29,27.0,14.0,22.285714285714285,0
2023-07-23,SKU_1,Category_2,37,1694.8144802903494,0,65,6,7,29,36.0,32.0,25.428571428571427,0
2023-07-24,SKU_1,Category_2,18,1694.8144802903494,0,97,0,7,30,37.0,21.0,26.142857142857142,0
2023-07-25,SKU_1,Category_2,32,1694.8144802903494,0,35,1,7,30,18.0,26.0,25.714285714285715,0
2023-07-26,SKU_1,Category_2,30,1694.8144802903494,0,32,2,7,30,32.0,14.0,26.571428571428573,0
2023-07-27,SKU_1,Category_2,21,1694.8144802903494,0,27,3,7,30,30.0,22.0,28.857142857142858,0
2023-07-28,SKU_1,Category_2,17,1694.8144802903494,0,98,4,7,30,21.0,27.0,28.714285714285715,0
2023-07-29,SKU_1,Category_2,34,1694.8144802903494,0,37,5,7,30,17.0,36.0,27.285714285714285,0
2023-07-30,SKU_1,Category_2,28,1694.8144802903494,0,99,6,7,30,34.0,37.0,27.0,0
2023-07-31,SKU_1,Category_2,22,1694.8144802903494,0,34,0,7,31,28.0,18.0,25.714285714285715,0
2023-08-01,SKU_1,Category_2,34,1694.8144802903494,0,76,1,8,31,22.0,32.0,26.285714285714285,0
2023-08-02,SKU_1,Category_2,27,1694.8144802903494,0,27,2,8,31,34.0,30.0,26.571428571428573,1
2023-08-03,SKU_1,Category_2,17,1694.8144802903494,0,17,3,8,31,27.0,21.0,26.142857142857142,1
2023-08-04,SKU_1,Category_2,31,1694.8144802903494,0,92,4,8,31,17.0,17.0,25.571428571428573,0
2023-08-05,SKU_1,Category_2,37,1694.8144802903494,0,73,5,8,31,31.0,34.0,27.571428571428573,0
2023-08-06,SKU_1,Category_2,32,1694.8144802903494,0,65,6,8,31,37.0,28.0,28.0,0
2023-08-07,SKU_1,Category_2,28,1694.8144802903494,0,62,0,8,32,32.0,22.0,28.571428571428573,0
2023-08-08,SKU_1,Category_2,25,1694.8144802903494,0,79,1,8,32,28.0,34.0,29.428571428571427,0
2023-08-09,SKU_1,Category_2,31,1694.8144802903494,0,71,2,8,32,25.0,27.0,28.142857142857142,0
2023-08-10,SKU_1,Category_2,25,1694.8144802903494,0,33,3,8,32,31.0,17.0,28.714285714285715,0
2023-08-11,SKU_1,Category_2,26,1694.8144802903494,0,49,4,8,32,25.0,31.0,29.857142857142858,0
2023-08-12,SKU_1,Category_2,29,1694.8144802903494,0,33,5,8,32,26.0,37.0,29.142857142857142,0
2023-08-13,SKU_1,Category_2,13,1694.8144802903494,0,13,6,8,32,29.0,32.0,28.0,1
2023-08-14,SKU_1,Category_2,25,1694.8144802903494,0,60,0,8,33,13.0,28.0,25.285714285714285,0
2023-08-15,SKU_1,Category_2,27,1694.8144802903494,0,35,1,8,33,25.0,25.0,24.857142857142858,0
2023-08-16,SKU_1,Category_2,34,1694.8144802903494,0,53,2,8,33,27.0,31.0,25.142857142857142,0
2023-08-17,SKU_1,Category_2,21,1694.8144802903494,0,21,3,8,33,34.0,25.0,25.571428571428573,1
2023-08-18,SKU_1,Category_2,21,1694.8144802903494,0,99,4,8,33,21.0,26.0,25.0,0
2023-08-19,SKU_1,Category_2,33,1694.8144802903494,0,86,5,8,33,21.0,29.0,24.285714285714285,0
2023-08-20,SKU_1,Category_2,29,1694.8144802903494,0,42,6,8,33,33.0,13.0,24.857142857142858,0
2023-08-21,SKU_1,Category_2,19,1694.8144802903494,0,19,0,8,34,29.0,25.0,27.142857142857142,1
2023-08-22,SKU_1,Category_2,22,1694.8144802903494,1,22,1,8,34,19.0,27.0,26.285714285714285,1
2023-08-23,SKU_1,Category_2,37,1694.8144802903494,0,44,2,8,34,22.0,34.0,25.571428571428573,0
2023-08-24,SKU_1,Category_2,22,1694.8144802903494,0,58,3,8,34,37.0,21.0,26.0,0
2023-08-25,SKU_1,Category_2,23,1694.8144802903494,0,84,4,8,34,22.0,21.0,26.142857142857142,0
2023-08-26,SKU_1,Category_2,58,1694.8144802903494,1,85,5,8,34,23.0,33.0,26.428571428571427,0
2023-08-27,SKU_1,Category_2,34,1694.8144802903494,0,69,6,8,34,58.0,29.0,30.0,0
2023-08-28,SKU_1,Category_2,27,1694.8144802903494,0,81,0,8,35,34.0,19.0,30.714285714285715,0
2023-08-29,SKU_1,Category_2,29,1694.8144802903494,0,44,1,8,35,27.0,22.0,31.857142857142858,0
2023-08-30,SKU_1,Category_2,14,1694.8144802903494,0,14,2,8,35,29.0,37.0,32.857142857142854,1
2023-08-31,SKU_1,Category_2,29,1694.8144802903494,0,98,3,8,35,14.0,22.0,29.571428571428573,0
2023-09-01,SKU_1,Category_2,27,1694.8144802903494,0,98,4,9,35,29.0,23.0,30.571428571428573,0
2023-09-02,SKU_1,Category_2,41,1694.8144802903494,0,41,5,9,35,27.0,58.0,31.142857142857142,1
2023-09-03,SKU_1,Category_2,31,1694.8144802903494,0,47,6,9,35,41.0,34.0,28.714285714285715,0
2023-09-04,SKU_1,Category_2,26,1694.8144802903494,0,26,0,9,36,31.0,27.0,28.285714285714285,1
2023-09-05,SKU_1,Category_2,18,1694.8144802903494,0,75,1,9,36,26.0,29.0,28.142857142857142,0
2023-09-06,SKU_1,Category_2,27,1694.8144802903494,0,60,2,9,36,18.0,14.0,26.571428571428573,0
2023-09-07,SKU_1,Category_2,29,1694.8144802903494,0,76,3,9,36,27.0,29.0,28.428571428571427,0
2023-09-08,SKU_1,Category_2,21,1694.8144802903494,0,24,4,9,36,29.0,27.0,28.428571428571427,0
2023-09-09,SKU_1,Category_2,31,1694.8144802903494,0,42,5,9,36,21.0,41.0,27.571428571428573,0
2023-09-10,SKU_1,Category_2,34,1694.8144802903494,0,47,6,9,36,31.0,31.0,26.142857142857142,0
2023-09-11,SKU_1,Category_2,27,1694.8144802903494,0,36,0,9,37,34.0,26.0,26.571428571428573,0
2023-09-12,SKU_1,Category_2,19,1694.8144802903494,0,19,1,9,37,27.0,18.0,26.714285714285715,1
2023-09-13,SKU_1,Category_2,23,1694.8144802903494,0,83,2,9,37,19.0,27.0,26.857142857142858,0
2023-09-14,SKU_1,Category_2,14,1694.8144802903494,0,14,3,9,37,23.0,29.0,26.285714285714285,1
2023-09-15,SKU_1,Category_2,23,1694.8144802903494,0,77,4,9,37,14.0,21.0,24.142857142857142,0
2023-09-16,SKU_1,Category_2,38,1694.8144802903494,0,45,5,9,37,23.0,31.0,24.428571428571427,0
2023-09-17,SKU_1,Category_2,40,1694.8144802903494,0,52,6,9,37,38.0,34.0,25.428571428571427,0
2023-09-18,SKU_1,Category_2,20,1694.8144802903494,0,32,0,9,38,40.0,27.0,26.285714285714285,0
2023-09-19,SKU_1,Category_2,22,1694.8144802903494,0,55,1,9,38,20.0,19.0,25.285714285714285,0
2023-09-20,SKU_1,Category_2,24,1694.8144802903494,0,69,2,9,38,22.0,23.0,25.714285714285715,0
2023-09-21,SKU_1,Category_2,23,1694.8144802903494,0,77,3,9,38,24.0,14.0,25.857142857142858,0
2023-09-22,SKU_1,Category_2,18,1694.8144802903494,0,18,4,9,38,23.0,23.0,27.142857142857142,1
2023-09-23,SKU_1,Category_2,38,1694.8144802903494,0,38,5,9,38,18.0,38.0,26.428571428571427,1
2023-09-24,SKU_1,Category_2,32,1694.8144802903494,0,99,6,9,38,38.0,40.0,26.428571428571427,0
2023-09-25,SKU_1,Category_2,23,1694.8144802903494,0,63,0,9,39,32.0,20.0,25.285714285714285,0
2023-09-26,SKU_1,Category_2,19,1694.8144802903494,0,49,1,9,39,23.0,22.0,25.714285714285715,0
2023-09-27,SKU_1,Category_2,20,1694.8144802903494,0,56,2,9,39,19.0,24.0,25.285714285714285,0
2023-09-28,SKU_1,Category_2,31,1694.8144802903494,0,35,3,9,39,20.0,23.0,24.714285714285715,0
2023-09-29,SKU_1,Category_2,23,1694.8144802903494,0,72,4,9,39,31.0,18.0,25.857142857142858,0
2023-09-30,SKU_1,Category_2,26,1694.8144802903494,0,26,5,9,39,23.0,38.0,26.571428571428573,1
2023-10-01,SKU_1,Category_2,19,1694.8144802903494,0,68,6,10,39,26.0,32.0,24.857142857142858,0
2023-10-02,SKU_1,Category_2,24,1694.8144802903494,0,80,0,10,40,19.0,23.0,23.0,0
2023-10-03,SKU_1,Category_2,24,1694.8144802903494,0,97,1,10,40,24.0,19.0,23.142857142857142,0
2023-10-04,SKU_1,Category_2,22,1694.8144802903494,0,35,2,10,40,24.0,20.0,23.857142857142858,0
2023-10-05,SKU_1,Category_2,30,1694.8144802903494,0,94,3,10,40,22.0,31.0,24.142857142857142,0
2023-10-06,SKU_1,Category_2,25,1694.8144802903494,0,29,4,10,40,30.0,23.0,24.0,0
2023-10-07,SKU_1,Category_2,35,1694.8144802903494,0,72,5,10,40,25.0,26.0,24.285714285714285,0
2023-10-08,SKU_1,Category_2,22,1694.8144802903494,1,22,6,10,40,35.0,19.0,25.571428571428573,1
2023-10-09,SKU_1,Category_2,26,1694.8144802903494,0,60,0,10,41,22.0,24.0,26.0,0
2023-10-10,SKU_1,Category_2,25,1694.8144802903494,0,38,1,10,41,26.0,24.0,26.285714285714285,0
2023-10-11,SKU_1,Category_2,26,1694.8144802903494,0,39,2,10,41,25.0,22.0,26.428571428571427,0
2023-10-12,SKU_1,Category_2,17,1694.8144802903494,0,56,3,10,41,26.0,30.0,27.0,0
2023-10-13,SKU_1,Category_2,29,1694.8144802903494,0,47,4,10,41,17.0,25.0,25.142857142857142,0
2023-10-14,SKU_1,Category_2,32,1694.8144802903494,0,64,5,10,41,29.0,35.0,25.714285714285715,0
2023-10-15,SKU_1,Category_2,41,1694.8144802903494,1,41,6,10,41,32.0,22.0,25.285714285714285,1
2023-10-16,SKU_1,Category_2,26,1694.8144802903494,0,96,0,10,42,41.0,26.0,28.0,0
2023-10-17,SKU_1,Category_2,41,1694.8144802903494,1,41,1,10,42,26.0,25.0,28.0,1
2023-10-18,SKU_1,Category_2,25,1694.8144802903494,0,76,2,10,42,41.0,26.0,30.285714285714285,0
2023-10-19,SKU_1,Category_2,26,1694.8144802903494,0,68,3,10,42,25.0,17.0,30.142857142857142,0
2023-10-20,SKU_1,Category_2,17,1694.8144802903494,0,76,4,10,42,26.0,29.0,31.428571428571427,0
2023-10-21,SKU_1,Category_2,17,1694.8144802903494,0,17,5,10,42,17.0,32.0,29.714285714285715,1
2023-10-22,SKU_1,Category_2,37,1694.8144802903494,0,55,6,10,42,17.0,41.0,27.571428571428573,0
2023-10-23,SKU_1,Category_2,21,1694.8144802903494,0,77,0,10,43,37.0,26.0,27.0,0
2023-10-24,SKU_1,Category_2,37,1694.8144802903494,1,64,1,10,43,21.0,41.0,26.285714285714285,0
2023-10-25,SKU_1,Category_2,16,1694.8144802903494,0,16,2,10,43,37.0,25.0,25.714285714285715,1
2023-10-26,SKU_1,Category_2,28,1694.8144802903494,0,28,3,10,43,16.0,26.0,24.428571428571427,1
2023-10-27,SKU_1,Category_2,28,1694.8144802903494,0,69,4,10,43,28.0,17.0,24.714285714285715,0
2023-10-28,SKU_1,Category_2,20,1694.8144802903494,0,20,5,10,43,28.0,17.0,26.285714285714285,1
2023-10-29,SKU_1,Category_2,11,1694.8144802903494,0,11,6,10,43,20.0,37.0,26.714285714285715,1
2023-10-30,SKU_1,Category_2,18,1694.8144802903494,0,18,0,10,44,11.0,21.0,23.0,1
2023-10-31,SKU_1,Category_2,22,1694.8144802903494,0,53,1,10,44,18.0,37.0,22.571428571428573,0
2023-11-01,SKU_1,Category_2,26,1694.8144802903494,0,68,2,11,44,22.0,16.0,20.428571428571427,0
2023-11-02,SKU_1,Category_2,21,1694.8144802903494,0,90,3,11,44,26.0,28.0,21.857142857142858,0
2023-11-03,SKU_1,Category_2,34,1694.8144802903494,0,75,4,11,44,21.0,28.0,20.857142857142858,0
2023-11-04,SKU_1,Category_2,34,1694.8144802903494,0,82,5,11,44,34.0,20.0,21.714285714285715,0
2023-11-05,SKU_1,Category_2,27,1694.8144802903494,0,96,6,11,44,34.0,11.0,23.714285714285715,0
2023-11-06,SKU_1,Category_2,26,1694.8144802903494,0,79,0,11,45,27.0,18.0,26.0,0
2023-11-07,SKU_1,Category_2,39,1694.8144802903494,1,47,1,11,45,26.0,22.0,27.142857142857142,0
2023-11-08,SKU_1,Category_2,21,1694.8144802903494,0,46,2,11,45,39.0,26.0,29.571428571428573,0
2023-11-09,SKU_1,Category_2,23,1694.8144802903494,0,95,3,11,45,21.0,21.0,28.857142857142858,0
2023-11-10,SKU_1,Category_2,28,1694.8144802903494,0,66,4,11,45,23.0,34.0,29.142857142857142,0
2023-11-11,SKU_1,Category_2,29,1694.8144802903494,0,62,5,11,45,28.0,34.0,28.285714285714285,0
2023-11-12,SKU_1,Category_2,38,1694.8144802903494,0,54,6,11,45,29.0,27.0,27.571428571428573,0
2023-11-13,SKU_1,Category_2,33,1694.8144802903494,0,55,0,11,46,38.0,26.0,29.142857142857142,0
2023-11-14,SKU_1,Category_2,23,1694.8144802903494,0,63,1,11,46,33.0,39.0,30.142857142857142,0
2023-11-15,SKU_1,Category_2,26,1694.8144802903494,0,35,2,11,46,23.0,21.0,27.857142857142858,0
2023-11-16,SKU_1,Category_2,20,1694.8144802903494,0,20,3,11,46,26.0,23.0,28.571428571428573,1
2023-11-17,SKU_1,Category_2,32,1694.8144802903494,0,48,4,11,46,20.0,28.0,28.142857142857142,0
2023-11-18,SKU_1,Category_2,29,1694.8144802903494,0,63,5,11,46,32.0,29.0,28.714285714285715,0
2023-11-19,SKU_1,Category_2,36,1694.8144802903494,0,78,6,11,46,29.0,38.0,28.714285714285715,0
2023-11-20,SKU_1,Category_2,26,1694.8144802903494,0,45,0,11,47,36.0,33.0,28.428571428571427,0
2023-11-21,SKU_1,Category_2,27,1694.8144802903494,0,90,1,11,47,26.0,23.0,27.428571428571427,0
2023-11-22,SKU_1,Category_2,24,1694.8144802903494,0,82,2,11,47,27.0,26.0,28.0,0
2023-11-23,SKU_1,Category_2,25,1694.8144802903494,0,52,3,11,47,24.0,20.0,27.714285714285715,0
2023-11-24,SKU_1,Category_2,34,1694.8144802903494,0,34,4,11,47,25.0,32.0,28.428571428571427,1
2023-11-25,SKU_1,Category_2,36,1694.8144802903494,0,53,5,11,47,34.0,29.0,28.714285714285715,0
2023-11-26,SKU_1,Category_2,21,1694.8144802903494,1,21,6,11,47,36.0,36.0,29.714285714285715,1
2023-11-27,SKU_1,Category_2,19,1694.8144802903494,0,71,0,11,48,21.0,26.0,27.571428571428573,0
2023-11-28,SKU_1,Category_2,37,1694.8144802903494,1,92,1,11,48,19.0,27.0,26.571428571428573,0
2023-11-29,SKU_1,Category_2,28,1694.8144802903494,0,89,2,11,48,37.0,24.0,28.0,0
2023-11-30,SKU_1,Category_2,31,1694.8144802903494,0,34,3,11,48,28.0,25.0,28.571428571428573,0
2023-12-01,SKU_1,Category_2,35,1694.8144802903494,1,35,4,12,48,31.0,34.0,29.428571428571427,1
2023-12-02,SKU_1,Category_2,19,1694.8144802903494,0,19,5,12,48,35.0,36.0,29.571428571428573,1
2023-12-03,SKU_1,Category_2,24,1694.8144802903494,0,88,6,12,48,19.0,21.0,27.142857142857142,0
2023-12-04,SKU_1,Category_2,18,1694.8144802903494,0,18,0,12,49,24.0,19.0,27.571428571428573,1
2023-12-05,SKU_1,Category_2,25,1694.8144802903494,0,91,1,12,49,18.0,37.0,27.428571428571427,0
2023-12-06,SKU_1,Category_2,21,1694.8144802903494,0,48,2,12,49,25.0,28.0,25.714285714285715,0
2023-12-07,SKU_1,Category_2,23,1694.8144802903494,0,23,3,12,49,21.0,31.0,24.714285714285715,1
2023-12-08,SKU_1,Category_2,27,1694.8144802903494,0,69,4,12,49,23.0,35.0,23.571428571428573,0
2023-12-09,SKU_1,Category_2,34,1694.8144802903494,0,99,5,12,49,27.0,19.0,22.428571428571427,0
2023-12-10,SKU_1,Category_2,38,1694.8144802903494,0,48,6,12,49,34.0,24.0,24.571428571428573,0
2023-12-11,SKU_1,Category_2,33,1694.8144802903494,0,34,0,12,50,38.0,18.0,26.571428571428573,0
2023-12-12,SKU_1,Category_2,26,1694.8144802903494,0,42,1,12,50,33.0,25.0,28.714285714285715,0
2023-12-13,SKU_1,Category_2,19,1694.8144802903494,0,64,2,12,50,26.0,21.0,28.857142857142858,0
2023-12-14,SKU_1,Category_2,28,1694.8144802903494,0,43,3,12,50,19.0,23.0,28.571428571428573,0
2023-12-15,SKU_1,Category_2,26,1694.8144802903494,0,41,4,12,50,28.0,27.0,29.285714285714285,0
2023-12-16,SKU_1,Category_2,48,1694.8144802903494,1,48,5,12,50,26.0,34.0,29.142857142857142,1
2023-12-17,SKU_1,Category_2,25,1694.8144802903494,0,25,6,12,50,48.0,38.0,31.142857142857142,1
2023-12-18,SKU_1,Category_2,19,1694.8144802903494,0,19,0,12,51,25.0,33.0,29.285714285714285,1
2023-12-19,SKU_1,Category_2,27,1694.8144802903494,0,74,1,12,51,19.0,26.0,27.285714285714285,0
2023-12-20,SKU_1,Category_2,12,1694.8144802903494,0,12,2,12,51,27.0,19.0,27.428571428571427,1
2023-12-21,SKU_1,Category_2,27,1694.8144802903494,0,27,3,12,51,12.0,28.0,26.428571428571427,1
2023-12-22,SKU_1,Category_2,23,1694.8144802903494,0,34,4,12,51,27.0,26.0,26.285714285714285,0
2023-12-23,SKU_1,Category_2,32,1694.8144802903494,0,77,5,12,51,23.0,48.0,25.857142857142858,0
2023-12-24,SKU_1,Category_2,29,1694.8144802903494,0,46,6,12,51,32.0,25.0,23.571428571428573,0
2023-12-25,SKU_1,Category_2,25,1694.8144802903494,0,65,0,12,52,29.0,19.0,24.142857142857142,0
2023-12-26,SKU_1,Category_2,21,1694.8144802903494,0,97,1,12,52,25.0,27.0,25.0,0
2023-12-27,SKU_1,Category_2,20,1694.8144802903494,0,61,2,12,52,21.0,12.0,24.142857142857142,0
2023-12-28,SKU_1,Category_2,27,1694.8144802903494,0,81,3,12,52,20.0,27.0,25.285714285714285,0
2023-12-29,SKU_1,Category_2,44,1694.8144802903494,1,83,4,12,52,27.0,23.0,25.285714285714285,0
2023-12-30,SKU_1,Category_2,41,1694.8144802903494,0,66,5,12,52,44.0,32.0,28.285714285714285,0
2023-12-31,SKU_1,Category_2,15,1694.8144802903494,0,15,6,12,52,41.0,29.0,29.571428571428573,1
2023-01-08,SKU_10,Category_1,20,832.4709719263387,0,90,6,1,1,28.0,27.0,20.428571428571427,0
2023-01-09,SKU_10,Category_1,18,832.4709719263387,1,18,0,1,2,20.0,22.0,19.428571428571427,1
2023-01-10,SKU_10,Category_1,22,832.4709719263387,0,29,1,1,2,18.0,18.0,18.857142857142858,0
2023-01-11,SKU_10,Category_1,25,832.4709719263387,0,36,2,1,2,22.0,15.0,19.428571428571427,0
2023-01-12,SKU_10,Category_1,24,832.4709719263387,0,41,3,1,2,25.0,15.0,20.857142857142858,0
2023-01-13,SKU_10,Category_1,29,832.4709719263387,0,39,4,1,2,24.0,18.0,22.142857142857142,0
2023-01-14,SKU_10,Category_1,24,832.4709719263387,0,74,5,1,2,29.0,28.0,23.714285714285715,0
2023-01-15,SKU_10,Category_1,26,832.4709719263387,0,33,6,1,2,24.0,20.0,23.142857142857142,0
2023-01-16,SKU_10,Category_1,25,832.4709719263387,0,83,0,1,3,26.0,18.0,24.0,0
2023-01-17,SKU_10,Category_1,16,832.4709719263387,0,16,1,1,3,25.0,22.0,25.0,1
2023-01-18,SKU_10,Category_1,22,832.4709719263387,0,45,2,1,3,16.0,25.0,24.142857142857142,0
2023-01-19,SKU_10,Category_1,23,832.4709719263387,0,91,3,1,3,22.0,24.0,23.714285714285715,0
2023-01-20,SKU_10,Category_1,25,832.4709719263387,0,76,4,1,3,23.0,29.0,23.571428571428573,0
2023-01-21,SKU_10,Category_1,36,832.4709719263387,0,88,5,1,3,25.0,24.0,23.0,0
2023-01-22,SKU_10,Category_1,25,832.4709719263387,0,25,6,1,3,36.0,26.0,24.714285714285715,1
2023-01-23,SKU_10,Category_1,38,832.4709719263387,1,38,0,1,4,25.0,25.0,24.571428571428573,1
2023-01-24,SKU_10,Category_1,25,832.4709719263387,0,25,1,1,4,38.0,16.0,26.428571428571427,1
2023-01-25,SKU_10,Category_1,11,832.4709719263387,0,11,2,1,4,25.0,22.0,27.714285714285715,1
2023-01-26,SKU_10,Category_1,26,832.4709719263387,0,41,3,1,4,11.0,23.0,26.142857142857142,0
2023-01-27,SKU_10,Category_1,28,832.4709719263387,1,88,4,1,4,26.0,25.0,26.571428571428573,0
2023-01-28,SKU_10,Category_1,48,832.4709719263387,1,85,5,1,4,28.0,36.0,27.0,0
2023-01-29,SKU_10,Category_1,23,832.4709719263387,0,90,6,1,4,48.0,25.0,28.714285714285715,0
2023-01-30,SKU_10,Category_1,30,832.4709719263387,0,55,0,1,5,23.0,38.0,28.428571428571427,0
2023-01-31,SKU_10,Category_1,23,832.4709719263387,0,47,1,1,5,30.0,25.0,27.285714285714285,0
2023-02-01,SKU_10,Category_1,11,832.4709719263387,0,79,2,2,5,23.0,11.0,27.0,0
2023-02-02,SKU_10,Category_1,20,832.4709719263387,0,42,3,2,5,11.0,26.0,27.0,0
2023-02-03,SKU_10,Category_1,26,832.4709719263387,0,46,4,2,5,20.0,28.0,26.142857142857142,0
2023-02-04,SKU_10,Category_1,35,832.4709719263387,0,86,5,2,5,26.0,48.0,25.857142857142858,0
2023-02-05,SKU_10,Category_1,25,832.4709719263387,0,66,6,2,5,35.0,23.0,24.0,0
2023-02-06,SKU_10,Category_1,25,832.4709719263387,0,41,0,2,6,25.0,30.0,24.285714285714285,0
2023-02-07,SKU_10,Category_1,21,832.4709719263387,0,67,1,2,6,25.0,23.0,23.571428571428573,0
2023-02-08,SKU_10,Category_1,13,832.4709719263387,0,97,2,2,6,21.0,11.0,23.285714285714285,0
2023-02-09,SKU_10,Category_1,30,832.4709719263387,0,95,3,2,6,13.0,20.0,23.571428571428573,0
2023-02-10,SKU_10,Category_1,23,832.4709719263387,1,49,4,2,6,30.0,26.0,25.0,0
2023-02-11,SKU_10,Category_1,21,832.4709719263387,0,48,5,2,6,23.0,35.0,24.571428571428573,0
2023-02-12,SKU_10,Category_1,24,832.4709719263387,0,96,6,2,6,21.0,25.0,22.571428571428573,0
2023-02-13,SKU_10,Category_1,25,832.4709719263387,0,61,0,2,7,24.0,25.0,22.428571428571427,0
2023-02-14,SKU_10,Category_1,25,832.4709719263387,0,67,1,2,7,25.0,21.0,22.428571428571427,0
2023-02-15,SKU_10,Category_1,24,832.4709719263387,0,45,2,2,7,25.0,13.0,23.0,0
2023-02-16,SKU_10,Category_1,20,832.4709719263387,0,87,3,2,7,24.0,30.0,24.571428571428573,0
2023-02-17,SKU_10,Category_1,26,832.4709719263387,0,76,4,2,7,20.0,23.0,23.142857142857142,0
2023-02-18,SKU_10,Category_1,29,832.4709719263387,0,63,5,2,7,26.0,21.0,23.571428571428573,0
2023-02-19,SKU_10,Category_1,19,832.4709719263387,0,32,6,2,7,29.0,24.0,24.714285714285715,0
2023-02-20,SKU_10,Category_1,38,832.4709719263387,1,47,0,2,8,19.0,25.0,24.0,0
2023-02-21,SKU_10,Category_1,16,832.4709719263387,0,87,1,2,8,38.0,25.0,25.857142857142858,0
2023-02-22,SKU_10,Category_1,21,832.4709719263387,0,26,2,2,8,16.0,24.0,24.571428571428573,0
2023-02-23,SKU_10,Category_1,20,832.4709719263387,0,86,3,2,8,21.0,20.0,24.142857142857142,0
2023-02-24,SKU_10,Category_1,24,832.4709719263387,0,49,4,2,8,20.0,26.0,24.142857142857142,0
2023-02-25,SKU_10,Category_1,22,832.4709719263387,0,25,5,2,8,24.0,29.0,23.857142857142858,0
2023-02-26,SKU_10,Category_1,10,832.4709719263387,0,10,6,2,8,22.0,19.0,22.857142857142858,1
2023-02-27,SKU_10,Category_1,20,832.4709719263387,0,32,0,2,9,10.0,38.0,21.571428571428573,0
2023-02-28,SKU_10,Category_1,31,832.4709719263387,1,96,1,2,9,20.0,16.0,19.0,0
2023-03-01,SKU_10,Category_1,32,832.4709719263387,0,48,2,3,9,31.0,21.0,21.142857142857142,0
2023-03-02,SKU_10,Category_1,20,832.4709719263387,0,87,3,3,9,32.0,20.0,22.714285714285715,0
2023-03-03,SKU_10,Category_1,26,832.4709719263387,1,88,4,3,9,20.0,24.0,22.714285714285715,0
2023-03-04,SKU_10,Category_1,33,832.4709719263387,0,77,5,3,9,26.0,22.0,23.0,0
2023-03-05,SKU_10,Category_1,14,832.4709719263387,0,35,6,3,9,33.0,10.0,24.571428571428573,0
2023-03-06,SKU_10,Category_1,24,832.4709719263387,0,35,0,3,10,14.0,20.0,25.142857142857142,0
2023-03-07,SKU_10,Category_1,19,832.4709719263387,0,83,1,3,10,24.0,31.0,25.714285714285715,0
2023-03-08,SKU_10,Category_1,16,832.4709719263387,0,46,2,3,10,19.0,32.0,24.0,0
2023-03-09,SKU_10,Category_1,24,832.4709719263387,0,33,3,3,10,16.0,20.0,21.714285714285715,0
2023-03-10,SKU_10,Category_1,23,832.4709719263387,0,37,4,3,10,24.0,26.0,22.285714285714285,0
2023-03-11,SKU_10,Category_1,22,832.4709719263387,0,55,5,3,10,23.0,33.0,21.857142857142858,0
2023-03-12,SKU_10,Category_1,30,832.4709719263387,0,84,6,3,10,22.0,14.0,20.285714285714285,0
2023-03-13,SKU_10,Category_1,25,832.4709719263387,0,44,0,3,11,30.0,24.0,22.571428571428573,0
2023-03-14,SKU_10,Category_1,24,832.4709719263387,0,95,1,3,11,25.0,19.0,22.714285714285715,0
2023-03-15,SKU_10,Category_1,25,832.4709719263387,1,93,2,3,11,24.0,16.0,23.428571428571427,0
2023-03-16,SKU_10,Category_1,28,832.4709719263387,0,63,3,3,11,25.0,24.0,24.714285714285715,0
2023-03-17,SKU_10,Category_1,33,832.4709719263387,1,41,4,3,11,28.0,23.0,25.285714285714285,0
2023-03-18,SKU_10,Category_1,33,832.4709719263387,0,56,5,3,11,33.0,22.0,26.714285714285715,0
2023-03-19,SKU_10,Category_1,26,832.4709719263387,0,26,6,3,11,33.0,30.0,28.285714285714285,1
2023-03-20,SKU_10,Category_1,28,832.4709719263387,0,38,0,3,12,26.0,25.0,27.714285714285715,0
2023-03-21,SKU_10,Category_1,31,832.4709719263387,1,66,1,3,12,28.0,24.0,28.142857142857142,0
2023-03-22,SKU_10,Category_1,34,832.4709719263387,1,70,2,3,12,31.0,25.0,29.142857142857142,0
2023-03-23,SKU_10,Category_1,14,832.4709719263387,0,46,3,3,12,34.0,28.0,30.428571428571427,0
2023-03-24,SKU_10,Category_1,27,832.4709719263387,1,36,4,3,12,14.0,33.0,28.428571428571427,0
2023-03-25,SKU_10,Category_1,34,832.4709719263387,0,57,5,3,12,27.0,33.0,27.571428571428573,0
2023-03-26,SKU_10,Category_1,31,832.4709719263387,0,31,6,3,12,34.0,26.0,27.714285714285715,1
2023-03-27,SKU_10,Category_1,20,832.4709719263387,0,20,0,3,13,31.0,28.0,28.428571428571427,1
2023-03-28,SKU_10,Category_1,24,832.4709719263387,0,65,1,3,13,20.0,31.0,27.285714285714285,0
2023-03-29,SKU_10,Category_1,20,832.4709719263387,0,35,2,3,13,24.0,34.0,26.285714285714285,0
2023-03-30,SKU_10,Category_1,17,832.4709719263387,0,17,3,3,13,20.0,14.0,24.285714285714285,1
2023-03-31,SKU_10,Category_1,16,832.4709719263387,0,85,4,3,13,17.0,27.0,24.714285714285715,0
2023-04-01,SKU_10,Category_1,31,832.4709719263387,0,31,5,4,13,16.0,34.0,23.142857142857142,1
2023-04-02,SKU_10,Category_1,11,832.4709719263387,0,11,6,4,13,31.0,31.0,22.714285714285715,1
2023-04-03,SKU_10,Category_1,22,832.4709719263387,0,35,0,4,14,11.0,20.0,19.857142857142858,0
2023-04-04,SKU_10,Category_1,20,832.4709719263387,0,39,1,4,14,22.0,24.0,20.142857142857142,0
2023-04-05,SKU_10,Category_1,25,832.4709719263387,0,47,2,4,14,20.0,20.0,19.571428571428573,0
2023-04-06,SKU_10,Category_1,31,832.4709719263387,1,99,3,4,14,25.0,17.0,20.285714285714285,0
2023-04-07,SKU_10,Category_1,19,832.4709719263387,0,52,4,4,14,31.0,16.0,22.285714285714285,0
2023-04-08,SKU_10,Category_1,14,832.4709719263387,0,14,5,4,14,19.0,31.0,22.714285714285715,1
2023-04-09,SKU_10,Category_1,29,832.4709719263387,0,29,6,4,14,14.0,11.0,20.285714285714285,1
2023-04-10,SKU_10,Category_1,8,832.4709719263387,0,63,0,4,15,29.0,22.0,22.857142857142858,0
2023-04-11,SKU_10,Category_1,16,832.4709719263387,0,26,1,4,15,8.0,20.0,20.857142857142858,0
2023-04-12,SKU_10,Category_1,18,832.4709719263387,0,59,2,4,15,16.0,25.0,20.285714285714285,0
2023-04-13,SKU_10,Category_1,23,832.4709719263387,0,88,3,4,15,18.0,31.0,19.285714285714285,0
2023-04-14,SKU_10,Category_1,24,832.4709719263387,0,29,4,4,15,23.0,19.0,18.142857142857142,0
2023-04-15,SKU_10,Category_1,26,832.4709719263387,0,56,5,4,15,24.0,14.0,18.857142857142858,0
2023-04-16,SKU_10,Category_1,27,832.4709719263387,0,64,6,4,15,26.0,29.0,20.571428571428573,0
2023-04-17,SKU_10,Category_1,18,832.4709719263387,0,43,0,4,16,27.0,8.0,20.285714285714285,0
2023-04-18,SKU_10,Category_1,28,832.4709719263387,0,88,1,4,16,18.0,16.0,21.714285714285715,0
2023-04-19,SKU_10,Category_1,23,832.4709719263387,0,23,2,4,16,28.0,18.0,23.428571428571427,1
2023-04-20,SKU_10,Category_1,22,832.4709719263387,0,29,3,4,16,23.0,23.0,24.142857142857142,0
2023-04-21,SKU_10,Category_1,21,832.4709719263387,0,90,4,4,16,22.0,24.0,24.0,0
2023-04-22,SKU_10,Category_1,23,832.4709719263387,0,82,5,4,16,21.0,26.0,23.571428571428573,0
2023-04-23,SKU_10,Category_1,36,832.4709719263387,1,61,6,4,16,23.0,27.0,23.142857142857142,0
2023-04-24,SKU_10,Category_1,29,832.4709719263387,0,58,0,4,17,36.0,18.0,24.428571428571427,0
2023-04-25,SKU_10,Category_1,25,832.4709719263387,0,91,1,4,17,29.0,28.0,26.0,0
2023-04-26,SKU_10,Category_1,33,832.4709719263387,1,66,2,4,17,25.0,23.0,25.571428571428573,0
2023-04-27,SKU_10,Category_1,22,832.4709719263387,0,29,3,4,17,33.0,22.0,27.0,0
2023-04-28,SKU_10,Category_1,22,832.4709719263387,0,76,4,4,17,22.0,21.0,27.0,0
2023-04-29,SKU_10,Category_1,20,832.4709719263387,0,55,5,4,17,22.0,23.0,27.142857142857142,0
2023-04-30,SKU_10,Category_1,24,832.4709719263387,0,48,6,4,17,20.0,36.0,26.714285714285715,0
2023-05-01,SKU_10,Category_1,21,832.4709719263387,0,79,0,5,18,24.0,29.0,25.0,0
2023-05-02,SKU_10,Category_1,28,832.4709719263387,1,91,1,5,18,21.0,25.0,23.857142857142858,0
2023-05-03,SKU_10,Category_1,31,832.4709719263387,0,50,2,5,18,28.0,33.0,24.285714285714285,0
2023-05-04,SKU_10,Category_1,21,832.4709719263387,0,66,3,5,18,31.0,22.0,24.0,0
2023-05-05,SKU_10,Category_1,16,832.4709719263387,0,93,4,5,18,21.0,22.0,23.857142857142858,0
2023-05-06,SKU_10,Category_1,27,832.4709719263387,0,86,5,5,18,16.0,20.0,23.0,0
2023-05-07,SKU_10,Category_1,26,832.4709719263387,0,64,6,5,18,27.0,24.0,24.0,0
2023-05-08,SKU_10,Category_1,18,832.4709719263387,0,41,0,5,19,26.0,21.0,24.285714285714285,0
2023-05-09,SKU_10,Category_1,21,832.4709719263387,0,36,1,5,19,18.0,28.0,23.857142857142858,0
2023-05-10,SKU_10,Category_1,21,832.4709719263387,0,48,2,5,19,21.0,31.0,22.857142857142858,0
2023-05-11,SKU_10,Category_1,28,832.4709719263387,0,47,3,5,19,21.0,21.0,21.428571428571427,0
2023-05-12,SKU_10,Category_1,25,832.4709719263387,0,25,4,5,19,28.0,16.0,22.428571428571427,1
2023-05-13,SKU_10,Category_1,24,832.4709719263387,0,25,5,5,19,25.0,27.0,23.714285714285715,0
2023-05-14,SKU_10,Category_1,27,832.4709719263387,0,91,6,5,19,24.0,26.0,23.285714285714285,0
2023-05-15,SKU_10,Category_1,16,832.4709719263387,0,57,0,5,20,27.0,18.0,23.428571428571427,0
2023-05-16,SKU_10,Category_1,22,832.4709719263387,0,88,1,5,20,16.0,21.0,23.142857142857142,0
2023-05-17,SKU_10,Category_1,21,832.4709719263387,0,73,2,5,20,22.0,21.0,23.285714285714285,0
2023-05-18,SKU_10,Category_1,20,832.4709719263387,0,82,3,5,20,21.0,28.0,23.285714285714285,0
2023-05-19,SKU_10,Category_1,21,832.4709719263387,0,79,4,5,20,20.0,25.0,22.142857142857142,0
2023-05-20,SKU_10,Category_1,29,832.4709719263387,0,80,5,5,20,21.0,24.0,21.571428571428573,0
2023-05-21,SKU_10,Category_1,34,832.4709719263387,0,47,6,5,20,29.0,27.0,22.285714285714285,0
2023-05-22,SKU_10,Category_1,20,832.4709719263387,0,26,0,5,21,34.0,16.0,23.285714285714285,0
2023-05-23,SKU_10,Category_1,31,832.4709719263387,0,48,1,5,21,20.0,22.0,23.857142857142858,0
2023-05-24,SKU_10,Category_1,20,832.4709719263387,0,27,2,5,21,31.0,21.0,25.142857142857142,0
2023-05-25,SKU_10,Category_1,21,832.4709719263387,0,74,3,5,21,20.0,20.0,25.0,0
2023-05-26,SKU_10,Category_1,20,832.4709719263387,0,52,4,5,21,21.0,21.0,25.142857142857142,0
2023-05-27,SKU_10,Category_1,30,832.4709719263387,0,94,5,5,21,20.0,29.0,25.0,0
2023-05-28,SKU_10,Category_1,32,832.4709719263387,0,52,6,5,21,30.0,34.0,25.142857142857142,0
2023-05-29,SKU_10,Category_1,17,832.4709719263387,0,60,0,5,22,32.0,20.0,24.857142857142858,0
2023-05-30,SKU_10,Category_1,19,832.4709719263387,0,20,1,5,22,17.0,31.0,24.428571428571427,0
2023-05-31,SKU_10,Category_1,19,832.4709719263387,0,97,2,5,22,19.0,20.0,22.714285714285715,0
2023-06-01,SKU_10,Category_1,27,832.4709719263387,0,56,3,6,22,19.0,21.0,22.571428571428573,0
2023-06-02,SKU_10,Category_1,22,832.4709719263387,0,75,4,6,22,27.0,20.0,23.428571428571427,0
2023-06-03,SKU_10,Category_1,22,832.4709719263387,0,38,5,6,22,22.0,30.0,23.714285714285715,0
2023-06-04,SKU_10,Category_1,28,832.4709719263387,0,32,6,6,22,22.0,32.0,22.571428571428573,0
2023-06-05,SKU_10,Category_1,17,832.4709719263387,0,17,0,6,23,28.0,17.0,22.0,1
2023-06-06,SKU_10,Category_1,20,832.4709719263387,0,38,1,6,23,17.0,19.0,22.0,0
2023-06-07,SKU_10,Category_1,27,832.4709719263387,0,74,2,6,23,20.0,19.0,22.142857142857142,0
2023-06-08,SKU_10,Category_1,30,832.4709719263387,0,61,3,6,23,27.0,27.0,23.285714285714285,0
2023-06-09,SKU_10,Category_1,15,832.4709719263387,0,15,4,6,23,30.0,22.0,23.714285714285715,1
2023-06-10,SKU_10,Category_1,48,832.4709719263387,1,53,5,6,23,15.0,22.0,22.714285714285715,0
2023-06-11,SKU_10,Category_1,33,832.4709719263387,0,36,6,6,23,48.0,28.0,26.428571428571427,0
2023-06-12,SKU_10,Category_1,19,832.4709719263387,0,38,0,6,24,33.0,17.0,27.142857142857142,0
2023-06-13,SKU_10,Category_1,28,832.4709719263387,0,34,1,6,24,19.0,20.0,27.428571428571427,0
2023-06-14,SKU_10,Category_1,28,832.4709719263387,1,93,2,6,24,28.0,27.0,28.571428571428573,0
2023-06-15,SKU_10,Category_1,20,832.4709719263387,0,33,3,6,24,28.0,30.0,28.714285714285715,0
2023-06-16,SKU_10,Category_1,24,832.4709719263387,0,69,4,6,24,20.0,15.0,27.285714285714285,0
2023-06-17,SKU_10,Category_1,30,832.4709719263387,0,84,5,6,24,24.0,48.0,28.571428571428573,0
2023-06-18,SKU_10,Category_1,27,832.4709719263387,0,90,6,6,24,30.0,33.0,26.0,0
2023-06-19,SKU_10,Category_1,27,832.4709719263387,0,74,0,6,25,27.0,19.0,25.142857142857142,0
2023-06-20,SKU_10,Category_1,29,832.4709719263387,1,29,1,6,25,27.0,28.0,26.285714285714285,1
2023-06-21,SKU_10,Category_1,10,832.4709719263387,0,21,2,6,25,29.0,28.0,26.428571428571427,0
2023-06-22,SKU_10,Category_1,18,832.4709719263387,0,51,3,6,25,10.0,20.0,23.857142857142858,0
2023-06-23,SKU_10,Category_1,21,832.4709719263387,0,37,4,6,25,18.0,24.0,23.571428571428573,0
2023-06-24,SKU_10,Category_1,37,832.4709719263387,0,58,5,6,25,21.0,30.0,23.142857142857142,0
2023-06-25,SKU_10,Category_1,23,832.4709719263387,0,67,6,6,25,37.0,27.0,24.142857142857142,0
2023-06-26,SKU_10,Category_1,12,832.4709719263387,0,90,0,6,26,23.0,27.0,23.571428571428573,0
2023-06-27,SKU_10,Category_1,17,832.4709719263387,0,39,1,6,26,12.0,29.0,21.428571428571427,0
2023-06-28,SKU_10,Category_1,24,832.4709719263387,0,96,2,6,26,17.0,10.0,19.714285714285715,0
2023-06-29,SKU_10,Category_1,21,832.4709719263387,0,45,3,6,26,24.0,18.0,21.714285714285715,0
2023-06-30,SKU_10,Category_1,31,832.4709719263387,0,31,4,6,26,21.0,21.0,22.142857142857142,1
2023-07-01,SKU_10,Category_1,32,832.4709719263387,0,76,5,7,26,31.0,37.0,23.571428571428573,0
2023-07-02,SKU_10,Category_1,31,832.4709719263387,0,75,6,7,26,32.0,23.0,22.857142857142858,0
2023-07-03,SKU_10,Category_1,13,832.4709719263387,0,94,0,7,27,31.0,12.0,24.0,0
2023-07-04,SKU_10,Category_1,18,832.4709719263387,0,62,1,7,27,13.0,17.0,24.142857142857142,0
2023-07-05,SKU_10,Category_1,12,832.4709719263387,0,42,2,7,27,18.0,24.0,24.285714285714285,0
2023-07-06,SKU_10,Category_1,35,832.4709719263387,0,63,3,7,27,12.0,21.0,22.571428571428573,0
2023-07-07,SKU_10,Category_1,19,832.4709719263387,0,69,4,7,27,35.0,31.0,24.571428571428573,0
2023-07-08,SKU_10,Category_1,20,832.4709719263387,0,99,5,7,27,19.0,32.0,22.857142857142858,0
2023-07-09,SKU_10,Category_1,27,832.4709719263387,0,27,6,7,27,20.0,31.0,21.142857142857142,1
2023-07-10,SKU_10,Category_1,12,832.4709719263387,0,22,0,7,28,27.0,13.0,20.571428571428573,0
2023-07-11,SKU_10,Category_1,17,832.4709719263387,0,34,1,7,28,12.0,18.0,20.428571428571427,0
2023-07-12,SKU_10,Category_1,15,832.4709719263387,0,15,2,7,28,17.0,12.0,20.285714285714285,1
2023-07-13,SKU_10,Category_1,18,832.4709719263387,0,67,3,7,28,15.0,35.0,20.714285714285715,0
2023-07-14,SKU_10,Category_1,14,832.4709719263387,0,66,4,7,28,18.0,19.0,18.285714285714285,0
2023-07-15,SKU_10,Category_1,27,832.4709719263387,0,97,5,7,28,14.0,20.0,17.571428571428573,0
2023-07-16,SKU_10,Category_1,32,832.4709719263387,0,81,6,7,28,27.0,27.0,18.571428571428573,0
2023-07-17,SKU_10,Category_1,35,832.4709719263387,0,64,0,7,29,32.0,12.0,19.285714285714285,0
2023-07-18,SKU_10,Category_1,19,832.4709719263387,0,87,1,7,29,35.0,17.0,22.571428571428573,0
2023-07-19,SKU_10,Category_1,18,832.4709719263387,0,35,2,7,29,19.0,15.0,22.857142857142858,0
2023-07-20,SKU_10,Category_1,21,832.4709719263387,0,47,3,7,29,18.0,18.0,23.285714285714285,0
2023-07-21,SKU_10,Category_1,19,832.4709719263387,0,47,4,7,29,21.0,14.0,23.714285714285715,0
2023-07-22,SKU_10,Category_1,30,832.4709719263387,0,30,5,7,29,19.0,27.0,24.428571428571427,1
2023-07-23,SKU_10,Category_1,24,832.4709719263387,0,24,6,7,29,30.0,32.0,24.857142857142858,1
2023-07-24,SKU_10,Category_1,26,832.4709719263387,0,52,0,7,30,24.0,35.0,23.714285714285715,0
2023-07-25,SKU_10,Category_1,22,832.4709719263387,0,35,1,7,30,26.0,19.0,22.428571428571427,0
2023-07-26,SKU_10,Category_1,11,832.4709719263387,0,11,2,7,30,22.0,18.0,22.857142857142858,1
2023-07-27,SKU_10,Category_1,16,832.4709719263387,0,52,3,7,30,11.0,21.0,21.857142857142858,0
2023-07-28,SKU_10,Category_1,26,832.4709719263387,0,44,4,7,30,16.0,19.0,21.142857142857142,0
2023-07-29,SKU_10,Category_1,26,832.4709719263387,0,53,5,7,30,26.0,30.0,22.142857142857142,0
2023-07-30,SKU_10,Category_1,14,832.4709719263387,0,14,6,7,30,26.0,24.0,21.571428571428573,1
2023-07-31,SKU_10,Category_1,21,832.4709719263387,0,83,0,7,31,14.0,26.0,20.142857142857142,0
2023-08-01,SKU_10,Category_1,28,832.4709719263387,0,33,1,8,31,21.0,22.0,19.428571428571427,0
2023-08-02,SKU_10,Category_1,14,832.4709719263387,0,47,2,8,31,28.0,11.0,20.285714285714285,0
2023-08-03,SKU_10,Category_1,26,832.4709719263387,0,68,3,8,31,14.0,16.0,20.714285714285715,0
2023-08-04,SKU_10,Category_1,28,832.4709719263387,0,95,4,8,31,26.0,26.0,22.142857142857142,0
2023-08-05,SKU_10,Category_1,26,832.4709719263387,0,49,5,8,31,28.0,26.0,22.428571428571427,0
2023-08-06,SKU_10,Category_1,31,832.4709719263387,0,74,6,8,31,26.0,14.0,22.428571428571427,0
2023-08-07,SKU_10,Category_1,25,832.4709719263387,0,33,0,8,32,31.0,21.0,24.857142857142858,0
2023-08-08,SKU_10,Category_1,11,832.4709719263387,0,32,1,8,32,25.0,28.0,25.428571428571427,0
2023-08-09,SKU_10,Category_1,15,832.4709719263387,0,15,2,8,32,11.0,14.0,23.0,1
2023-08-10,SKU_10,Category_1,32,832.4709719263387,0,62,3,8,32,15.0,26.0,23.142857142857142,0
2023-08-11,SKU_10,Category_1,16,832.4709719263387,0,47,4,8,32,32.0,28.0,24.0,0
2023-08-12,SKU_10,Category_1,13,832.4709719263387,0,13,5,8,32,16.0,26.0,22.285714285714285,1
2023-08-13,SKU_10,Category_1,30,832.4709719263387,0,54,6,8,32,13.0,31.0,20.428571428571427,0
2023-08-14,SKU_10,Category_1,39,832.4709719263387,1,68,0,8,33,30.0,25.0,20.285714285714285,0
2023-08-15,SKU_10,Category_1,26,832.4709719263387,0,52,1,8,33,39.0,11.0,22.285714285714285,0
2023-08-16,SKU_10,Category_1,14,832.4709719263387,0,65,2,8,33,26.0,15.0,24.428571428571427,0
2023-08-17,SKU_10,Category_1,27,832.4709719263387,0,36,3,8,33,14.0,32.0,24.285714285714285,0
2023-08-18,SKU_10,Category_1,24,832.4709719263387,0,88,4,8,33,27.0,16.0,23.571428571428573,0
2023-08-19,SKU_10,Category_1,27,832.4709719263387,1,27,5,8,33,24.0,13.0,24.714285714285715,1
2023-08-20,SKU_10,Category_1,19,832.4709719263387,0,19,6,8,33,27.0,30.0,26.714285714285715,1
2023-08-21,SKU_10,Category_1,20,832.4709719263387,0,86,0,8,34,19.0,39.0,25.142857142857142,0
2023-08-22,SKU_10,Category_1,16,832.4709719263387,0,72,1,8,34,20.0,26.0,22.428571428571427,0
2023-08-23,SKU_10,Category_1,23,832.4709719263387,0,23,2,8,34,16.0,14.0,21.0,1
2023-08-24,SKU_10,Category_1,12,832.4709719263387,0,12,3,8,34,23.0,27.0,22.285714285714285,1
2023-08-25,SKU_10,Category_1,20,832.4709719263387,0,42,4,8,34,12.0,24.0,20.142857142857142,0
2023-08-26,SKU_10,Category_1,28,832.4709719263387,0,56,5,8,34,20.0,27.0,19.571428571428573,0
2023-08-27,SKU_10,Category_1,25,832.4709719263387,0,66,6,8,34,28.0,19.0,19.714285714285715,0
2023-08-28,SKU_10,Category_1,19,832.4709719263387,0,90,0,8,35,25.0,20.0,20.571428571428573,0
2023-08-29,SKU_10,Category_1,28,832.4709719263387,0,28,1,8,35,19.0,16.0,20.428571428571427,1
2023-08-30,SKU_10,Category_1,15,832.4709719263387,0,60,2,8,35,28.0,23.0,22.142857142857142,0
2023-08-31,SKU_10,Category_1,18,832.4709719263387,0,52,3,8,35,15.0,12.0,21.0,0
2023-09-01,SKU_10,Category_1,17,832.4709719263387,0,17,4,9,35,18.0,20.0,21.857142857142858,1
2023-09-02,SKU_10,Category_1,44,832.4709719263387,1,51,5,9,35,17.0,28.0,21.428571428571427,0
2023-09-03,SKU_10,Category_1,12,832.4709719263387,0,12,6,9,35,44.0,25.0,23.714285714285715,1
2023-09-04,SKU_10,Category_1,28,832.4709719263387,0,88,0,9,36,12.0,19.0,21.857142857142858,0
2023-09-05,SKU_10,Category_1,20,832.4709719263387,0,32,1,9,36,28.0,28.0,23.142857142857142,0
2023-09-06,SKU_10,Category_1,30,832.4709719263387,0,77,2,9,36,20.0,15.0,22.0,0
2023-09-07,SKU_10,Category_1,17,832.4709719263387,0,69,3,9,36,30.0,18.0,24.142857142857142,0
2023-09-08,SKU_10,Category_1,27,832.4709719263387,0,94,4,9,36,17.0,17.0,24.0,0
2023-09-09,SKU_10,Category_1,37,832.4709719263387,0,65,5,9,36,27.0,44.0,25.428571428571427,0
2023-09-10,SKU_10,Category_1,29,832.4709719263387,0,34,6,9,36,37.0,12.0,24.428571428571427,0
2023-09-11,SKU_10,Category_1,18,832.4709719263387,0,48,0,9,37,29.0,28.0,26.857142857142858,0
2023-09-12,SKU_10,Category_1,12,832.4709719263387,0,78,1,9,37,18.0,20.0,25.428571428571427,0
2023-09-13,SKU_10,Category_1,30,832.4709719263387,0,35,2,9,37,12.0,30.0,24.285714285714285,0
2023-09-14,SKU_10,Category_1,24,832.4709719263387,1,24,3,9,37,30.0,17.0,24.285714285714285,1
2023-09-15,SKU_10,Category_1,21,832.4709719263387,0,73,4,9,37,24.0,27.0,25.285714285714285,0
2023-09-16,SKU_10,Category_1,12,832.4709719263387,0,12,5,9,37,21.0,37.0,24.428571428571427,1
2023-09-17,SKU_10,Category_1,32,832.4709719263387,0,47,6,9,37,12.0,29.0,20.857142857142858,0
2023-09-18,SKU_10,Category_1,24,832.4709719263387,0,47,0,9,38,32.0,18.0,21.285714285714285,0
2023-09-19,SKU_10,Category_1,13,832.4709719263387,0,69,1,9,38,24.0,12.0,22.142857142857142,0
2023-09-20,SKU_10,Category_1,17,832.4709719263387,0,27,2,9,38,13.0,30.0,22.285714285714285,0
2023-09-21,SKU_10,Category_1,17,832.4709719263387,0,84,3,9,38,17.0,24.0,20.428571428571427,0
2023-09-22,SKU_10,Category_1,21,832.4709719263387,0,93,4,9,38,17.0,21.0,19.428571428571427,0
2023-09-23,SKU_10,Category_1,30,832.4709719263387,0,30,5,9,38,21.0,12.0,19.428571428571427,1
2023-09-24,SKU_10,Category_1,22,832.4709719263387,0,92,6,9,38,30.0,32.0,22.0,0
2023-09-25,SKU_10,Category_1,11,832.4709719263387,0,71,0,9,39,22.0,24.0,20.571428571428573,0
2023-09-26,SKU_10,Category_1,15,832.4709719263387,0,48,1,9,39,11.0,13.0,18.714285714285715,0
2023-09-27,SKU_10,Category_1,29,832.4709719263387,0,42,2,9,39,15.0,17.0,19.0,0
2023-09-28,SKU_10,Category_1,17,832.4709719263387,0,59,3,9,39,29.0,17.0,20.714285714285715,0
2023-09-29,SKU_10,Category_1,25,832.4709719263387,0,88,4,9,39,17.0,21.0,20.714285714285715,0
2023-09-30,SKU_10,Category_1,30,832.4709719263387,0,31,5,9,39,25.0,30.0,21.285714285714285,0
2023-10-01,SKU_10,Category_1,33,832.4709719263387,0,47,6,10,39,30.0,22.0,21.285714285714285,0
2023-10-02,SKU_10,Category_1,23,832.4709719263387,0,30,0,10,40,33.0,11.0,22.857142857142858,0
2023-10-03,SKU_10,Category_1,32,832.4709719263387,0,57,1,10,40,23.0,15.0,24.571428571428573,0
2023-10-04,SKU_10,Category_1,18,832.4709719263387,0,40,2,10,40,32.0,29.0,27.0,0
2023-10-05,SKU_10,Category_1,21,832.4709719263387,0,26,3,10,40,18.0,17.0,25.428571428571427,0
2023-10-06,SKU_10,Category_1,23,832.4709719263387,0,46,4,10,40,21.0,25.0,26.0,0
2023-10-07,SKU_10,Category_1,15,832.4709719263387,0,15,5,10,40,23.0,30.0,25.714285714285715,1
2023-10-08,SKU_10,Category_1,30,832.4709719263387,0,44,6,10,40,15.0,33.0,23.571428571428573,0
2023-10-09,SKU_10,Category_1,20,832.4709719263387,0,95,0,10,41,30.0,23.0,23.142857142857142,0
2023-10-10,SKU_10,Category_1,11,832.4709719263387,0,11,1,10,41,20.0,32.0,22.714285714285715,1
2023-10-11,SKU_10,Category_1,14,832.4709719263387,0,18,2,10,41,11.0,18.0,19.714285714285715,0
2023-10-12,SKU_10,Category_1,23,832.4709719263387,0,86,3,10,41,14.0,21.0,19.142857142857142,0
2023-10-13,SKU_10,Category_1,21,832.4709719263387,0,87,4,10,41,23.0,23.0,19.428571428571427,0
2023-10-14,SKU_10,Category_1,23,832.4709719263387,0,23,5,10,41,21.0,15.0,19.142857142857142,1
2023-10-15,SKU_10,Category_1,18,832.4709719263387,0,18,6,10,41,23.0,30.0,20.285714285714285,1
2023-10-16,SKU_10,Category_1,23,832.4709719263387,0,61,0,10,42,18.0,20.0,18.571428571428573,0
2023-10-17,SKU_10,Category_1,21,832.4709719263387,0,87,1,10,42,23.0,11.0,19.0,0
2023-10-18,SKU_10,Category_1,17,832.4709719263387,0,17,2,10,42,21.0,14.0,20.428571428571427,1
2023-10-19,SKU_10,Category_1,21,832.4709719263387,0,26,3,10,42,17.0,23.0,20.857142857142858,0
2023-10-20,SKU_10,Category_1,20,832.4709719263387,0,95,4,10,42,21.0,21.0,20.571428571428573,0
2023-10-21,SKU_10,Category_1,42,832.4709719263387,0,56,5,10,42,20.0,23.0,20.428571428571427,0
2023-10-22,SKU_10,Category_1,25,832.4709719263387,0,25,6,10,42,42.0,18.0,23.142857142857142,1
2023-10-23,SKU_10,Category_1,23,832.4709719263387,0,63,0,10,43,25.0,23.0,24.142857142857142,0
2023-10-24,SKU_10,Category_1,21,832.4709719263387,0,50,1,10,43,23.0,21.0,24.142857142857142,0
2023-10-25,SKU_10,Category_1,10,832.4709719263387,0,10,2,10,43,21.0,17.0,24.142857142857142,1
2023-10-26,SKU_10,Category_1,16,832.4709719263387,0,25,3,10,43,10.0,21.0,23.142857142857142,0
2023-10-27,SKU_10,Category_1,27,832.4709719263387,0,85,4,10,43,16.0,20.0,22.428571428571427,0
2023-10-28,SKU_10,Category_1,22,832.4709719263387,0,59,5,10,43,27.0,42.0,23.428571428571427,0
2023-10-29,SKU_10,Category_1,34,832.4709719263387,1,83,6,10,43,22.0,25.0,20.571428571428573,0
2023-10-30,SKU_10,Category_1,15,832.4709719263387,0,16,0,10,44,34.0,23.0,21.857142857142858,0
2023-10-31,SKU_10,Category_1,15,832.4709719263387,0,88,1,10,44,15.0,21.0,20.714285714285715,0
2023-11-01,SKU_10,Category_1,23,832.4709719263387,0,35,2,11,44,15.0,10.0,19.857142857142858,0
2023-11-02,SKU_10,Category_1,24,832.4709719263387,0,26,3,11,44,23.0,16.0,21.714285714285715,0
2023-11-03,SKU_10,Category_1,11,832.4709719263387,0,11,4,11,44,24.0,27.0,22.857142857142858,1
2023-11-04,SKU_10,Category_1,37,832.4709719263387,0,83,5,11,44,11.0,22.0,20.571428571428573,0
2023-11-05,SKU_10,Category_1,18,832.4709719263387,0,18,6,11,44,37.0,34.0,22.714285714285715,1
2023-11-06,SKU_10,Category_1,13,832.4709719263387,0,97,0,11,45,18.0,15.0,20.428571428571427,0
2023-11-07,SKU_10,Category_1,20,832.4709719263387,0,93,1,11,45,13.0,15.0,20.142857142857142,0
2023-11-08,SKU_10,Category_1,19,832.4709719263387,0,72,2,11,45,20.0,23.0,20.857142857142858,0
2023-11-09,SKU_10,Category_1,29,832.4709719263387,0,48,3,11,45,19.0,24.0,20.285714285714285,0
2023-11-10,SKU_10,Category_1,22,832.4709719263387,1,22,4,11,45,29.0,11.0,21.0,1
2023-11-11,SKU_10,Category_1,28,832.4709719263387,0,95,5,11,45,22.0,37.0,22.571428571428573,0
2023-11-12,SKU_10,Category_1,17,832.4709719263387,1,17,6,11,45,28.0,18.0,21.285714285714285,1
2023-11-13,SKU_10,Category_1,17,832.4709719263387,0,27,0,11,46,17.0,13.0,21.142857142857142,0
2023-11-14,SKU_10,Category_1,20,832.4709719263387,0,57,1,11,46,17.0,20.0,21.714285714285715,0
2023-11-15,SKU_10,Category_1,19,832.4709719263387,0,65,2,11,46,20.0,19.0,21.714285714285715,0
2023-11-16,SKU_10,Category_1,41,832.4709719263387,1,98,3,11,46,19.0,29.0,21.714285714285715,0
2023-11-17,SKU_10,Category_1,21,832.4709719263387,0,45,4,11,46,41.0,22.0,23.428571428571427,0
2023-11-18,SKU_10,Category_1,29,832.4709719263387,0,43,5,11,46,21.0,28.0,23.285714285714285,0
2023-11-19,SKU_10,Category_1,24,832.4709719263387,0,89,6,11,46,29.0,17.0,23.428571428571427,0
2023-11-20,SKU_10,Category_1,13,832.4709719263387,0,59,0,11,47,24.0,17.0,24.428571428571427,0
2023-11-21,SKU_10,Category_1,24,832.4709719263387,0,65,1,11,47,13.0,20.0,23.857142857142858,0
2023-11-22,SKU_10,Category_1,17,832.4709719263387,0,88,2,11,47,24.0,19.0,24.428571428571427,0
2023-11-23,SKU_10,Category_1,18,832.4709719263387,0,87,3,11,47,17.0,41.0,24.142857142857142,0
2023-11-24,SKU_10,Category_1,25,832.4709719263387,0,70,4,11,47,18.0,21.0,20.857142857142858,0
2023-11-25,SKU_10,Category_1,26,832.4709719263387,0,49,5,11,47,25.0,29.0,21.428571428571427,0
2023-11-26,SKU_10,Category_1,25,832.4709719263387,0,25,6,11,47,26.0,24.0,21.0,1
2023-11-27,SKU_10,Category_1,23,832.4709719263387,0,32,0,11,48,25.0,13.0,21.142857142857142,0
2023-11-28,SKU_10,Category_1,15,832.4709719263387,0,33,1,11,48,23.0,24.0,22.571428571428573,0
2023-11-29,SKU_10,Category_1,19,832.4709719263387,0,26,2,11,48,15.0,17.0,21.285714285714285,0
2023-11-30,SKU_10,Category_1,17,832.4709719263387,0,17,3,11,48,19.0,18.0,21.571428571428573,1
2023-12-01,SKU_10,Category_1,19,832.4709719263387,0,92,4,12,48,17.0,25.0,21.428571428571427,0
2023-12-02,SKU_10,Category_1,26,832.4709719263387,0,30,5,12,48,19.0,26.0,20.571428571428573,0
2023-12-03,SKU_10,Category_1,30,832.4709719263387,0,95,6,12,48,26.0,25.0,20.571428571428573,0
2023-12-04,SKU_10,Category_1,27,832.4709719263387,0,89,0,12,49,30.0,23.0,21.285714285714285,0
2023-12-05,SKU_10,Category_1,17,832.4709719263387,0,39,1,12,49,27.0,15.0,21.857142857142858,0
2023-12-06,SKU_10,Category_1,21,832.4709719263387,0,94,2,12,49,17.0,19.0,22.142857142857142,0
2023-12-07,SKU_10,Category_1,12,832.4709719263387,0,94,3,12,49,21.0,17.0,22.428571428571427,0
2023-12-08,SKU_10,Category_1,17,832.4709719263387,0,28,4,12,49,12.0,19.0,21.714285714285715,0
2023-12-09,SKU_10,Category_1,32,832.4709719263387,0,90,5,12,49,17.0,26.0,21.428571428571427,0
2023-12-10,SKU_10,Category_1,27,832.4709719263387,0,68,6,12,49,32.0,30.0,22.285714285714285,0
2023-12-11,SKU_10,Category_1,14,832.4709719263387,1,14,0,12,50,27.0,27.0,21.857142857142858,1
2023-12-12,SKU_10,Category_1,15,832.4709719263387,0,15,1,12,50,14.0,17.0,20.0,1
2023-12-13,SKU_10,Category_1,18,832.4709719263387,0,70,2,12,50,15.0,21.0,19.714285714285715,0
2023-12-14,SKU_10,Category_1,18,832.4709719263387,0,43,3,12,50,18.0,12.0,19.285714285714285,0
2023-12-15,SKU_10,Category_1,12,832.4709719263387,0,12,4,12,50,18.0,17.0,20.142857142857142,1
2023-12-16,SKU_10,Category_1,35,832.4709719263387,0,55,5,12,50,12.0,32.0,19.428571428571427,0
2023-12-17,SKU_10,Category_1,22,832.4709719263387,0,68,6,12,50,35.0,27.0,19.857142857142858,0
2023-12-18,SKU_10,Category_1,27,832.4709719263387,0,70,0,12,51,22.0,14.0,19.142857142857142,0
2023-12-19,SKU_10,Category_1,18,832.4709719263387,0,49,1,12,51,27.0,15.0,21.0,0
2023-12-20,SKU_10,Category_1,19,832.4709719263387,0,71,2,12,51,18.0,18.0,21.428571428571427,0
2023-12-21,SKU_10,Category_1,16,832.4709719263387,0,69,3,12,51,19.0,18.0,21.571428571428573,0
2023-12-22,SKU_10,Category_1,20,832.4709719263387,0,79,4,12,51,16.0,12.0,21.285714285714285,0
2023-12-23,SKU_10,Category_1,20,832.4709719263387,0,20,5,12,51,20.0,35.0,22.428571428571427,1
2023-12-24,SKU_10,Category_1,38,832.4709719263387,1,47,6,12,51,20.0,22.0,20.285714285714285,0
2023-12-25,SKU_10,Category_1,14,832.4709719263387,0,61,0,12,52,38.0,27.0,22.571428571428573,0
2023-12-26,SKU_10,Category_1,19,832.4709719263387,0,31,1,12,52,14.0,18.0,20.714285714285715,0
2023-12-27,SKU_10,Category_1,23,832.4709719263387,0,64,2,12,52,19.0,19.0,20.857142857142858,0
2023-12-28,SKU_10,Category_1,23,832.4709719263387,0,81,3,12,52,23.0,16.0,21.428571428571427,0
2023-12-29,SKU_10,Category_1,13,832.4709719263387,0,13,4,12,52,23.0,20.0,22.428571428571427,1
2023-12-30,SKU_10,Category_1,28,832.4709719263387,0,77,5,12,52,13.0,20.0,21.428571428571427,0
2023-12-31,SKU_10,Category_1,38,832.4709719263387,0,54,6,12,52,28.0,38.0,22.571428571428573,0
2023-01-08,SKU_11,Category_2,14,659.6713832496619,0,14,6,1,1,14.0,25.0,25.857142857142858,1
2023-01-09,SKU_11,Category_2,36,659.6713832496619,0,45,0,1,2,14.0,16.0,24.285714285714285,0
2023-01-10,SKU_11,Category_2,30,659.6713832496619,0,73,1,1,2,36.0,26.0,27.142857142857142,0
2023-01-11,SKU_11,Category_2,22,659.6713832496619,0,65,2,1,2,30.0,38.0,27.714285714285715,0
2023-01-12,SKU_11,Category_2,27,659.6713832496619,0,91,3,1,2,22.0,29.0,25.428571428571427,0
2023-01-13,SKU_11,Category_2,28,659.6713832496619,0,89,4,1,2,27.0,33.0,25.142857142857142,0
2023-01-14,SKU_11,Category_2,27,659.6713832496619,0,27,5,1,2,28.0,14.0,24.428571428571427,1
2023-01-15,SKU_11,Category_2,19,659.6713832496619,0,19,6,1,2,27.0,14.0,26.285714285714285,1
2023-01-16,SKU_11,Category_2,12,659.6713832496619,0,12,0,1,3,19.0,36.0,27.0,1
2023-01-17,SKU_11,Category_2,13,659.6713832496619,0,13,1,1,3,12.0,30.0,23.571428571428573,1
2023-01-18,SKU_11,Category_2,27,659.6713832496619,0,27,2,1,3,13.0,22.0,21.142857142857142,1
2023-01-19,SKU_11,Category_2,35,659.6713832496619,0,97,3,1,3,27.0,27.0,21.857142857142858,0
2023-01-20,SKU_11,Category_2,19,659.6713832496619,0,60,4,1,3,35.0,28.0,23.0,0
2023-01-21,SKU_11,Category_2,40,659.6713832496619,0,71,5,1,3,19.0,27.0,21.714285714285715,0
2023-01-22,SKU_11,Category_2,33,659.6713832496619,0,39,6,1,3,40.0,19.0,23.571428571428573,0
2023-01-23,SKU_11,Category_2,27,659.6713832496619,0,42,0,1,4,33.0,12.0,25.571428571428573,0
2023-01-24,SKU_11,Category_2,34,659.6713832496619,0,83,1,1,4,27.0,13.0,27.714285714285715,0
2023-01-25,SKU_11,Category_2,26,659.6713832496619,0,97,2,1,4,34.0,27.0,30.714285714285715,0
2023-01-26,SKU_11,Category_2,24,659.6713832496619,0,51,3,1,4,26.0,35.0,30.571428571428573,0
2023-01-27,SKU_11,Category_2,14,659.6713832496619,0,14,4,1,4,24.0,19.0,29.0,1
2023-01-28,SKU_11,Category_2,44,659.6713832496619,0,96,5,1,4,14.0,40.0,28.285714285714285,0
2023-01-29,SKU_11,Category_2,34,659.6713832496619,0,84,6,1,4,44.0,33.0,28.857142857142858,0
2023-01-30,SKU_11,Category_2,30,659.6713832496619,0,69,0,1,5,34.0,27.0,29.0,0
2023-01-31,SKU_11,Category_2,23,659.6713832496619,0,23,1,1,5,30.0,34.0,29.428571428571427,1
2023-02-01,SKU_11,Category_2,11,659.6713832496619,0,11,2,2,5,23.0,26.0,27.857142857142858,1
2023-02-02,SKU_11,Category_2,24,659.6713832496619,0,44,3,2,5,11.0,24.0,25.714285714285715,0
2023-02-03,SKU_11,Category_2,45,659.6713832496619,1,70,4,2,5,24.0,14.0,25.714285714285715,0
2023-02-04,SKU_11,Category_2,39,659.6713832496619,0,41,5,2,5,45.0,44.0,30.142857142857142,0
2023-02-05,SKU_11,Category_2,11,659.6713832496619,1,11,6,2,5,39.0,34.0,29.428571428571427,1
2023-02-06,SKU_11,Category_2,18,659.6713832496619,1,18,0,2,6,11.0,30.0,26.142857142857142,1
2023-02-07,SKU_11,Category_2,27,659.6713832496619,0,84,1,2,6,18.0,23.0,24.428571428571427,0
2023-02-08,SKU_11,Category_2,25,659.6713832496619,0,44,2,2,6,27.0,11.0,25.0,0
2023-02-09,SKU_11,Category_2,42,659.6713832496619,1,84,3,2,6,25.0,24.0,27.0,0
2023-02-10,SKU_11,Category_2,29,659.6713832496619,0,93,4,2,6,42.0,45.0,29.571428571428573,0
2023-02-11,SKU_11,Category_2,28,659.6713832496619,0,84,5,2,6,29.0,39.0,27.285714285714285,0
2023-02-12,SKU_11,Category_2,60,659.6713832496619,1,75,6,2,6,28.0,11.0,25.714285714285715,0
2023-02-13,SKU_11,Category_2,14,659.6713832496619,0,14,0,2,7,60.0,18.0,32.714285714285715,1
2023-02-14,SKU_11,Category_2,31,659.6713832496619,0,41,1,2,7,14.0,27.0,32.142857142857146,0
2023-02-15,SKU_11,Category_2,26,659.6713832496619,0,47,2,2,7,31.0,25.0,32.714285714285715,0
2023-02-16,SKU_11,Category_2,25,659.6713832496619,0,31,3,2,7,26.0,42.0,32.857142857142854,0
2023-02-17,SKU_11,Category_2,21,659.6713832496619,0,90,4,2,7,25.0,29.0,30.428571428571427,0
2023-02-18,SKU_11,Category_2,34,659.6713832496619,0,61,5,2,7,21.0,28.0,29.285714285714285,0
2023-02-19,SKU_11,Category_2,44,659.6713832496619,0,87,6,2,7,34.0,60.0,30.142857142857142,0
2023-02-20,SKU_11,Category_2,31,659.6713832496619,0,73,0,2,8,44.0,14.0,27.857142857142858,0
2023-02-21,SKU_11,Category_2,36,659.6713832496619,0,49,1,2,8,31.0,31.0,30.285714285714285,0
2023-02-22,SKU_11,Category_2,34,659.6713832496619,1,34,2,2,8,36.0,26.0,31.0,1
2023-02-23,SKU_11,Category_2,14,659.6713832496619,0,14,3,2,8,34.0,25.0,32.142857142857146,1
2023-02-24,SKU_11,Category_2,16,659.6713832496619,0,16,4,2,8,14.0,21.0,30.571428571428573,1
2023-02-25,SKU_11,Category_2,24,659.6713832496619,0,24,5,2,8,16.0,34.0,29.857142857142858,1
2023-02-26,SKU_11,Category_2,37,659.6713832496619,0,66,6,2,8,24.0,44.0,28.428571428571427,0
2023-02-27,SKU_11,Category_2,28,659.6713832496619,0,28,0,2,9,37.0,31.0,27.428571428571427,1
2023-02-28,SKU_11,Category_2,12,659.6713832496619,0,12,1,2,9,28.0,36.0,27.0,1
2023-03-01,SKU_11,Category_2,29,659.6713832496619,1,29,2,3,9,12.0,34.0,23.571428571428573,1
2023-03-02,SKU_11,Category_2,19,659.6713832496619,0,19,3,3,9,29.0,14.0,22.857142857142858,1
2023-03-03,SKU_11,Category_2,32,659.6713832496619,0,38,4,3,9,19.0,16.0,23.571428571428573,0
2023-03-04,SKU_11,Category_2,57,659.6713832496619,1,59,5,3,9,32.0,24.0,25.857142857142858,0
2023-03-05,SKU_11,Category_2,13,659.6713832496619,0,13,6,3,9,57.0,37.0,30.571428571428573,1
2023-03-06,SKU_11,Category_2,11,659.6713832496619,1,11,0,3,10,13.0,28.0,27.142857142857142,1
2023-03-07,SKU_11,Category_2,22,659.6713832496619,0,88,1,3,10,11.0,12.0,24.714285714285715,0
2023-03-08,SKU_11,Category_2,31,659.6713832496619,0,31,2,3,10,22.0,29.0,26.142857142857142,1
2023-03-09,SKU_11,Category_2,23,659.6713832496619,0,23,3,3,10,31.0,19.0,26.428571428571427,1
2023-03-10,SKU_11,Category_2,29,659.6713832496619,0,47,4,3,10,23.0,32.0,27.0,0
2023-03-11,SKU_11,Category_2,35,659.6713832496619,0,61,5,3,10,29.0,57.0,26.571428571428573,0
2023-03-12,SKU_11,Category_2,26,659.6713832496619,0,46,6,3,10,35.0,13.0,23.428571428571427,0
2023-03-13,SKU_11,Category_2,26,659.6713832496619,0,88,0,3,11,26.0,11.0,25.285714285714285,0
2023-03-14,SKU_11,Category_2,31,659.6713832496619,0,42,1,3,11,26.0,22.0,27.428571428571427,0
2023-03-15,SKU_11,Category_2,32,659.6713832496619,0,83,2,3,11,31.0,31.0,28.714285714285715,0
2023-03-16,SKU_11,Category_2,20,659.6713832496619,0,43,3,3,11,32.0,23.0,28.857142857142858,0
2023-03-17,SKU_11,Category_2,25,659.6713832496619,0,80,4,3,11,20.0,29.0,28.428571428571427,0
2023-03-18,SKU_11,Category_2,24,659.6713832496619,0,24,5,3,11,25.0,35.0,27.857142857142858,1
2023-03-19,SKU_11,Category_2,34,659.6713832496619,0,34,6,3,11,24.0,26.0,26.285714285714285,1
2023-03-20,SKU_11,Category_2,22,659.6713832496619,0,41,0,3,12,34.0,26.0,27.428571428571427,0
2023-03-21,SKU_11,Category_2,24,659.6713832496619,0,53,1,3,12,22.0,31.0,26.857142857142858,0
2023-03-22,SKU_11,Category_2,27,659.6713832496619,0,29,2,3,12,24.0,32.0,25.857142857142858,0
2023-03-23,SKU_11,Category_2,27,659.6713832496619,0,92,3,3,12,27.0,20.0,25.142857142857142,0
2023-03-24,SKU_11,Category_2,29,659.6713832496619,0,44,4,3,12,27.0,25.0,26.142857142857142,0
2023-03-25,SKU_11,Category_2,35,659.6713832496619,0,55,5,3,12,29.0,24.0,26.714285714285715,0
2023-03-26,SKU_11,Category_2,12,659.6713832496619,0,12,6,3,12,35.0,34.0,28.285714285714285,1
2023-03-27,SKU_11,Category_2,17,659.6713832496619,0,37,0,3,13,12.0,22.0,25.142857142857142,0
2023-03-28,SKU_11,Category_2,33,659.6713832496619,0,85,1,3,13,17.0,24.0,24.428571428571427,0
2023-03-29,SKU_11,Category_2,32,659.6713832496619,0,55,2,3,13,33.0,27.0,25.714285714285715,0
2023-03-30,SKU_11,Category_2,17,659.6713832496619,0,17,3,3,13,32.0,27.0,26.428571428571427,1
2023-03-31,SKU_11,Category_2,28,659.6713832496619,0,60,4,3,13,17.0,29.0,25.0,0
2023-04-01,SKU_11,Category_2,15,659.6713832496619,1,15,5,4,13,28.0,35.0,24.857142857142858,1
2023-04-02,SKU_11,Category_2,34,659.6713832496619,0,40,6,4,13,15.0,12.0,22.0,0
2023-04-03,SKU_11,Category_2,12,659.6713832496619,0,12,0,4,14,34.0,17.0,25.142857142857142,1
2023-04-04,SKU_11,Category_2,26,659.6713832496619,0,57,1,4,14,12.0,33.0,24.428571428571427,0
2023-04-05,SKU_11,Category_2,22,659.6713832496619,0,22,2,4,14,26.0,32.0,23.428571428571427,1
2023-04-06,SKU_11,Category_2,19,659.6713832496619,0,66,3,4,14,22.0,17.0,22.0,0
2023-04-07,SKU_11,Category_2,26,659.6713832496619,0,30,4,4,14,19.0,28.0,22.285714285714285,0
2023-04-08,SKU_11,Category_2,44,659.6713832496619,0,60,5,4,14,26.0,15.0,22.0,0
2023-04-09,SKU_11,Category_2,43,659.6713832496619,0,85,6,4,14,44.0,34.0,26.142857142857142,0
2023-04-10,SKU_11,Category_2,15,659.6713832496619,0,15,0,4,15,43.0,12.0,27.428571428571427,1
2023-04-11,SKU_11,Category_2,29,659.6713832496619,0,51,1,4,15,15.0,26.0,27.857142857142858,0
2023-04-12,SKU_11,Category_2,15,659.6713832496619,0,15,2,4,15,29.0,22.0,28.285714285714285,1
2023-04-13,SKU_11,Category_2,19,659.6713832496619,0,99,3,4,15,15.0,19.0,27.285714285714285,0
2023-04-14,SKU_11,Category_2,19,659.6713832496619,0,19,4,4,15,19.0,26.0,27.285714285714285,1
2023-04-15,SKU_11,Category_2,31,659.6713832496619,0,53,5,4,15,19.0,44.0,26.285714285714285,0
2023-04-16,SKU_11,Category_2,38,659.6713832496619,0,40,6,4,15,31.0,43.0,24.428571428571427,0
2023-04-17,SKU_11,Category_2,28,659.6713832496619,0,53,0,4,16,38.0,15.0,23.714285714285715,0
2023-04-18,SKU_11,Category_2,26,659.6713832496619,0,28,1,4,16,28.0,29.0,25.571428571428573,0
2023-04-19,SKU_11,Category_2,29,659.6713832496619,0,38,2,4,16,26.0,15.0,25.142857142857142,0
2023-04-20,SKU_11,Category_2,27,659.6713832496619,0,77,3,4,16,29.0,19.0,27.142857142857142,0
2023-04-21,SKU_11,Category_2,23,659.6713832496619,0,53,4,4,16,27.0,19.0,28.285714285714285,0
2023-04-22,SKU_11,Category_2,30,659.6713832496619,0,83,5,4,16,23.0,31.0,28.857142857142858,0
2023-04-23,SKU_11,Category_2,32,659.6713832496619,0,94,6,4,16,30.0,38.0,28.714285714285715,0
2023-04-24,SKU_11,Category_2,28,659.6713832496619,0,88,0,4,17,32.0,28.0,27.857142857142858,0
2023-04-25,SKU_11,Category_2,30,659.6713832496619,0,85,1,4,17,28.0,26.0,27.857142857142858,0
2023-04-26,SKU_11,Category_2,31,659.6713832496619,0,51,2,4,17,30.0,29.0,28.428571428571427,0
2023-04-27,SKU_11,Category_2,29,659.6713832496619,0,82,3,4,17,31.0,27.0,28.714285714285715,0
2023-04-28,SKU_11,Category_2,28,659.6713832496619,0,28,4,4,17,29.0,23.0,29.0,1
2023-04-29,SKU_11,Category_2,41,659.6713832496619,0,99,5,4,17,28.0,30.0,29.714285714285715,0
2023-04-30,SKU_11,Category_2,17,659.6713832496619,0,17,6,4,17,41.0,32.0,31.285714285714285,1
2023-05-01,SKU_11,Category_2,32,659.6713832496619,0,64,0,5,18,17.0,28.0,29.142857142857142,0
2023-05-02,SKU_11,Category_2,28,659.6713832496619,0,71,1,5,18,32.0,30.0,29.714285714285715,0
2023-05-03,SKU_11,Category_2,10,659.6713832496619,0,10,2,5,18,28.0,31.0,29.428571428571427,1
2023-05-04,SKU_11,Category_2,21,659.6713832496619,0,56,3,5,18,10.0,29.0,26.428571428571427,0
2023-05-05,SKU_11,Category_2,27,659.6713832496619,0,56,4,5,18,21.0,28.0,25.285714285714285,0
2023-05-06,SKU_11,Category_2,26,659.6713832496619,0,37,5,5,18,27.0,41.0,25.142857142857142,0
2023-05-07,SKU_11,Category_2,43,659.6713832496619,0,55,6,5,18,26.0,17.0,23.0,0
2023-05-08,SKU_11,Category_2,30,659.6713832496619,0,79,0,5,19,43.0,32.0,26.714285714285715,0
2023-05-09,SKU_11,Category_2,22,659.6713832496619,0,29,1,5,19,30.0,28.0,26.428571428571427,0
2023-05-10,SKU_11,Category_2,26,659.6713832496619,0,62,2,5,19,22.0,10.0,25.571428571428573,0
2023-05-11,SKU_11,Category_2,26,659.6713832496619,0,57,3,5,19,26.0,21.0,27.857142857142858,0
2023-05-12,SKU_11,Category_2,27,659.6713832496619,0,49,4,5,19,26.0,27.0,28.571428571428573,0
2023-05-13,SKU_11,Category_2,51,659.6713832496619,1,99,5,5,19,27.0,26.0,28.571428571428573,0
2023-05-14,SKU_11,Category_2,27,659.6713832496619,0,37,6,5,19,51.0,43.0,32.142857142857146,0
2023-05-15,SKU_11,Category_2,28,659.6713832496619,0,28,0,5,20,27.0,30.0,29.857142857142858,1
2023-05-16,SKU_11,Category_2,24,659.6713832496619,0,32,1,5,20,28.0,22.0,29.571428571428573,0
2023-05-17,SKU_11,Category_2,30,659.6713832496619,0,38,2,5,20,24.0,26.0,29.857142857142858,0
2023-05-18,SKU_11,Category_2,34,659.6713832496619,0,76,3,5,20,30.0,26.0,30.428571428571427,0
2023-05-19,SKU_11,Category_2,17,659.6713832496619,0,95,4,5,20,34.0,27.0,31.571428571428573,0
2023-05-20,SKU_11,Category_2,15,659.6713832496619,0,15,5,5,20,17.0,51.0,30.142857142857142,1
2023-05-21,SKU_11,Category_2,36,659.6713832496619,0,92,6,5,20,15.0,27.0,25.0,0
2023-05-22,SKU_11,Category_2,28,659.6713832496619,0,86,0,5,21,36.0,28.0,26.285714285714285,0
2023-05-23,SKU_11,Category_2,17,659.6713832496619,0,71,1,5,21,28.0,24.0,26.285714285714285,0
2023-05-24,SKU_11,Category_2,26,659.6713832496619,0,47,2,5,21,17.0,30.0,25.285714285714285,0
2023-05-25,SKU_11,Category_2,30,659.6713832496619,0,48,3,5,21,26.0,34.0,24.714285714285715,0
2023-05-26,SKU_11,Category_2,29,659.6713832496619,0,39,4,5,21,30.0,17.0,24.142857142857142,0
2023-05-27,SKU_11,Category_2,17,659.6713832496619,0,17,5,5,21,29.0,15.0,25.857142857142858,1
2023-05-28,SKU_11,Category_2,17,659.6713832496619,0,17,6,5,21,17.0,36.0,26.142857142857142,1
2023-05-29,SKU_11,Category_2,22,659.6713832496619,0,88,0,5,22,17.0,28.0,23.428571428571427,0
2023-05-30,SKU_11,Category_2,38,659.6713832496619,0,53,1,5,22,22.0,17.0,22.571428571428573,0
2023-05-31,SKU_11,Category_2,24,659.6713832496619,0,25,2,5,22,38.0,26.0,25.571428571428573,0
2023-06-01,SKU_11,Category_2,25,659.6713832496619,0,36,3,6,22,24.0,30.0,25.285714285714285,0
2023-06-02,SKU_11,Category_2,16,659.6713832496619,0,16,4,6,22,25.0,29.0,24.571428571428573,1
2023-06-03,SKU_11,Category_2,28,659.6713832496619,0,60,5,6,22,16.0,17.0,22.714285714285715,0
2023-06-04,SKU_11,Category_2,37,659.6713832496619,0,41,6,6,22,28.0,17.0,24.285714285714285,0
2023-06-05,SKU_11,Category_2,32,659.6713832496619,0,48,0,6,23,37.0,22.0,27.142857142857142,0
2023-06-06,SKU_11,Category_2,28,659.6713832496619,0,31,1,6,23,32.0,38.0,28.571428571428573,0
2023-06-07,SKU_11,Category_2,39,659.6713832496619,1,75,2,6,23,28.0,24.0,27.142857142857142,0
2023-06-08,SKU_11,Category_2,16,659.6713832496619,0,16,3,6,23,39.0,25.0,29.285714285714285,1
2023-06-09,SKU_11,Category_2,26,659.6713832496619,0,74,4,6,23,16.0,16.0,28.0,0
2023-06-10,SKU_11,Category_2,23,659.6713832496619,0,23,5,6,23,26.0,28.0,29.428571428571427,1
2023-06-11,SKU_11,Category_2,43,659.6713832496619,0,58,6,6,23,23.0,37.0,28.714285714285715,0
2023-06-12,SKU_11,Category_2,26,659.6713832496619,0,41,0,6,24,43.0,32.0,29.571428571428573,0
2023-06-13,SKU_11,Category_2,25,659.6713832496619,0,25,1,6,24,26.0,28.0,28.714285714285715,1
2023-06-14,SKU_11,Category_2,28,659.6713832496619,0,44,2,6,24,25.0,39.0,28.285714285714285,0
2023-06-15,SKU_11,Category_2,24,659.6713832496619,0,24,3,6,24,28.0,16.0,26.714285714285715,1
2023-06-16,SKU_11,Category_2,34,659.6713832496619,0,40,4,6,24,24.0,26.0,27.857142857142858,0
2023-06-17,SKU_11,Category_2,39,659.6713832496619,0,43,5,6,24,34.0,23.0,29.0,0
2023-06-18,SKU_11,Category_2,38,659.6713832496619,0,87,6,6,24,39.0,43.0,31.285714285714285,0
2023-06-19,SKU_11,Category_2,25,659.6713832496619,0,44,0,6,25,38.0,26.0,30.571428571428573,0
2023-06-20,SKU_11,Category_2,26,659.6713832496619,0,26,1,6,25,25.0,25.0,30.428571428571427,1
2023-06-21,SKU_11,Category_2,29,659.6713832496619,0,99,2,6,25,26.0,28.0,30.571428571428573,0
2023-06-22,SKU_11,Category_2,29,659.6713832496619,0,36,3,6,25,29.0,24.0,30.714285714285715,0
2023-06-23,SKU_11,Category_2,19,659.6713832496619,1,19,4,6,25,29.0,34.0,31.428571428571427,1
2023-06-24,SKU_11,Category_2,41,659.6713832496619,0,93,5,6,25,19.0,39.0,29.285714285714285,0
2023-06-25,SKU_11,Category_2,34,659.6713832496619,0,36,6,6,25,41.0,38.0,29.571428571428573,0
2023-06-26,SKU_11,Category_2,40,659.6713832496619,1,63,0,6,26,34.0,25.0,29.0,0
2023-06-27,SKU_11,Category_2,26,659.6713832496619,0,51,1,6,26,40.0,26.0,31.142857142857142,0
2023-06-28,SKU_11,Category_2,31,659.6713832496619,0,81,2,6,26,26.0,29.0,31.142857142857142,0
2023-06-29,SKU_11,Category_2,20,659.6713832496619,0,96,3,6,26,31.0,29.0,31.428571428571427,0
2023-06-30,SKU_11,Category_2,28,659.6713832496619,0,67,4,6,26,20.0,19.0,30.142857142857142,0
2023-07-01,SKU_11,Category_2,37,659.6713832496619,0,91,5,7,26,28.0,41.0,31.428571428571427,0
2023-07-02,SKU_11,Category_2,39,659.6713832496619,0,56,6,7,26,37.0,34.0,30.857142857142858,0
2023-07-03,SKU_11,Category_2,24,659.6713832496619,0,87,0,7,27,39.0,40.0,31.571428571428573,0
2023-07-04,SKU_11,Category_2,45,659.6713832496619,1,59,1,7,27,24.0,26.0,29.285714285714285,0
2023-07-05,SKU_11,Category_2,19,659.6713832496619,0,19,2,7,27,45.0,31.0,32.0,1
2023-07-06,SKU_11,Category_2,32,659.6713832496619,0,58,3,7,27,19.0,20.0,30.285714285714285,0
2023-07-07,SKU_11,Category_2,27,659.6713832496619,0,44,4,7,27,32.0,28.0,32.0,0
2023-07-08,SKU_11,Category_2,11,659.6713832496619,0,11,5,7,27,27.0,37.0,31.857142857142858,1
2023-07-09,SKU_11,Category_2,19,659.6713832496619,0,19,6,7,27,11.0,39.0,28.142857142857142,1
2023-07-10,SKU_11,Category_2,22,659.6713832496619,0,97,0,7,28,19.0,24.0,25.285714285714285,0
2023-07-11,SKU_11,Category_2,32,659.6713832496619,0,98,1,7,28,22.0,45.0,25.0,0
2023-07-12,SKU_11,Category_2,27,659.6713832496619,0,28,2,7,28,32.0,19.0,23.142857142857142,0
2023-07-13,SKU_11,Category_2,28,659.6713832496619,0,83,3,7,28,27.0,32.0,24.285714285714285,0
2023-07-14,SKU_11,Category_2,34,659.6713832496619,0,96,4,7,28,28.0,27.0,23.714285714285715,0
2023-07-15,SKU_11,Category_2,12,659.6713832496619,0,12,5,7,28,34.0,11.0,24.714285714285715,1
2023-07-16,SKU_11,Category_2,41,659.6713832496619,0,48,6,7,28,12.0,19.0,24.857142857142858,0
2023-07-17,SKU_11,Category_2,27,659.6713832496619,0,27,0,7,29,41.0,22.0,28.0,1
2023-07-18,SKU_11,Category_2,26,659.6713832496619,0,82,1,7,29,27.0,32.0,28.714285714285715,0
2023-07-19,SKU_11,Category_2,39,659.6713832496619,0,93,2,7,29,26.0,27.0,27.857142857142858,0
2023-07-20,SKU_11,Category_2,27,659.6713832496619,0,87,3,7,29,39.0,28.0,29.571428571428573,0
2023-07-21,SKU_11,Category_2,26,659.6713832496619,0,26,4,7,29,27.0,34.0,29.428571428571427,1
2023-07-22,SKU_11,Category_2,21,659.6713832496619,0,21,5,7,29,26.0,12.0,28.285714285714285,1
2023-07-23,SKU_11,Category_2,45,659.6713832496619,0,88,6,7,29,21.0,41.0,29.571428571428573,0
2023-07-24,SKU_11,Category_2,15,659.6713832496619,0,15,0,7,30,45.0,27.0,30.142857142857142,1
2023-07-25,SKU_11,Category_2,19,659.6713832496619,0,49,1,7,30,15.0,26.0,28.428571428571427,0
2023-07-26,SKU_11,Category_2,21,659.6713832496619,0,93,2,7,30,19.0,39.0,27.428571428571427,0
2023-07-27,SKU_11,Category_2,27,659.6713832496619,0,91,3,7,30,21.0,27.0,24.857142857142858,0
2023-07-28,SKU_11,Category_2,46,659.6713832496619,1,72,4,7,30,27.0,26.0,24.857142857142858,0
2023-07-29,SKU_11,Category_2,29,659.6713832496619,1,29,5,7,30,46.0,21.0,27.714285714285715,1
2023-07-30,SKU_11,Category_2,12,659.6713832496619,1,12,6,7,30,29.0,45.0,28.857142857142858,1
2023-07-31,SKU_11,Category_2,38,659.6713832496619,0,98,0,7,31,12.0,15.0,24.142857142857142,0
2023-08-01,SKU_11,Category_2,33,659.6713832496619,0,83,1,8,31,38.0,19.0,27.428571428571427,0
2023-08-02,SKU_11,Category_2,26,659.6713832496619,0,48,2,8,31,33.0,21.0,29.428571428571427,0
2023-08-03,SKU_11,Category_2,37,659.6713832496619,0,73,3,8,31,26.0,27.0,30.142857142857142,0
2023-08-04,SKU_11,Category_2,23,659.6713832496619,0,23,4,8,31,37.0,46.0,31.571428571428573,1
2023-08-05,SKU_11,Category_2,30,659.6713832496619,0,48,5,8,31,23.0,29.0,28.285714285714285,0
2023-08-06,SKU_11,Category_2,37,659.6713832496619,0,98,6,8,31,30.0,12.0,28.428571428571427,0
2023-08-07,SKU_11,Category_2,29,659.6713832496619,0,96,0,8,32,37.0,38.0,32.0,0
2023-08-08,SKU_11,Category_2,19,659.6713832496619,0,19,1,8,32,29.0,33.0,30.714285714285715,1
2023-08-09,SKU_11,Category_2,36,659.6713832496619,0,90,2,8,32,19.0,26.0,28.714285714285715,0
2023-08-10,SKU_11,Category_2,22,659.6713832496619,0,22,3,8,32,36.0,37.0,30.142857142857142,1
2023-08-11,SKU_11,Category_2,20,659.6713832496619,0,84,4,8,32,22.0,23.0,28.0,0
2023-08-12,SKU_11,Category_2,13,659.6713832496619,0,13,5,8,32,20.0,30.0,27.571428571428573,1
2023-08-13,SKU_11,Category_2,31,659.6713832496619,0,54,6,8,32,13.0,37.0,25.142857142857142,0
2023-08-14,SKU_11,Category_2,33,659.6713832496619,1,62,0,8,33,31.0,29.0,24.285714285714285,0
2023-08-15,SKU_11,Category_2,26,659.6713832496619,0,39,1,8,33,33.0,19.0,24.857142857142858,0
2023-08-16,SKU_11,Category_2,23,659.6713832496619,0,42,2,8,33,26.0,36.0,25.857142857142858,0
2023-08-17,SKU_11,Category_2,24,659.6713832496619,0,24,3,8,33,23.0,22.0,24.0,1
2023-08-18,SKU_11,Category_2,26,659.6713832496619,0,63,4,8,33,24.0,20.0,24.285714285714285,0
2023-08-19,SKU_11,Category_2,32,659.6713832496619,0,32,5,8,33,26.0,13.0,25.142857142857142,1
2023-08-20,SKU_11,Category_2,11,659.6713832496619,0,11,6,8,33,32.0,31.0,27.857142857142858,1
2023-08-21,SKU_11,Category_2,35,659.6713832496619,1,76,0,8,34,11.0,33.0,25.0,0
2023-08-22,SKU_11,Category_2,19,659.6713832496619,0,45,1,8,34,35.0,26.0,25.285714285714285,0
2023-08-23,SKU_11,Category_2,27,659.6713832496619,0,96,2,8,34,19.0,23.0,24.285714285714285,0
2023-08-24,SKU_11,Category_2,31,659.6713832496619,0,40,3,8,34,27.0,24.0,24.857142857142858,0
2023-08-25,SKU_11,Category_2,35,659.6713832496619,0,52,4,8,34,31.0,26.0,25.857142857142858,0
2023-08-26,SKU_11,Category_2,24,659.6713832496619,0,24,5,8,34,35.0,32.0,27.142857142857142,1
2023-08-27,SKU_11,Category_2,55,659.6713832496619,1,60,6,8,34,24.0,11.0,26.0,0
2023-08-28,SKU_11,Category_2,13,659.6713832496619,0,13,0,8,35,55.0,35.0,32.285714285714285,1
2023-08-29,SKU_11,Category_2,36,659.6713832496619,0,64,1,8,35,13.0,19.0,29.142857142857142,0
2023-08-30,SKU_11,Category_2,29,659.6713832496619,0,45,2,8,35,36.0,27.0,31.571428571428573,0
2023-08-31,SKU_11,Category_2,27,659.6713832496619,0,59,3,8,35,29.0,31.0,31.857142857142858,0
2023-09-01,SKU_11,Category_2,14,659.6713832496619,0,14,4,9,35,27.0,35.0,31.285714285714285,1
2023-09-02,SKU_11,Category_2,57,659.6713832496619,1,64,5,9,35,14.0,24.0,28.285714285714285,0
2023-09-03,SKU_11,Category_2,36,659.6713832496619,0,54,6,9,35,57.0,55.0,33.0,0
2023-09-04,SKU_11,Category_2,28,659.6713832496619,0,46,0,9,36,36.0,13.0,30.285714285714285,0
2023-09-05,SKU_11,Category_2,35,659.6713832496619,0,93,1,9,36,28.0,36.0,32.42857142857143,0
2023-09-06,SKU_11,Category_2,26,659.6713832496619,0,28,2,9,36,35.0,29.0,32.285714285714285,0
2023-09-07,SKU_11,Category_2,15,659.6713832496619,0,15,3,9,36,26.0,27.0,31.857142857142858,1
2023-09-08,SKU_11,Category_2,23,659.6713832496619,0,94,4,9,36,15.0,14.0,30.142857142857142,0
2023-09-09,SKU_11,Category_2,36,659.6713832496619,0,80,5,9,36,23.0,57.0,31.428571428571427,0
2023-09-10,SKU_11,Category_2,34,659.6713832496619,0,39,6,9,36,36.0,36.0,28.428571428571427,0
2023-09-11,SKU_11,Category_2,27,659.6713832496619,0,66,0,9,37,34.0,28.0,28.142857142857142,0
2023-09-12,SKU_11,Category_2,33,659.6713832496619,1,44,1,9,37,27.0,35.0,28.0,0
2023-09-13,SKU_11,Category_2,31,659.6713832496619,0,39,2,9,37,33.0,26.0,27.714285714285715,0
2023-09-14,SKU_11,Category_2,34,659.6713832496619,0,61,3,9,37,31.0,15.0,28.428571428571427,0
2023-09-15,SKU_11,Category_2,24,659.6713832496619,0,45,4,9,37,34.0,23.0,31.142857142857142,0
2023-09-16,SKU_11,Category_2,31,659.6713832496619,0,31,5,9,37,24.0,36.0,31.285714285714285,1
2023-09-17,SKU_11,Category_2,36,659.6713832496619,0,78,6,9,37,31.0,34.0,30.571428571428573,0
2023-09-18,SKU_11,Category_2,28,659.6713832496619,0,39,0,9,38,36.0,27.0,30.857142857142858,0
2023-09-19,SKU_11,Category_2,35,659.6713832496619,0,64,1,9,38,28.0,33.0,31.0,0
2023-09-20,SKU_11,Category_2,40,659.6713832496619,1,43,2,9,38,35.0,31.0,31.285714285714285,0
2023-09-21,SKU_11,Category_2,24,659.6713832496619,0,36,3,9,38,40.0,34.0,32.57142857142857,0
2023-09-22,SKU_11,Category_2,29,659.6713832496619,0,71,4,9,38,24.0,24.0,31.142857142857142,0
2023-09-23,SKU_11,Category_2,55,659.6713832496619,1,95,5,9,38,29.0,31.0,31.857142857142858,0
2023-09-24,SKU_11,Category_2,35,659.6713832496619,0,40,6,9,38,55.0,36.0,35.285714285714285,0
2023-09-25,SKU_11,Category_2,27,659.6713832496619,0,42,0,9,39,35.0,28.0,35.142857142857146,0
2023-09-26,SKU_11,Category_2,27,659.6713832496619,0,45,1,9,39,27.0,35.0,35.0,0
2023-09-27,SKU_11,Category_2,25,659.6713832496619,0,25,2,9,39,27.0,40.0,33.857142857142854,1
2023-09-28,SKU_11,Category_2,43,659.6713832496619,1,84,3,9,39,25.0,24.0,31.714285714285715,0
2023-09-29,SKU_11,Category_2,30,659.6713832496619,0,71,4,9,39,43.0,29.0,34.42857142857143,0
2023-09-30,SKU_11,Category_2,44,659.6713832496619,0,54,5,9,39,30.0,55.0,34.57142857142857,0
2023-10-01,SKU_11,Category_2,10,659.6713832496619,0,10,6,10,39,44.0,35.0,33.0,1
2023-10-02,SKU_11,Category_2,40,659.6713832496619,1,97,0,10,40,10.0,27.0,29.428571428571427,0
2023-10-03,SKU_11,Category_2,34,659.6713832496619,0,83,1,10,40,40.0,27.0,31.285714285714285,0
2023-10-04,SKU_11,Category_2,33,659.6713832496619,0,88,2,10,40,34.0,25.0,32.285714285714285,0
2023-10-05,SKU_11,Category_2,32,659.6713832496619,1,77,3,10,40,33.0,43.0,33.42857142857143,0
2023-10-06,SKU_11,Category_2,34,659.6713832496619,0,69,4,10,40,32.0,30.0,31.857142857142858,0
2023-10-07,SKU_11,Category_2,30,659.6713832496619,0,30,5,10,40,34.0,44.0,32.42857142857143,1
2023-10-08,SKU_11,Category_2,36,659.6713832496619,0,45,6,10,40,30.0,10.0,30.428571428571427,0
2023-10-09,SKU_11,Category_2,27,659.6713832496619,0,60,0,10,41,36.0,40.0,34.142857142857146,0
2023-10-10,SKU_11,Category_2,20,659.6713832496619,0,68,1,10,41,27.0,34.0,32.285714285714285,0
2023-10-11,SKU_11,Category_2,19,659.6713832496619,0,49,2,10,41,20.0,33.0,30.285714285714285,0
2023-10-12,SKU_11,Category_2,18,659.6713832496619,0,18,3,10,41,19.0,32.0,28.285714285714285,1
2023-10-13,SKU_11,Category_2,24,659.6713832496619,0,30,4,10,41,18.0,34.0,26.285714285714285,0
2023-10-14,SKU_11,Category_2,34,659.6713832496619,1,34,5,10,41,24.0,30.0,24.857142857142858,1
2023-10-15,SKU_11,Category_2,36,659.6713832496619,0,71,6,10,41,34.0,36.0,25.428571428571427,0
2023-10-16,SKU_11,Category_2,30,659.6713832496619,0,85,0,10,42,36.0,27.0,25.428571428571427,0
2023-10-17,SKU_11,Category_2,19,659.6713832496619,0,29,1,10,42,30.0,20.0,25.857142857142858,0
2023-10-18,SKU_11,Category_2,25,659.6713832496619,0,29,2,10,42,19.0,19.0,25.714285714285715,0
2023-10-19,SKU_11,Category_2,17,659.6713832496619,0,36,3,10,42,25.0,18.0,26.571428571428573,0
2023-10-20,SKU_11,Category_2,27,659.6713832496619,0,31,4,10,42,17.0,24.0,26.428571428571427,0
2023-10-21,SKU_11,Category_2,30,659.6713832496619,0,96,5,10,42,27.0,34.0,26.857142857142858,0
2023-10-22,SKU_11,Category_2,38,659.6713832496619,0,91,6,10,42,30.0,36.0,26.285714285714285,0
2023-10-23,SKU_11,Category_2,28,659.6713832496619,0,43,0,10,43,38.0,30.0,26.571428571428573,0
2023-10-24,SKU_11,Category_2,29,659.6713832496619,0,84,1,10,43,28.0,19.0,26.285714285714285,0
2023-10-25,SKU_11,Category_2,24,659.6713832496619,0,64,2,10,43,29.0,25.0,27.714285714285715,0
2023-10-26,SKU_11,Category_2,35,659.6713832496619,0,85,3,10,43,24.0,17.0,27.571428571428573,0
2023-10-27,SKU_11,Category_2,28,659.6713832496619,0,70,4,10,43,35.0,27.0,30.142857142857142,0
2023-10-28,SKU_11,Category_2,10,659.6713832496619,0,10,5,10,43,28.0,30.0,30.285714285714285,1
2023-10-29,SKU_11,Category_2,42,659.6713832496619,0,43,6,10,43,10.0,38.0,27.428571428571427,0
2023-10-30,SKU_11,Category_2,27,659.6713832496619,0,27,0,10,44,42.0,28.0,28.0,1
2023-10-31,SKU_11,Category_2,13,659.6713832496619,0,13,1,10,44,27.0,29.0,27.857142857142858,1
2023-11-01,SKU_11,Category_2,27,659.6713832496619,0,69,2,11,44,13.0,24.0,25.571428571428573,0
2023-11-02,SKU_11,Category_2,31,659.6713832496619,0,74,3,11,44,27.0,35.0,26.0,0
2023-11-03,SKU_11,Category_2,35,659.6713832496619,0,80,4,11,44,31.0,28.0,25.428571428571427,0
2023-11-04,SKU_11,Category_2,52,659.6713832496619,1,89,5,11,44,35.0,10.0,26.428571428571427,0
2023-11-05,SKU_11,Category_2,46,659.6713832496619,0,52,6,11,44,52.0,42.0,32.42857142857143,0
2023-11-06,SKU_11,Category_2,28,659.6713832496619,0,34,0,11,45,46.0,27.0,33.0,0
2023-11-07,SKU_11,Category_2,17,659.6713832496619,0,17,1,11,45,28.0,13.0,33.142857142857146,1
2023-11-08,SKU_11,Category_2,14,659.6713832496619,0,14,2,11,45,17.0,27.0,33.714285714285715,1
2023-11-09,SKU_11,Category_2,26,659.6713832496619,0,32,3,11,45,14.0,31.0,31.857142857142858,0
2023-11-10,SKU_11,Category_2,18,659.6713832496619,0,18,4,11,45,26.0,35.0,31.142857142857142,1
2023-11-11,SKU_11,Category_2,33,659.6713832496619,1,33,5,11,45,18.0,52.0,28.714285714285715,1
2023-11-12,SKU_11,Category_2,29,659.6713832496619,0,29,6,11,45,33.0,46.0,26.0,1
2023-11-13,SKU_11,Category_2,26,659.6713832496619,0,26,0,11,46,29.0,28.0,23.571428571428573,1
2023-11-14,SKU_11,Category_2,23,659.6713832496619,0,28,1,11,46,26.0,17.0,23.285714285714285,0
2023-11-15,SKU_11,Category_2,20,659.6713832496619,0,20,2,11,46,23.0,14.0,24.142857142857142,1
2023-11-16,SKU_11,Category_2,27,659.6713832496619,0,99,3,11,46,20.0,26.0,25.0,0
2023-11-17,SKU_11,Category_2,38,659.6713832496619,1,49,4,11,46,27.0,18.0,25.142857142857142,0
2023-11-18,SKU_11,Category_2,41,659.6713832496619,0,97,5,11,46,38.0,33.0,28.0,0
2023-11-19,SKU_11,Category_2,38,659.6713832496619,0,38,6,11,46,41.0,29.0,29.142857142857142,1
2023-11-20,SKU_11,Category_2,40,659.6713832496619,0,44,0,11,47,38.0,26.0,30.428571428571427,0
2023-11-21,SKU_11,Category_2,17,659.6713832496619,0,17,1,11,47,40.0,23.0,32.42857142857143,1
2023-11-22,SKU_11,Category_2,25,659.6713832496619,0,86,2,11,47,17.0,20.0,31.571428571428573,0
2023-11-23,SKU_11,Category_2,31,659.6713832496619,0,70,3,11,47,25.0,27.0,32.285714285714285,0
2023-11-24,SKU_11,Category_2,38,659.6713832496619,1,47,4,11,47,31.0,38.0,32.857142857142854,0
2023-11-25,SKU_11,Category_2,34,659.6713832496619,0,80,5,11,47,38.0,41.0,32.857142857142854,0
2023-11-26,SKU_11,Category_2,31,659.6713832496619,0,31,6,11,47,34.0,38.0,31.857142857142858,1
2023-11-27,SKU_11,Category_2,27,659.6713832496619,0,27,0,11,48,31.0,40.0,30.857142857142858,1
2023-11-28,SKU_11,Category_2,40,659.6713832496619,1,48,1,11,48,27.0,17.0,29.0,0
2023-11-29,SKU_11,Category_2,29,659.6713832496619,0,55,2,11,48,40.0,25.0,32.285714285714285,0
2023-11-30,SKU_11,Category_2,32,659.6713832496619,0,34,3,11,48,29.0,31.0,32.857142857142854,0
2023-12-01,SKU_11,Category_2,22,659.6713832496619,0,88,4,12,48,32.0,38.0,33.0,0
2023-12-02,SKU_11,Category_2,46,659.6713832496619,0,57,5,12,48,22.0,34.0,30.714285714285715,0
2023-12-03,SKU_11,Category_2,15,659.6713832496619,0,15,6,12,48,46.0,31.0,32.42857142857143,1
2023-12-04,SKU_11,Category_2,28,659.6713832496619,0,72,0,12,49,15.0,27.0,30.142857142857142,0
2023-12-05,SKU_11,Category_2,44,659.6713832496619,1,54,1,12,49,28.0,40.0,30.285714285714285,0
2023-12-06,SKU_11,Category_2,16,659.6713832496619,0,88,2,12,49,44.0,29.0,30.857142857142858,0
2023-12-07,SKU_11,Category_2,34,659.6713832496619,0,84,3,12,49,16.0,32.0,29.0,0
2023-12-08,SKU_11,Category_2,17,659.6713832496619,0,98,4,12,49,34.0,22.0,29.285714285714285,0
2023-12-09,SKU_11,Category_2,39,659.6713832496619,1,39,5,12,49,17.0,46.0,28.571428571428573,1
2023-12-10,SKU_11,Category_2,25,659.6713832496619,0,25,6,12,49,39.0,15.0,27.571428571428573,1
2023-12-11,SKU_11,Category_2,33,659.6713832496619,0,34,0,12,50,25.0,28.0,29.0,0
2023-12-12,SKU_11,Category_2,20,659.6713832496619,0,68,1,12,50,33.0,44.0,29.714285714285715,0
2023-12-13,SKU_11,Category_2,37,659.6713832496619,0,90,2,12,50,20.0,16.0,26.285714285714285,0
2023-12-14,SKU_11,Category_2,22,659.6713832496619,0,50,3,12,50,37.0,34.0,29.285714285714285,0
2023-12-15,SKU_11,Category_2,25,659.6713832496619,0,42,4,12,50,22.0,17.0,27.571428571428573,0
2023-12-16,SKU_11,Category_2,56,659.6713832496619,1,74,5,12,50,25.0,39.0,28.714285714285715,0
2023-12-17,SKU_11,Category_2,44,659.6713832496619,0,88,6,12,50,56.0,25.0,31.142857142857142,0
2023-12-18,SKU_11,Category_2,23,659.6713832496619,0,34,0,12,51,44.0,33.0,33.857142857142854,0
2023-12-19,SKU_11,Category_2,12,659.6713832496619,0,12,1,12,51,23.0,20.0,32.42857142857143,1
2023-12-20,SKU_11,Category_2,16,659.6713832496619,0,16,2,12,51,12.0,37.0,31.285714285714285,1
2023-12-21,SKU_11,Category_2,24,659.6713832496619,0,48,3,12,51,16.0,22.0,28.285714285714285,0
2023-12-22,SKU_11,Category_2,28,659.6713832496619,1,28,4,12,51,24.0,25.0,28.571428571428573,1
2023-12-23,SKU_11,Category_2,23,659.6713832496619,0,39,5,12,51,28.0,56.0,29.0,0
2023-12-24,SKU_11,Category_2,30,659.6713832496619,0,30,6,12,51,23.0,44.0,24.285714285714285,1
2023-12-25,SKU_11,Category_2,27,659.6713832496619,0,27,0,12,52,30.0,23.0,22.285714285714285,1
2023-12-26,SKU_11,Category_2,46,659.6713832496619,1,57,1,12,52,27.0,12.0,22.857142857142858,0
2023-12-27,SKU_11,Category_2,32,659.6713832496619,0,96,2,12,52,46.0,16.0,27.714285714285715,0
2023-12-28,SKU_11,Category_2,23,659.6713832496619,0,71,3,12,52,32.0,24.0,30.0,0
2023-12-29,SKU_11,Category_2,45,659.6713832496619,1,58,4,12,52,23.0,28.0,29.857142857142858,0
2023-12-30,SKU_11,Category_2,34,659.6713832496619,0,56,5,12,52,45.0,23.0,32.285714285714285,0
2023-12-31,SKU_11,Category_2,40,659.6713832496619,0,90,6,12,52,34.0,30.0,33.857142857142854,0
2023-01-08,SKU_12,Category_3,60,1529.1097331340793,0,77,6,1,1,52.0,50.0,40.42857142857143,0
2023-01-09,SKU_12,Category_3,19,1529.1097331340793,0,19,0,1,2,60.0,35.0,41.857142857142854,1
2023-01-10,SKU_12,Category_3,68,1529.1097331340793,1,78,1,1,2,19.0,41.0,39.57142857142857,0
2023-01-11,SKU_12,Category_3,43,1529.1097331340793,0,96,2,1,2,68.0,29.0,43.42857142857143,0
2023-01-12,SKU_12,Category_3,43,1529.1097331340793,0,53,3,1,2,43.0,38.0,45.42857142857143,0
2023-01-13,SKU_12,Category_3,43,1529.1097331340793,0,97,4,1,2,43.0,38.0,46.142857142857146,0
2023-01-14,SKU_12,Category_3,54,1529.1097331340793,0,75,5,1,2,43.0,52.0,46.857142857142854,0
2023-01-15,SKU_12,Category_3,34,1529.1097331340793,0,34,6,1,2,54.0,60.0,47.142857142857146,1
2023-01-16,SKU_12,Category_3,43,1529.1097331340793,0,79,0,1,3,34.0,19.0,43.42857142857143,0
2023-01-17,SKU_12,Category_3,42,1529.1097331340793,0,93,1,1,3,43.0,68.0,46.857142857142854,0
2023-01-18,SKU_12,Category_3,39,1529.1097331340793,0,81,2,1,3,42.0,43.0,43.142857142857146,0
2023-01-19,SKU_12,Category_3,36,1529.1097331340793,0,36,3,1,3,39.0,43.0,42.57142857142857,1
2023-01-20,SKU_12,Category_3,50,1529.1097331340793,0,79,4,1,3,36.0,43.0,41.57142857142857,0
2023-01-21,SKU_12,Category_3,47,1529.1097331340793,0,82,5,1,3,50.0,54.0,42.57142857142857,0
2023-01-22,SKU_12,Category_3,34,1529.1097331340793,0,34,6,1,3,47.0,34.0,41.57142857142857,1
2023-01-23,SKU_12,Category_3,42,1529.1097331340793,0,93,0,1,4,34.0,43.0,41.57142857142857,0
2023-01-24,SKU_12,Category_3,46,1529.1097331340793,0,76,1,1,4,42.0,42.0,41.42857142857143,0
2023-01-25,SKU_12,Category_3,39,1529.1097331340793,0,78,2,1,4,46.0,39.0,42.0,0
2023-01-26,SKU_12,Category_3,40,1529.1097331340793,0,57,3,1,4,39.0,36.0,42.0,0
2023-01-27,SKU_12,Category_3,18,1529.1097331340793,0,18,4,1,4,40.0,50.0,42.57142857142857,1
2023-01-28,SKU_12,Category_3,23,1529.1097331340793,0,23,5,1,4,18.0,47.0,38.0,1
2023-01-29,SKU_12,Category_3,57,1529.1097331340793,0,72,6,1,4,23.0,34.0,34.57142857142857,0
2023-01-30,SKU_12,Category_3,39,1529.1097331340793,0,75,0,1,5,57.0,42.0,37.857142857142854,0
2023-01-31,SKU_12,Category_3,42,1529.1097331340793,0,84,1,1,5,39.0,46.0,37.42857142857143,0
2023-02-01,SKU_12,Category_3,39,1529.1097331340793,0,39,2,2,5,42.0,39.0,36.857142857142854,1
2023-02-02,SKU_12,Category_3,39,1529.1097331340793,0,75,3,2,5,39.0,40.0,36.857142857142854,0
2023-02-03,SKU_12,Category_3,39,1529.1097331340793,0,52,4,2,5,39.0,18.0,36.714285714285715,0
2023-02-04,SKU_12,Category_3,12,1529.1097331340793,0,12,5,2,5,39.0,23.0,39.714285714285715,1
2023-02-05,SKU_12,Category_3,50,1529.1097331340793,0,72,6,2,5,12.0,57.0,38.142857142857146,0
2023-02-06,SKU_12,Category_3,27,1529.1097331340793,0,27,0,2,6,50.0,39.0,37.142857142857146,1
2023-02-07,SKU_12,Category_3,44,1529.1097331340793,0,55,1,2,6,27.0,42.0,35.42857142857143,0
2023-02-08,SKU_12,Category_3,45,1529.1097331340793,0,84,2,2,6,44.0,39.0,35.714285714285715,0
2023-02-09,SKU_12,Category_3,36,1529.1097331340793,0,44,3,2,6,45.0,39.0,36.57142857142857,0
2023-02-10,SKU_12,Category_3,44,1529.1097331340793,0,82,4,2,6,36.0,39.0,36.142857142857146,0
2023-02-11,SKU_12,Category_3,12,1529.1097331340793,0,12,5,2,6,44.0,12.0,36.857142857142854,1
2023-02-12,SKU_12,Category_3,16,1529.1097331340793,1,16,6,2,6,12.0,50.0,36.857142857142854,1
2023-02-13,SKU_12,Category_3,31,1529.1097331340793,0,48,0,2,7,16.0,27.0,32.0,0
2023-02-14,SKU_12,Category_3,32,1529.1097331340793,1,32,1,2,7,31.0,44.0,32.57142857142857,1
2023-02-15,SKU_12,Category_3,44,1529.1097331340793,0,82,2,2,7,32.0,45.0,30.857142857142858,0
2023-02-16,SKU_12,Category_3,36,1529.1097331340793,0,63,3,2,7,44.0,36.0,30.714285714285715,0
2023-02-17,SKU_12,Category_3,40,1529.1097331340793,0,59,4,2,7,36.0,44.0,30.714285714285715,0
2023-02-18,SKU_12,Category_3,56,1529.1097331340793,0,92,5,2,7,40.0,12.0,30.142857142857142,0
2023-02-19,SKU_12,Category_3,47,1529.1097331340793,0,54,6,2,7,56.0,16.0,36.42857142857143,0
2023-02-20,SKU_12,Category_3,15,1529.1097331340793,0,15,0,2,8,47.0,31.0,40.857142857142854,1
2023-02-21,SKU_12,Category_3,48,1529.1097331340793,0,62,1,2,8,15.0,32.0,38.57142857142857,0
2023-02-22,SKU_12,Category_3,34,1529.1097331340793,0,34,2,2,8,48.0,44.0,40.857142857142854,1
2023-02-23,SKU_12,Category_3,27,1529.1097331340793,0,27,3,2,8,34.0,36.0,39.42857142857143,1
2023-02-24,SKU_12,Category_3,17,1529.1097331340793,1,17,4,2,8,27.0,40.0,38.142857142857146,1
2023-02-25,SKU_12,Category_3,50,1529.1097331340793,0,71,5,2,8,17.0,56.0,34.857142857142854,0
2023-02-26,SKU_12,Category_3,60,1529.1097331340793,0,94,6,2,8,50.0,47.0,34.0,0
2023-02-27,SKU_12,Category_3,31,1529.1097331340793,1,31,0,2,9,60.0,15.0,35.857142857142854,1
2023-02-28,SKU_12,Category_3,54,1529.1097331340793,1,54,1,2,9,31.0,48.0,38.142857142857146,1
2023-03-01,SKU_12,Category_3,40,1529.1097331340793,0,55,2,3,9,54.0,34.0,39.0,0
2023-03-02,SKU_12,Category_3,50,1529.1097331340793,0,84,3,3,9,40.0,27.0,39.857142857142854,0
2023-03-03,SKU_12,Category_3,44,1529.1097331340793,0,97,4,3,9,50.0,17.0,43.142857142857146,0
2023-03-04,SKU_12,Category_3,56,1529.1097331340793,0,71,5,3,9,44.0,50.0,47.0,0
2023-03-05,SKU_12,Category_3,49,1529.1097331340793,0,71,6,3,9,56.0,60.0,47.857142857142854,0
2023-03-06,SKU_12,Category_3,44,1529.1097331340793,0,77,0,3,10,49.0,31.0,46.285714285714285,0
2023-03-07,SKU_12,Category_3,45,1529.1097331340793,0,47,1,3,10,44.0,54.0,48.142857142857146,0
2023-03-08,SKU_12,Category_3,41,1529.1097331340793,0,71,2,3,10,45.0,40.0,46.857142857142854,0
2023-03-09,SKU_12,Category_3,18,1529.1097331340793,0,18,3,3,10,41.0,50.0,47.0,1
2023-03-10,SKU_12,Category_3,19,1529.1097331340793,0,19,4,3,10,18.0,44.0,42.42857142857143,1
2023-03-11,SKU_12,Category_3,12,1529.1097331340793,0,12,5,3,10,19.0,56.0,38.857142857142854,1
2023-03-12,SKU_12,Category_3,59,1529.1097331340793,0,73,6,3,10,12.0,49.0,32.57142857142857,0
2023-03-13,SKU_12,Category_3,30,1529.1097331340793,0,30,0,3,11,59.0,44.0,34.0,1
2023-03-14,SKU_12,Category_3,36,1529.1097331340793,1,36,1,3,11,30.0,45.0,32.0,1
2023-03-15,SKU_12,Category_3,44,1529.1097331340793,0,56,2,3,11,36.0,41.0,30.714285714285715,0
2023-03-16,SKU_12,Category_3,19,1529.1097331340793,0,19,3,3,11,44.0,18.0,31.142857142857142,1
2023-03-17,SKU_12,Category_3,46,1529.1097331340793,0,53,4,3,11,19.0,19.0,31.285714285714285,0
2023-03-18,SKU_12,Category_3,45,1529.1097331340793,0,45,5,3,11,46.0,12.0,35.142857142857146,1
2023-03-19,SKU_12,Category_3,57,1529.1097331340793,0,98,6,3,11,45.0,59.0,39.857142857142854,0
2023-03-20,SKU_12,Category_3,45,1529.1097331340793,0,59,0,3,12,57.0,30.0,39.57142857142857,0
2023-03-21,SKU_12,Category_3,42,1529.1097331340793,0,64,1,3,12,45.0,36.0,41.714285714285715,0
2023-03-22,SKU_12,Category_3,17,1529.1097331340793,0,17,2,3,12,42.0,44.0,42.57142857142857,1
2023-03-23,SKU_12,Category_3,43,1529.1097331340793,0,62,3,3,12,17.0,19.0,38.714285714285715,0
2023-03-24,SKU_12,Category_3,49,1529.1097331340793,0,58,4,3,12,43.0,46.0,42.142857142857146,0
2023-03-25,SKU_12,Category_3,56,1529.1097331340793,0,61,5,3,12,49.0,45.0,42.57142857142857,0
2023-03-26,SKU_12,Category_3,14,1529.1097331340793,0,14,6,3,12,56.0,57.0,44.142857142857146,1
2023-03-27,SKU_12,Category_3,34,1529.1097331340793,0,81,0,3,13,14.0,45.0,38.0,0
2023-03-28,SKU_12,Category_3,40,1529.1097331340793,0,40,1,3,13,34.0,42.0,36.42857142857143,1
2023-03-29,SKU_12,Category_3,14,1529.1097331340793,0,14,2,3,13,40.0,17.0,36.142857142857146,1
2023-03-30,SKU_12,Category_3,43,1529.1097331340793,0,90,3,3,13,14.0,43.0,35.714285714285715,0
2023-03-31,SKU_12,Category_3,43,1529.1097331340793,0,60,4,3,13,43.0,49.0,35.714285714285715,0
2023-04-01,SKU_12,Category_3,40,1529.1097331340793,0,40,5,4,13,43.0,56.0,34.857142857142854,1
2023-04-02,SKU_12,Category_3,57,1529.1097331340793,0,65,6,4,13,40.0,14.0,32.57142857142857,0
2023-04-03,SKU_12,Category_3,54,1529.1097331340793,0,70,0,4,14,57.0,34.0,38.714285714285715,0
2023-04-04,SKU_12,Category_3,33,1529.1097331340793,0,88,1,4,14,54.0,40.0,41.57142857142857,0
2023-04-05,SKU_12,Category_3,45,1529.1097331340793,0,91,2,4,14,33.0,14.0,40.57142857142857,0
2023-04-06,SKU_12,Category_3,17,1529.1097331340793,0,17,3,4,14,45.0,43.0,45.0,1
2023-04-07,SKU_12,Category_3,35,1529.1097331340793,0,49,4,4,14,17.0,43.0,41.285714285714285,0
2023-04-08,SKU_12,Category_3,59,1529.1097331340793,0,98,5,4,14,35.0,40.0,40.142857142857146,0
2023-04-09,SKU_12,Category_3,48,1529.1097331340793,0,63,6,4,14,59.0,57.0,42.857142857142854,0
2023-04-10,SKU_12,Category_3,43,1529.1097331340793,0,55,0,4,15,48.0,54.0,41.57142857142857,0
2023-04-11,SKU_12,Category_3,26,1529.1097331340793,0,26,1,4,15,43.0,33.0,40.0,1
2023-04-12,SKU_12,Category_3,13,1529.1097331340793,0,13,2,4,15,26.0,45.0,39.0,1
2023-04-13,SKU_12,Category_3,39,1529.1097331340793,0,65,3,4,15,13.0,17.0,34.42857142857143,0
2023-04-14,SKU_12,Category_3,42,1529.1097331340793,0,72,4,4,15,39.0,35.0,37.57142857142857,0
2023-04-15,SKU_12,Category_3,54,1529.1097331340793,0,74,5,4,15,42.0,59.0,38.57142857142857,0
2023-04-16,SKU_12,Category_3,50,1529.1097331340793,0,63,6,4,15,54.0,48.0,37.857142857142854,0
2023-04-17,SKU_12,Category_3,48,1529.1097331340793,0,96,0,4,16,50.0,43.0,38.142857142857146,0
2023-04-18,SKU_12,Category_3,41,1529.1097331340793,0,61,1,4,16,48.0,26.0,38.857142857142854,0
2023-04-19,SKU_12,Category_3,35,1529.1097331340793,0,74,2,4,16,41.0,13.0,41.0,0
2023-04-20,SKU_12,Category_3,49,1529.1097331340793,0,81,3,4,16,35.0,39.0,44.142857142857146,0
2023-04-21,SKU_12,Category_3,35,1529.1097331340793,0,35,4,4,16,49.0,42.0,45.57142857142857,1
2023-04-22,SKU_12,Category_3,15,1529.1097331340793,0,15,5,4,16,35.0,54.0,44.57142857142857,1
2023-04-23,SKU_12,Category_3,42,1529.1097331340793,0,42,6,4,16,15.0,50.0,39.0,1
2023-04-24,SKU_12,Category_3,45,1529.1097331340793,0,60,0,4,17,42.0,48.0,37.857142857142854,0
2023-04-25,SKU_12,Category_3,43,1529.1097331340793,0,44,1,4,17,45.0,41.0,37.42857142857143,0
2023-04-26,SKU_12,Category_3,13,1529.1097331340793,0,13,2,4,17,43.0,35.0,37.714285714285715,1
2023-04-27,SKU_12,Category_3,15,1529.1097331340793,0,15,3,4,17,13.0,49.0,34.57142857142857,1
2023-04-28,SKU_12,Category_3,33,1529.1097331340793,0,76,4,4,17,15.0,35.0,29.714285714285715,0
2023-04-29,SKU_12,Category_3,24,1529.1097331340793,1,24,5,4,17,33.0,15.0,29.428571428571427,1
2023-04-30,SKU_12,Category_3,51,1529.1097331340793,0,97,6,4,17,24.0,42.0,30.714285714285715,0
2023-05-01,SKU_12,Category_3,44,1529.1097331340793,0,57,0,5,18,51.0,45.0,32.0,0
2023-05-02,SKU_12,Category_3,41,1529.1097331340793,0,53,1,5,18,44.0,43.0,31.857142857142858,0
2023-05-03,SKU_12,Category_3,33,1529.1097331340793,0,93,2,5,18,41.0,13.0,31.571428571428573,0
2023-05-04,SKU_12,Category_3,17,1529.1097331340793,0,17,3,5,18,33.0,15.0,34.42857142857143,1
2023-05-05,SKU_12,Category_3,16,1529.1097331340793,0,16,4,5,18,17.0,33.0,34.714285714285715,1
2023-05-06,SKU_12,Category_3,61,1529.1097331340793,0,88,5,5,18,16.0,24.0,32.285714285714285,0
2023-05-07,SKU_12,Category_3,32,1529.1097331340793,0,32,6,5,18,61.0,51.0,37.57142857142857,1
2023-05-08,SKU_12,Category_3,11,1529.1097331340793,0,11,0,5,19,32.0,44.0,34.857142857142854,1
2023-05-09,SKU_12,Category_3,42,1529.1097331340793,0,96,1,5,19,11.0,41.0,30.142857142857142,0
2023-05-10,SKU_12,Category_3,46,1529.1097331340793,0,96,2,5,19,42.0,33.0,30.285714285714285,0
2023-05-11,SKU_12,Category_3,62,1529.1097331340793,1,62,3,5,19,46.0,17.0,32.142857142857146,1
2023-05-12,SKU_12,Category_3,47,1529.1097331340793,0,48,4,5,19,62.0,16.0,38.57142857142857,0
2023-05-13,SKU_12,Category_3,58,1529.1097331340793,0,86,5,5,19,47.0,61.0,43.0,0
2023-05-14,SKU_12,Category_3,42,1529.1097331340793,0,42,6,5,19,58.0,32.0,42.57142857142857,1
2023-05-15,SKU_12,Category_3,36,1529.1097331340793,0,42,0,5,20,42.0,11.0,44.0,0
2023-05-16,SKU_12,Category_3,28,1529.1097331340793,0,28,1,5,20,36.0,42.0,47.57142857142857,1
2023-05-17,SKU_12,Category_3,37,1529.1097331340793,0,51,2,5,20,28.0,46.0,45.57142857142857,0
2023-05-18,SKU_12,Category_3,47,1529.1097331340793,1,47,3,5,20,37.0,62.0,44.285714285714285,1
2023-05-19,SKU_12,Category_3,17,1529.1097331340793,0,17,4,5,20,47.0,47.0,42.142857142857146,1
2023-05-20,SKU_12,Category_3,29,1529.1097331340793,0,29,5,5,20,17.0,58.0,37.857142857142854,1
2023-05-21,SKU_12,Category_3,53,1529.1097331340793,0,81,6,5,20,29.0,42.0,33.714285714285715,0
2023-05-22,SKU_12,Category_3,44,1529.1097331340793,0,72,0,5,21,53.0,36.0,35.285714285714285,0
2023-05-23,SKU_12,Category_3,30,1529.1097331340793,0,30,1,5,21,44.0,28.0,36.42857142857143,1
2023-05-24,SKU_12,Category_3,43,1529.1097331340793,0,57,2,5,21,30.0,37.0,36.714285714285715,0
2023-05-25,SKU_12,Category_3,67,1529.1097331340793,1,99,3,5,21,43.0,47.0,37.57142857142857,0
2023-05-26,SKU_12,Category_3,44,1529.1097331340793,0,89,4,5,21,67.0,17.0,40.42857142857143,0
2023-05-27,SKU_12,Category_3,43,1529.1097331340793,0,43,5,5,21,44.0,29.0,44.285714285714285,1
2023-05-28,SKU_12,Category_3,36,1529.1097331340793,0,97,6,5,21,43.0,53.0,46.285714285714285,0
2023-05-29,SKU_12,Category_3,10,1529.1097331340793,0,10,0,5,22,36.0,44.0,43.857142857142854,1
2023-05-30,SKU_12,Category_3,44,1529.1097331340793,0,74,1,5,22,10.0,30.0,39.0,0
2023-05-31,SKU_12,Category_3,46,1529.1097331340793,0,52,2,5,22,44.0,43.0,41.0,0
2023-06-01,SKU_12,Category_3,40,1529.1097331340793,0,73,3,6,22,46.0,67.0,41.42857142857143,0
2023-06-02,SKU_12,Category_3,44,1529.1097331340793,0,90,4,6,22,40.0,44.0,37.57142857142857,0
2023-06-03,SKU_12,Category_3,57,1529.1097331340793,0,90,5,6,22,44.0,43.0,37.57142857142857,0
2023-06-04,SKU_12,Category_3,47,1529.1097331340793,0,74,6,6,22,57.0,36.0,39.57142857142857,0
2023-06-05,SKU_12,Category_3,28,1529.1097331340793,0,28,0,6,23,47.0,10.0,41.142857142857146,1
2023-06-06,SKU_12,Category_3,43,1529.1097331340793,0,78,1,6,23,28.0,44.0,43.714285714285715,0
2023-06-07,SKU_12,Category_3,34,1529.1097331340793,0,72,2,6,23,43.0,46.0,43.57142857142857,0
2023-06-08,SKU_12,Category_3,45,1529.1097331340793,0,60,3,6,23,34.0,40.0,41.857142857142854,0
2023-06-09,SKU_12,Category_3,27,1529.1097331340793,0,27,4,6,23,45.0,44.0,42.57142857142857,1
2023-06-10,SKU_12,Category_3,59,1529.1097331340793,0,66,5,6,23,27.0,57.0,40.142857142857146,0
2023-06-11,SKU_12,Category_3,56,1529.1097331340793,0,73,6,6,23,59.0,47.0,40.42857142857143,0
2023-06-12,SKU_12,Category_3,42,1529.1097331340793,0,42,0,6,24,56.0,28.0,41.714285714285715,1
2023-06-13,SKU_12,Category_3,20,1529.1097331340793,0,20,1,6,24,42.0,43.0,43.714285714285715,1
2023-06-14,SKU_12,Category_3,56,1529.1097331340793,0,80,2,6,24,20.0,34.0,40.42857142857143,0
2023-06-15,SKU_12,Category_3,43,1529.1097331340793,0,56,3,6,24,56.0,45.0,43.57142857142857,0
2023-06-16,SKU_12,Category_3,47,1529.1097331340793,0,56,4,6,24,43.0,27.0,43.285714285714285,0
2023-06-17,SKU_12,Category_3,15,1529.1097331340793,0,15,5,6,24,47.0,59.0,46.142857142857146,1
2023-06-18,SKU_12,Category_3,53,1529.1097331340793,0,85,6,6,24,15.0,56.0,39.857142857142854,0
2023-06-19,SKU_12,Category_3,25,1529.1097331340793,0,25,0,6,25,53.0,42.0,39.42857142857143,1
2023-06-20,SKU_12,Category_3,10,1529.1097331340793,0,10,1,6,25,25.0,20.0,37.0,1
2023-06-21,SKU_12,Category_3,29,1529.1097331340793,0,29,2,6,25,10.0,56.0,35.57142857142857,1
2023-06-22,SKU_12,Category_3,40,1529.1097331340793,0,88,3,6,25,29.0,43.0,31.714285714285715,0
2023-06-23,SKU_12,Category_3,49,1529.1097331340793,0,68,4,6,25,40.0,47.0,31.285714285714285,0
2023-06-24,SKU_12,Category_3,24,1529.1097331340793,0,24,5,6,25,49.0,15.0,31.571428571428573,1
2023-06-25,SKU_12,Category_3,61,1529.1097331340793,0,80,6,6,25,24.0,53.0,32.857142857142854,0
2023-06-26,SKU_12,Category_3,10,1529.1097331340793,0,10,0,6,26,61.0,25.0,34.0,1
2023-06-27,SKU_12,Category_3,34,1529.1097331340793,0,34,1,6,26,10.0,10.0,31.857142857142858,1
2023-06-28,SKU_12,Category_3,48,1529.1097331340793,0,70,2,6,26,34.0,29.0,35.285714285714285,0
2023-06-29,SKU_12,Category_3,13,1529.1097331340793,0,13,3,6,26,48.0,40.0,38.0,1
2023-06-30,SKU_12,Category_3,24,1529.1097331340793,0,24,4,6,26,13.0,49.0,34.142857142857146,1
2023-07-01,SKU_12,Category_3,31,1529.1097331340793,0,31,5,7,26,24.0,24.0,30.571428571428573,1
2023-07-02,SKU_12,Category_3,11,1529.1097331340793,0,11,6,7,26,31.0,61.0,31.571428571428573,1
2023-07-03,SKU_12,Category_3,38,1529.1097331340793,0,64,0,7,27,11.0,10.0,24.428571428571427,0
2023-07-04,SKU_12,Category_3,35,1529.1097331340793,0,35,1,7,27,38.0,34.0,28.428571428571427,1
2023-07-05,SKU_12,Category_3,45,1529.1097331340793,0,93,2,7,27,35.0,48.0,28.571428571428573,0
2023-07-06,SKU_12,Category_3,45,1529.1097331340793,0,65,3,7,27,45.0,13.0,28.142857142857142,0
2023-07-07,SKU_12,Category_3,50,1529.1097331340793,0,52,4,7,27,45.0,24.0,32.714285714285715,0
2023-07-08,SKU_12,Category_3,57,1529.1097331340793,0,85,5,7,27,50.0,31.0,36.42857142857143,0
2023-07-09,SKU_12,Category_3,49,1529.1097331340793,0,64,6,7,27,57.0,11.0,40.142857142857146,0
2023-07-10,SKU_12,Category_3,50,1529.1097331340793,0,52,0,7,28,49.0,38.0,45.57142857142857,0
2023-07-11,SKU_12,Category_3,33,1529.1097331340793,1,33,1,7,28,50.0,35.0,47.285714285714285,1
2023-07-12,SKU_12,Category_3,41,1529.1097331340793,0,46,2,7,28,33.0,45.0,47.0,0
2023-07-13,SKU_12,Category_3,50,1529.1097331340793,0,87,3,7,28,41.0,45.0,46.42857142857143,0
2023-07-14,SKU_12,Category_3,43,1529.1097331340793,0,89,4,7,28,50.0,50.0,47.142857142857146,0
2023-07-15,SKU_12,Category_3,63,1529.1097331340793,1,63,5,7,28,43.0,57.0,46.142857142857146,1
2023-07-16,SKU_12,Category_3,49,1529.1097331340793,0,87,6,7,28,63.0,49.0,47.0,0
2023-07-17,SKU_12,Category_3,27,1529.1097331340793,0,27,0,7,29,49.0,50.0,47.0,1
2023-07-18,SKU_12,Category_3,30,1529.1097331340793,0,30,1,7,29,27.0,33.0,43.714285714285715,1
2023-07-19,SKU_12,Category_3,40,1529.1097331340793,0,50,2,7,29,30.0,41.0,43.285714285714285,0
2023-07-20,SKU_12,Category_3,40,1529.1097331340793,0,89,3,7,29,40.0,50.0,43.142857142857146,0
2023-07-21,SKU_12,Category_3,36,1529.1097331340793,0,54,4,7,29,40.0,43.0,41.714285714285715,0
2023-07-22,SKU_12,Category_3,53,1529.1097331340793,0,93,5,7,29,36.0,63.0,40.714285714285715,0
2023-07-23,SKU_12,Category_3,41,1529.1097331340793,0,41,6,7,29,53.0,49.0,39.285714285714285,1
2023-07-24,SKU_12,Category_3,35,1529.1097331340793,0,35,0,7,30,41.0,27.0,38.142857142857146,1
2023-07-25,SKU_12,Category_3,51,1529.1097331340793,0,97,1,7,30,35.0,30.0,39.285714285714285,0
2023-07-26,SKU_12,Category_3,47,1529.1097331340793,0,81,2,7,30,51.0,40.0,42.285714285714285,0
2023-07-27,SKU_12,Category_3,37,1529.1097331340793,0,93,3,7,30,47.0,40.0,43.285714285714285,0
2023-07-28,SKU_12,Category_3,43,1529.1097331340793,0,63,4,7,30,37.0,36.0,42.857142857142854,0
2023-07-29,SKU_12,Category_3,36,1529.1097331340793,0,36,5,7,30,43.0,53.0,43.857142857142854,1
2023-07-30,SKU_12,Category_3,43,1529.1097331340793,0,43,6,7,30,36.0,41.0,41.42857142857143,1
2023-07-31,SKU_12,Category_3,51,1529.1097331340793,0,76,0,7,31,43.0,35.0,41.714285714285715,0
2023-08-01,SKU_12,Category_3,38,1529.1097331340793,0,61,1,8,31,51.0,51.0,44.0,0
2023-08-02,SKU_12,Category_3,45,1529.1097331340793,0,47,2,8,31,38.0,47.0,42.142857142857146,0
2023-08-03,SKU_12,Category_3,41,1529.1097331340793,0,66,3,8,31,45.0,37.0,41.857142857142854,0
2023-08-04,SKU_12,Category_3,33,1529.1097331340793,0,41,4,8,31,41.0,43.0,42.42857142857143,0
2023-08-05,SKU_12,Category_3,50,1529.1097331340793,0,50,5,8,31,33.0,36.0,41.0,1
2023-08-06,SKU_12,Category_3,35,1529.1097331340793,0,35,6,8,31,50.0,43.0,43.0,1
2023-08-07,SKU_12,Category_3,38,1529.1097331340793,0,46,0,8,32,35.0,51.0,41.857142857142854,0
2023-08-08,SKU_12,Category_3,48,1529.1097331340793,0,63,1,8,32,38.0,38.0,40.0,0
2023-08-09,SKU_12,Category_3,41,1529.1097331340793,0,78,2,8,32,48.0,45.0,41.42857142857143,0
2023-08-10,SKU_12,Category_3,46,1529.1097331340793,0,51,3,8,32,41.0,41.0,40.857142857142854,0
2023-08-11,SKU_12,Category_3,44,1529.1097331340793,0,72,4,8,32,46.0,33.0,41.57142857142857,0
2023-08-12,SKU_12,Category_3,53,1529.1097331340793,0,69,5,8,32,44.0,50.0,43.142857142857146,0
2023-08-13,SKU_12,Category_3,12,1529.1097331340793,0,12,6,8,32,53.0,35.0,43.57142857142857,1
2023-08-14,SKU_12,Category_3,48,1529.1097331340793,0,60,0,8,33,12.0,38.0,40.285714285714285,0
2023-08-15,SKU_12,Category_3,29,1529.1097331340793,0,29,1,8,33,48.0,48.0,41.714285714285715,1
2023-08-16,SKU_12,Category_3,41,1529.1097331340793,0,97,2,8,33,29.0,41.0,39.0,0
2023-08-17,SKU_12,Category_3,45,1529.1097331340793,0,95,3,8,33,41.0,46.0,39.0,0
2023-08-18,SKU_12,Category_3,44,1529.1097331340793,0,74,4,8,33,45.0,44.0,38.857142857142854,0
2023-08-19,SKU_12,Category_3,33,1529.1097331340793,0,33,5,8,33,44.0,53.0,38.857142857142854,1
2023-08-20,SKU_12,Category_3,29,1529.1097331340793,0,29,6,8,33,33.0,12.0,36.0,1
2023-08-21,SKU_12,Category_3,45,1529.1097331340793,0,45,0,8,34,29.0,48.0,38.42857142857143,1
2023-08-22,SKU_12,Category_3,10,1529.1097331340793,0,10,1,8,34,45.0,29.0,38.0,1
2023-08-23,SKU_12,Category_3,36,1529.1097331340793,0,46,2,8,34,10.0,41.0,35.285714285714285,0
2023-08-24,SKU_12,Category_3,22,1529.1097331340793,0,22,3,8,34,36.0,45.0,34.57142857142857,1
2023-08-25,SKU_12,Category_3,42,1529.1097331340793,0,52,4,8,34,22.0,44.0,31.285714285714285,0
2023-08-26,SKU_12,Category_3,59,1529.1097331340793,0,97,5,8,34,42.0,33.0,31.0,0
2023-08-27,SKU_12,Category_3,50,1529.1097331340793,0,50,6,8,34,59.0,29.0,34.714285714285715,1
2023-08-28,SKU_12,Category_3,46,1529.1097331340793,0,59,0,8,35,50.0,45.0,37.714285714285715,0
2023-08-29,SKU_12,Category_3,37,1529.1097331340793,0,73,1,8,35,46.0,10.0,37.857142857142854,0
2023-08-30,SKU_12,Category_3,39,1529.1097331340793,0,62,2,8,35,37.0,36.0,41.714285714285715,0
2023-08-31,SKU_12,Category_3,27,1529.1097331340793,0,27,3,8,35,39.0,22.0,42.142857142857146,1
2023-09-01,SKU_12,Category_3,50,1529.1097331340793,0,76,4,9,35,27.0,42.0,42.857142857142854,0
2023-09-02,SKU_12,Category_3,17,1529.1097331340793,0,17,5,9,35,50.0,59.0,44.0,1
2023-09-03,SKU_12,Category_3,59,1529.1097331340793,0,79,6,9,35,17.0,50.0,38.0,0
2023-09-04,SKU_12,Category_3,43,1529.1097331340793,0,58,0,9,36,59.0,46.0,39.285714285714285,0
2023-09-05,SKU_12,Category_3,35,1529.1097331340793,0,43,1,9,36,43.0,37.0,38.857142857142854,0
2023-09-06,SKU_12,Category_3,42,1529.1097331340793,0,47,2,9,36,35.0,39.0,38.57142857142857,0
2023-09-07,SKU_12,Category_3,44,1529.1097331340793,0,44,3,9,36,42.0,27.0,39.0,1
2023-09-08,SKU_12,Category_3,47,1529.1097331340793,0,81,4,9,36,44.0,50.0,41.42857142857143,0
2023-09-09,SKU_12,Category_3,57,1529.1097331340793,0,57,5,9,36,47.0,17.0,41.0,1
2023-09-10,SKU_12,Category_3,24,1529.1097331340793,0,24,6,9,36,57.0,59.0,46.714285714285715,1
2023-09-11,SKU_12,Category_3,41,1529.1097331340793,0,41,0,9,37,24.0,43.0,41.714285714285715,1
2023-09-12,SKU_12,Category_3,36,1529.1097331340793,0,36,1,9,37,41.0,35.0,41.42857142857143,1
2023-09-13,SKU_12,Category_3,18,1529.1097331340793,0,18,2,9,37,36.0,42.0,41.57142857142857,1
2023-09-14,SKU_12,Category_3,35,1529.1097331340793,0,82,3,9,37,18.0,44.0,38.142857142857146,0
2023-09-15,SKU_12,Category_3,28,1529.1097331340793,0,28,4,9,37,35.0,47.0,36.857142857142854,1
2023-09-16,SKU_12,Category_3,50,1529.1097331340793,0,84,5,9,37,28.0,57.0,34.142857142857146,0
2023-09-17,SKU_12,Category_3,12,1529.1097331340793,0,12,6,9,37,50.0,24.0,33.142857142857146,1
2023-09-18,SKU_12,Category_3,47,1529.1097331340793,0,68,0,9,38,12.0,41.0,31.428571428571427,0
2023-09-19,SKU_12,Category_3,16,1529.1097331340793,0,16,1,9,38,47.0,36.0,32.285714285714285,1
2023-09-20,SKU_12,Category_3,38,1529.1097331340793,0,40,2,9,38,16.0,18.0,29.428571428571427,0
2023-09-21,SKU_12,Category_3,43,1529.1097331340793,0,99,3,9,38,38.0,35.0,32.285714285714285,0
2023-09-22,SKU_12,Category_3,39,1529.1097331340793,0,70,4,9,38,43.0,28.0,33.42857142857143,0
2023-09-23,SKU_12,Category_3,58,1529.1097331340793,0,76,5,9,38,39.0,50.0,35.0,0
2023-09-24,SKU_12,Category_3,26,1529.1097331340793,0,26,6,9,38,58.0,12.0,36.142857142857146,1
2023-09-25,SKU_12,Category_3,37,1529.1097331340793,0,96,0,9,39,26.0,47.0,38.142857142857146,0
2023-09-26,SKU_12,Category_3,28,1529.1097331340793,0,28,1,9,39,37.0,16.0,36.714285714285715,1
2023-09-27,SKU_12,Category_3,72,1529.1097331340793,1,94,2,9,39,28.0,38.0,38.42857142857143,0
2023-09-28,SKU_12,Category_3,36,1529.1097331340793,1,36,3,9,39,72.0,43.0,43.285714285714285,1
2023-09-29,SKU_12,Category_3,41,1529.1097331340793,0,67,4,9,39,36.0,39.0,42.285714285714285,0
2023-09-30,SKU_12,Category_3,51,1529.1097331340793,0,51,5,9,39,41.0,58.0,42.57142857142857,1
2023-10-01,SKU_12,Category_3,54,1529.1097331340793,0,77,6,10,39,51.0,26.0,41.57142857142857,0
2023-10-02,SKU_12,Category_3,39,1529.1097331340793,0,98,0,10,40,54.0,37.0,45.57142857142857,0
2023-10-03,SKU_12,Category_3,47,1529.1097331340793,0,61,1,10,40,39.0,28.0,45.857142857142854,0
2023-10-04,SKU_12,Category_3,38,1529.1097331340793,0,38,2,10,40,47.0,72.0,48.57142857142857,1
2023-10-05,SKU_12,Category_3,38,1529.1097331340793,0,60,3,10,40,38.0,36.0,43.714285714285715,0
2023-10-06,SKU_12,Category_3,40,1529.1097331340793,0,78,4,10,40,38.0,41.0,44.0,0
2023-10-07,SKU_12,Category_3,21,1529.1097331340793,0,21,5,10,40,40.0,51.0,43.857142857142854,1
2023-10-08,SKU_12,Category_3,16,1529.1097331340793,0,16,6,10,40,21.0,54.0,39.57142857142857,1
2023-10-09,SKU_12,Category_3,49,1529.1097331340793,0,68,0,10,41,16.0,39.0,34.142857142857146,0
2023-10-10,SKU_12,Category_3,31,1529.1097331340793,0,31,1,10,41,49.0,47.0,35.57142857142857,1
2023-10-11,SKU_12,Category_3,30,1529.1097331340793,0,78,2,10,41,31.0,38.0,33.285714285714285,0
2023-10-12,SKU_12,Category_3,38,1529.1097331340793,0,94,3,10,41,30.0,38.0,32.142857142857146,0
2023-10-13,SKU_12,Category_3,32,1529.1097331340793,0,32,4,10,41,38.0,40.0,32.142857142857146,1
2023-10-14,SKU_12,Category_3,30,1529.1097331340793,0,30,5,10,41,32.0,21.0,31.0,1
2023-10-15,SKU_12,Category_3,61,1529.1097331340793,0,68,6,10,41,30.0,16.0,32.285714285714285,0
2023-10-16,SKU_12,Category_3,43,1529.1097331340793,0,43,0,10,42,61.0,49.0,38.714285714285715,1
2023-10-17,SKU_12,Category_3,45,1529.1097331340793,0,78,1,10,42,43.0,31.0,37.857142857142854,0
2023-10-18,SKU_12,Category_3,40,1529.1097331340793,0,86,2,10,42,45.0,30.0,39.857142857142854,0
2023-10-19,SKU_12,Category_3,64,1529.1097331340793,1,80,3,10,42,40.0,38.0,41.285714285714285,0
2023-10-20,SKU_12,Category_3,49,1529.1097331340793,0,67,4,10,42,64.0,32.0,45.0,0
2023-10-21,SKU_12,Category_3,56,1529.1097331340793,0,67,5,10,42,49.0,30.0,47.42857142857143,0
2023-10-22,SKU_12,Category_3,54,1529.1097331340793,0,96,6,10,42,56.0,61.0,51.142857142857146,0
2023-10-23,SKU_12,Category_3,51,1529.1097331340793,0,54,0,10,43,54.0,43.0,50.142857142857146,0
2023-10-24,SKU_12,Category_3,40,1529.1097331340793,0,40,1,10,43,51.0,45.0,51.285714285714285,1
2023-10-25,SKU_12,Category_3,14,1529.1097331340793,0,14,2,10,43,40.0,40.0,50.57142857142857,1
2023-10-26,SKU_12,Category_3,61,1529.1097331340793,1,61,3,10,43,14.0,64.0,46.857142857142854,1
2023-10-27,SKU_12,Category_3,32,1529.1097331340793,0,32,4,10,43,61.0,49.0,46.42857142857143,1
2023-10-28,SKU_12,Category_3,56,1529.1097331340793,0,93,5,10,43,32.0,56.0,44.0,0
2023-10-29,SKU_12,Category_3,57,1529.1097331340793,0,77,6,10,43,56.0,54.0,44.0,0
2023-10-30,SKU_12,Category_3,32,1529.1097331340793,0,32,0,10,44,57.0,51.0,44.42857142857143,1
2023-10-31,SKU_12,Category_3,53,1529.1097331340793,1,53,1,10,44,32.0,40.0,41.714285714285715,1
2023-11-01,SKU_12,Category_3,37,1529.1097331340793,0,37,2,11,44,53.0,14.0,43.57142857142857,1
2023-11-02,SKU_12,Category_3,58,1529.1097331340793,1,69,3,11,44,37.0,61.0,46.857142857142854,0
2023-11-03,SKU_12,Category_3,40,1529.1097331340793,0,58,4,11,44,58.0,32.0,46.42857142857143,0
2023-11-04,SKU_12,Category_3,50,1529.1097331340793,0,57,5,11,44,40.0,56.0,47.57142857142857,0
2023-11-05,SKU_12,Category_3,10,1529.1097331340793,0,10,6,11,44,50.0,57.0,46.714285714285715,1
2023-11-06,SKU_12,Category_3,39,1529.1097331340793,0,39,0,11,45,10.0,32.0,40.0,1
2023-11-07,SKU_12,Category_3,16,1529.1097331340793,0,16,1,11,45,39.0,53.0,41.0,1
2023-11-08,SKU_12,Category_3,24,1529.1097331340793,0,24,2,11,45,16.0,37.0,35.714285714285715,1
2023-11-09,SKU_12,Category_3,44,1529.1097331340793,0,90,3,11,45,24.0,58.0,33.857142857142854,0
2023-11-10,SKU_12,Category_3,44,1529.1097331340793,0,62,4,11,45,44.0,40.0,31.857142857142858,0
2023-11-11,SKU_12,Category_3,49,1529.1097331340793,0,49,5,11,45,44.0,50.0,32.42857142857143,1
2023-11-12,SKU_12,Category_3,30,1529.1097331340793,0,30,6,11,45,49.0,10.0,32.285714285714285,1
2023-11-13,SKU_12,Category_3,36,1529.1097331340793,0,36,0,11,46,30.0,39.0,35.142857142857146,1
2023-11-14,SKU_12,Category_3,41,1529.1097331340793,0,99,1,11,46,36.0,16.0,34.714285714285715,0
2023-11-15,SKU_12,Category_3,52,1529.1097331340793,1,52,2,11,46,41.0,24.0,38.285714285714285,1
2023-11-16,SKU_12,Category_3,24,1529.1097331340793,0,24,3,11,46,52.0,44.0,42.285714285714285,1
2023-11-17,SKU_12,Category_3,48,1529.1097331340793,0,89,4,11,46,24.0,44.0,39.42857142857143,0
2023-11-18,SKU_12,Category_3,37,1529.1097331340793,0,37,5,11,46,48.0,49.0,40.0,1
2023-11-19,SKU_12,Category_3,26,1529.1097331340793,1,26,6,11,46,37.0,30.0,38.285714285714285,1
2023-11-20,SKU_12,Category_3,36,1529.1097331340793,0,97,0,11,47,26.0,36.0,37.714285714285715,0
2023-11-21,SKU_12,Category_3,37,1529.1097331340793,0,90,1,11,47,36.0,41.0,37.714285714285715,0
2023-11-22,SKU_12,Category_3,36,1529.1097331340793,0,59,2,11,47,37.0,52.0,37.142857142857146,0
2023-11-23,SKU_12,Category_3,12,1529.1097331340793,0,12,3,11,47,36.0,24.0,34.857142857142854,1
2023-11-24,SKU_12,Category_3,50,1529.1097331340793,0,99,4,11,47,12.0,48.0,33.142857142857146,0
2023-11-25,SKU_12,Category_3,65,1529.1097331340793,0,95,5,11,47,50.0,37.0,33.42857142857143,0
2023-11-26,SKU_12,Category_3,19,1529.1097331340793,0,19,6,11,47,65.0,26.0,37.42857142857143,1
2023-11-27,SKU_12,Category_3,46,1529.1097331340793,0,99,0,11,48,19.0,36.0,36.42857142857143,0
2023-11-28,SKU_12,Category_3,47,1529.1097331340793,0,47,1,11,48,46.0,37.0,37.857142857142854,1
2023-11-29,SKU_12,Category_3,56,1529.1097331340793,1,56,2,11,48,47.0,36.0,39.285714285714285,1
2023-11-30,SKU_12,Category_3,45,1529.1097331340793,0,71,3,11,48,56.0,12.0,42.142857142857146,0
2023-12-01,SKU_12,Category_3,44,1529.1097331340793,0,61,4,12,48,45.0,50.0,46.857142857142854,0
2023-12-02,SKU_12,Category_3,55,1529.1097331340793,0,55,5,12,48,44.0,65.0,46.0,1
2023-12-03,SKU_12,Category_3,37,1529.1097331340793,0,37,6,12,48,55.0,19.0,44.57142857142857,1
2023-12-04,SKU_12,Category_3,49,1529.1097331340793,0,68,0,12,49,37.0,46.0,47.142857142857146,0
2023-12-05,SKU_12,Category_3,47,1529.1097331340793,0,53,1,12,49,49.0,47.0,47.57142857142857,0
2023-12-06,SKU_12,Category_3,38,1529.1097331340793,0,56,2,12,49,47.0,56.0,47.57142857142857,0
2023-12-07,SKU_12,Category_3,34,1529.1097331340793,0,34,3,12,49,38.0,45.0,45.0,1
2023-12-08,SKU_12,Category_3,38,1529.1097331340793,0,62,4,12,49,34.0,44.0,43.42857142857143,0
2023-12-09,SKU_12,Category_3,50,1529.1097331340793,0,86,5,12,49,38.0,55.0,42.57142857142857,0
2023-12-10,SKU_12,Category_3,30,1529.1097331340793,0,30,6,12,49,50.0,37.0,41.857142857142854,1
2023-12-11,SKU_12,Category_3,16,1529.1097331340793,0,16,0,12,50,30.0,49.0,40.857142857142854,1
2023-12-12,SKU_12,Category_3,40,1529.1097331340793,0,55,1,12,50,16.0,47.0,36.142857142857146,0
2023-12-13,SKU_12,Category_3,45,1529.1097331340793,0,96,2,12,50,40.0,38.0,35.142857142857146,0
2023-12-14,SKU_12,Category_3,46,1529.1097331340793,0,58,3,12,50,45.0,34.0,36.142857142857146,0
2023-12-15,SKU_12,Category_3,31,1529.1097331340793,0,31,4,12,50,46.0,38.0,37.857142857142854,1
2023-12-16,SKU_12,Category_3,15,1529.1097331340793,0,15,5,12,50,31.0,50.0,36.857142857142854,1
2023-12-17,SKU_12,Category_3,30,1529.1097331340793,0,30,6,12,50,15.0,30.0,31.857142857142858,1
2023-12-18,SKU_12,Category_3,43,1529.1097331340793,0,43,0,12,51,30.0,16.0,31.857142857142858,1
2023-12-19,SKU_12,Category_3,39,1529.1097331340793,0,96,1,12,51,43.0,40.0,35.714285714285715,0
2023-12-20,SKU_12,Category_3,41,1529.1097331340793,0,47,2,12,51,39.0,45.0,35.57142857142857,0
2023-12-21,SKU_12,Category_3,46,1529.1097331340793,0,75,3,12,51,41.0,46.0,35.0,0
2023-12-22,SKU_12,Category_3,40,1529.1097331340793,0,83,4,12,51,46.0,31.0,35.0,0
2023-12-23,SKU_12,Category_3,23,1529.1097331340793,0,23,5,12,51,40.0,15.0,36.285714285714285,1
2023-12-24,SKU_12,Category_3,33,1529.1097331340793,0,33,6,12,51,23.0,30.0,37.42857142857143,1
2023-12-25,SKU_12,Category_3,42,1529.1097331340793,0,45,0,12,52,33.0,43.0,37.857142857142854,0
2023-12-26,SKU_12,Category_3,44,1529.1097331340793,0,62,1,12,52,42.0,39.0,37.714285714285715,0
2023-12-27,SKU_12,Category_3,36,1529.1097331340793,0,39,2,12,52,44.0,41.0,38.42857142857143,0
2023-12-28,SKU_12,Category_3,28,1529.1097331340793,0,28,3,12,52,36.0,46.0,37.714285714285715,1
2023-12-29,SKU_12,Category_3,66,1529.1097331340793,1,95,4,12,52,28.0,40.0,35.142857142857146,0
2023-12-30,SKU_12,Category_3,56,1529.1097331340793,0,83,5,12,52,66.0,23.0,38.857142857142854,0
2023-12-31,SKU_12,Category_3,29,1529.1097331340793,0,29,6,12,52,56.0,33.0,43.57142857142857,1
2023-01-08,SKU_13,Category_4,10,863.148435989516,1,10,6,1,1,14.0,50.0,31.142857142857142,1
2023-01-09,SKU_13,Category_4,38,863.148435989516,0,55,0,1,2,10.0,35.0,25.428571428571427,0
2023-01-10,SKU_13,Category_4,37,863.148435989516,0,70,1,1,2,38.0,18.0,25.857142857142858,0
2023-01-11,SKU_13,Category_4,37,863.148435989516,0,69,2,1,2,37.0,26.0,28.571428571428573,0
2023-01-12,SKU_13,Category_4,34,863.148435989516,0,45,3,1,2,37.0,43.0,30.142857142857142,0
2023-01-13,SKU_13,Category_4,31,863.148435989516,0,86,4,1,2,34.0,32.0,28.857142857142858,0
2023-01-14,SKU_13,Category_4,46,863.148435989516,0,99,5,1,2,31.0,14.0,28.714285714285715,0
2023-01-15,SKU_13,Category_4,40,863.148435989516,0,40,6,1,2,46.0,10.0,33.285714285714285,1
2023-01-16,SKU_13,Category_4,38,863.148435989516,1,38,0,1,3,40.0,38.0,37.57142857142857,1
2023-01-17,SKU_13,Category_4,42,863.148435989516,0,67,1,1,3,38.0,37.0,37.57142857142857,0
2023-01-18,SKU_13,Category_4,37,863.148435989516,0,40,2,1,3,42.0,37.0,38.285714285714285,0
2023-01-19,SKU_13,Category_4,60,863.148435989516,1,81,3,1,3,37.0,34.0,38.285714285714285,0
2023-01-20,SKU_13,Category_4,50,863.148435989516,1,85,4,1,3,60.0,31.0,42.0,0
2023-01-21,SKU_13,Category_4,23,863.148435989516,0,23,5,1,3,50.0,46.0,44.714285714285715,1
2023-01-22,SKU_13,Category_4,45,863.148435989516,0,63,6,1,3,23.0,40.0,41.42857142857143,0
2023-01-23,SKU_13,Category_4,29,863.148435989516,0,29,0,1,4,45.0,38.0,42.142857142857146,1
2023-01-24,SKU_13,Category_4,32,863.148435989516,0,69,1,1,4,29.0,42.0,40.857142857142854,0
2023-01-25,SKU_13,Category_4,38,863.148435989516,0,54,2,1,4,32.0,37.0,39.42857142857143,0
2023-01-26,SKU_13,Category_4,33,863.148435989516,0,33,3,1,4,38.0,60.0,39.57142857142857,1
2023-01-27,SKU_13,Category_4,32,863.148435989516,0,93,4,1,4,33.0,50.0,35.714285714285715,0
2023-01-28,SKU_13,Category_4,38,863.148435989516,0,88,5,1,4,32.0,23.0,33.142857142857146,0
2023-01-29,SKU_13,Category_4,44,863.148435989516,0,44,6,1,4,38.0,45.0,35.285714285714285,1
2023-01-30,SKU_13,Category_4,38,863.148435989516,0,54,0,1,5,44.0,29.0,35.142857142857146,0
2023-01-31,SKU_13,Category_4,12,863.148435989516,0,12,1,1,5,38.0,32.0,36.42857142857143,1
2023-02-01,SKU_13,Category_4,29,863.148435989516,0,74,2,2,5,12.0,38.0,33.57142857142857,0
2023-02-02,SKU_13,Category_4,19,863.148435989516,0,19,3,2,5,29.0,33.0,32.285714285714285,1
2023-02-03,SKU_13,Category_4,56,863.148435989516,1,64,4,2,5,19.0,32.0,30.285714285714285,0
2023-02-04,SKU_13,Category_4,43,863.148435989516,0,61,5,2,5,56.0,38.0,33.714285714285715,0
2023-02-05,SKU_13,Category_4,27,863.148435989516,0,27,6,2,5,43.0,44.0,34.42857142857143,1
2023-02-06,SKU_13,Category_4,42,863.148435989516,0,43,0,2,6,27.0,38.0,32.0,0
2023-02-07,SKU_13,Category_4,27,863.148435989516,0,40,1,2,6,42.0,12.0,32.57142857142857,0
2023-02-08,SKU_13,Category_4,28,863.148435989516,0,28,2,2,6,27.0,29.0,34.714285714285715,1
2023-02-09,SKU_13,Category_4,43,863.148435989516,0,81,3,2,6,28.0,19.0,34.57142857142857,0
2023-02-10,SKU_13,Category_4,36,863.148435989516,1,36,4,2,6,43.0,56.0,38.0,1
2023-02-11,SKU_13,Category_4,40,863.148435989516,0,96,5,2,6,36.0,43.0,35.142857142857146,0
2023-02-12,SKU_13,Category_4,45,863.148435989516,0,47,6,2,6,40.0,27.0,34.714285714285715,0
2023-02-13,SKU_13,Category_4,15,863.148435989516,0,15,0,2,7,45.0,42.0,37.285714285714285,1
2023-02-14,SKU_13,Category_4,16,863.148435989516,0,16,1,2,7,15.0,27.0,33.42857142857143,1
2023-02-15,SKU_13,Category_4,41,863.148435989516,0,73,2,2,7,16.0,28.0,31.857142857142858,0
2023-02-16,SKU_13,Category_4,22,863.148435989516,0,22,3,2,7,41.0,43.0,33.714285714285715,1
2023-02-17,SKU_13,Category_4,34,863.148435989516,0,84,4,2,7,22.0,36.0,30.714285714285715,0
2023-02-18,SKU_13,Category_4,38,863.148435989516,0,38,5,2,7,34.0,40.0,30.428571428571427,1
2023-02-19,SKU_13,Category_4,14,863.148435989516,0,14,6,2,7,38.0,45.0,30.142857142857142,1
2023-02-20,SKU_13,Category_4,39,863.148435989516,0,87,0,2,8,14.0,15.0,25.714285714285715,0
2023-02-21,SKU_13,Category_4,31,863.148435989516,0,31,1,2,8,39.0,16.0,29.142857142857142,1
2023-02-22,SKU_13,Category_4,34,863.148435989516,0,58,2,2,8,31.0,41.0,31.285714285714285,0
2023-02-23,SKU_13,Category_4,47,863.148435989516,1,47,3,2,8,34.0,22.0,30.285714285714285,1
2023-02-24,SKU_13,Category_4,46,863.148435989516,1,47,4,2,8,47.0,34.0,33.857142857142854,0
2023-02-25,SKU_13,Category_4,44,863.148435989516,0,53,5,2,8,46.0,38.0,35.57142857142857,0
2023-02-26,SKU_13,Category_4,24,863.148435989516,0,24,6,2,8,44.0,14.0,36.42857142857143,1
2023-02-27,SKU_13,Category_4,12,863.148435989516,0,12,0,2,9,24.0,39.0,37.857142857142854,1
2023-02-28,SKU_13,Category_4,42,863.148435989516,0,47,1,2,9,12.0,31.0,34.0,0
2023-03-01,SKU_13,Category_4,27,863.148435989516,0,80,2,3,9,42.0,34.0,35.57142857142857,0
2023-03-02,SKU_13,Category_4,38,863.148435989516,0,39,3,3,9,27.0,47.0,34.57142857142857,0
2023-03-03,SKU_13,Category_4,23,863.148435989516,0,23,4,3,9,38.0,46.0,33.285714285714285,1
2023-03-04,SKU_13,Category_4,43,863.148435989516,0,50,5,3,9,23.0,44.0,30.0,0
2023-03-05,SKU_13,Category_4,19,863.148435989516,0,19,6,3,9,43.0,24.0,29.857142857142858,1
2023-03-06,SKU_13,Category_4,27,863.148435989516,0,92,0,3,10,19.0,12.0,29.142857142857142,0
2023-03-07,SKU_13,Category_4,24,863.148435989516,1,24,1,3,10,27.0,42.0,31.285714285714285,1
2023-03-08,SKU_13,Category_4,19,863.148435989516,0,19,2,3,10,24.0,27.0,28.714285714285715,1
2023-03-09,SKU_13,Category_4,36,863.148435989516,0,82,3,3,10,19.0,38.0,27.571428571428573,0
2023-03-10,SKU_13,Category_4,34,863.148435989516,0,76,4,3,10,36.0,23.0,27.285714285714285,0
2023-03-11,SKU_13,Category_4,27,863.148435989516,0,27,5,3,10,34.0,43.0,28.857142857142858,1
2023-03-12,SKU_13,Category_4,47,863.148435989516,0,75,6,3,10,27.0,19.0,26.571428571428573,0
2023-03-13,SKU_13,Category_4,34,863.148435989516,0,51,0,3,11,47.0,27.0,30.571428571428573,0
2023-03-14,SKU_13,Category_4,30,863.148435989516,0,59,1,3,11,34.0,24.0,31.571428571428573,0
2023-03-15,SKU_13,Category_4,41,863.148435989516,0,58,2,3,11,30.0,19.0,32.42857142857143,0
2023-03-16,SKU_13,Category_4,42,863.148435989516,0,63,3,3,11,41.0,36.0,35.57142857142857,0
2023-03-17,SKU_13,Category_4,25,863.148435989516,0,25,4,3,11,42.0,34.0,36.42857142857143,1
2023-03-18,SKU_13,Category_4,56,863.148435989516,0,81,5,3,11,25.0,27.0,35.142857142857146,0
2023-03-19,SKU_13,Category_4,71,863.148435989516,1,91,6,3,11,56.0,47.0,39.285714285714285,0
2023-03-20,SKU_13,Category_4,34,863.148435989516,0,59,0,3,12,71.0,34.0,42.714285714285715,0
2023-03-21,SKU_13,Category_4,18,863.148435989516,0,18,1,3,12,34.0,30.0,42.714285714285715,1
2023-03-22,SKU_13,Category_4,42,863.148435989516,0,66,2,3,12,18.0,41.0,41.0,0
2023-03-23,SKU_13,Category_4,12,863.148435989516,0,12,3,3,12,42.0,42.0,41.142857142857146,1
2023-03-24,SKU_13,Category_4,37,863.148435989516,0,55,4,3,12,12.0,25.0,36.857142857142854,0
2023-03-25,SKU_13,Category_4,41,863.148435989516,0,91,5,3,12,37.0,56.0,38.57142857142857,0
2023-03-26,SKU_13,Category_4,35,863.148435989516,0,35,6,3,12,41.0,71.0,36.42857142857143,1
2023-03-27,SKU_13,Category_4,31,863.148435989516,0,84,0,3,13,35.0,34.0,31.285714285714285,0
2023-03-28,SKU_13,Category_4,33,863.148435989516,0,38,1,3,13,31.0,18.0,30.857142857142858,0
2023-03-29,SKU_13,Category_4,45,863.148435989516,0,86,2,3,13,33.0,42.0,33.0,0
2023-03-30,SKU_13,Category_4,23,863.148435989516,0,23,3,3,13,45.0,12.0,33.42857142857143,1
2023-03-31,SKU_13,Category_4,22,863.148435989516,0,22,4,3,13,23.0,37.0,35.0,1
2023-04-01,SKU_13,Category_4,43,863.148435989516,0,60,5,4,13,22.0,41.0,32.857142857142854,0
2023-04-02,SKU_13,Category_4,44,863.148435989516,0,99,6,4,13,43.0,35.0,33.142857142857146,0
2023-04-03,SKU_13,Category_4,40,863.148435989516,0,64,0,4,14,44.0,31.0,34.42857142857143,0
2023-04-04,SKU_13,Category_4,38,863.148435989516,0,89,1,4,14,40.0,33.0,35.714285714285715,0
2023-04-05,SKU_13,Category_4,46,863.148435989516,0,47,2,4,14,38.0,45.0,36.42857142857143,0
2023-04-06,SKU_13,Category_4,41,863.148435989516,0,70,3,4,14,46.0,23.0,36.57142857142857,0
2023-04-07,SKU_13,Category_4,41,863.148435989516,0,75,4,4,14,41.0,22.0,39.142857142857146,0
2023-04-08,SKU_13,Category_4,42,863.148435989516,0,71,5,4,14,41.0,43.0,41.857142857142854,0
2023-04-09,SKU_13,Category_4,46,863.148435989516,0,94,6,4,14,42.0,44.0,41.714285714285715,0
2023-04-10,SKU_13,Category_4,27,863.148435989516,0,71,0,4,15,46.0,40.0,42.0,0
2023-04-11,SKU_13,Category_4,31,863.148435989516,0,66,1,4,15,27.0,38.0,40.142857142857146,0
2023-04-12,SKU_13,Category_4,36,863.148435989516,0,57,2,4,15,31.0,46.0,39.142857142857146,0
2023-04-13,SKU_13,Category_4,41,863.148435989516,0,67,3,4,15,36.0,41.0,37.714285714285715,0
2023-04-14,SKU_13,Category_4,27,863.148435989516,0,44,4,4,15,41.0,41.0,37.714285714285715,0
2023-04-15,SKU_13,Category_4,51,863.148435989516,0,95,5,4,15,27.0,42.0,35.714285714285715,0
2023-04-16,SKU_13,Category_4,41,863.148435989516,0,54,6,4,15,51.0,46.0,37.0,0
2023-04-17,SKU_13,Category_4,42,863.148435989516,0,86,0,4,16,41.0,27.0,36.285714285714285,0
2023-04-18,SKU_13,Category_4,37,863.148435989516,0,50,1,4,16,42.0,31.0,38.42857142857143,0
2023-04-19,SKU_13,Category_4,42,863.148435989516,0,49,2,4,16,37.0,36.0,39.285714285714285,0
2023-04-20,SKU_13,Category_4,17,863.148435989516,0,17,3,4,16,42.0,41.0,40.142857142857146,1
2023-04-21,SKU_13,Category_4,56,863.148435989516,1,58,4,4,16,17.0,27.0,36.714285714285715,0
2023-04-22,SKU_13,Category_4,54,863.148435989516,0,91,5,4,16,56.0,51.0,40.857142857142854,0
2023-04-23,SKU_13,Category_4,51,863.148435989516,0,62,6,4,16,54.0,41.0,41.285714285714285,0
2023-04-24,SKU_13,Category_4,36,863.148435989516,0,40,0,4,17,51.0,42.0,42.714285714285715,0
2023-04-25,SKU_13,Category_4,27,863.148435989516,0,27,1,4,17,36.0,37.0,41.857142857142854,1
2023-04-26,SKU_13,Category_4,40,863.148435989516,0,99,2,4,17,27.0,42.0,40.42857142857143,0
2023-04-27,SKU_13,Category_4,30,863.148435989516,0,77,3,4,17,40.0,17.0,40.142857142857146,0
2023-04-28,SKU_13,Category_4,29,863.148435989516,0,33,4,4,17,30.0,56.0,42.0,0
2023-04-29,SKU_13,Category_4,49,863.148435989516,0,54,5,4,17,29.0,54.0,38.142857142857146,0
2023-04-30,SKU_13,Category_4,50,863.148435989516,0,67,6,4,17,49.0,51.0,37.42857142857143,0
2023-05-01,SKU_13,Category_4,17,863.148435989516,0,17,0,5,18,50.0,36.0,37.285714285714285,1
2023-05-02,SKU_13,Category_4,26,863.148435989516,0,26,1,5,18,17.0,27.0,34.57142857142857,1
2023-05-03,SKU_13,Category_4,38,863.148435989516,0,73,2,5,18,26.0,40.0,34.42857142857143,0
2023-05-04,SKU_13,Category_4,26,863.148435989516,0,53,3,5,18,38.0,30.0,34.142857142857146,0
2023-05-05,SKU_13,Category_4,42,863.148435989516,0,75,4,5,18,26.0,29.0,33.57142857142857,0
2023-05-06,SKU_13,Category_4,54,863.148435989516,0,96,5,5,18,42.0,49.0,35.42857142857143,0
2023-05-07,SKU_13,Category_4,51,863.148435989516,0,85,6,5,18,54.0,50.0,36.142857142857146,0
2023-05-08,SKU_13,Category_4,37,863.148435989516,0,83,0,5,19,51.0,17.0,36.285714285714285,0
2023-05-09,SKU_13,Category_4,21,863.148435989516,0,21,1,5,19,37.0,26.0,39.142857142857146,1
2023-05-10,SKU_13,Category_4,24,863.148435989516,1,24,2,5,19,21.0,38.0,38.42857142857143,1
2023-05-11,SKU_13,Category_4,34,863.148435989516,0,56,3,5,19,24.0,26.0,36.42857142857143,0
2023-05-12,SKU_13,Category_4,46,863.148435989516,0,47,4,5,19,34.0,42.0,37.57142857142857,0
2023-05-13,SKU_13,Category_4,44,863.148435989516,0,78,5,5,19,46.0,54.0,38.142857142857146,0
2023-05-14,SKU_13,Category_4,47,863.148435989516,0,60,6,5,19,44.0,51.0,36.714285714285715,0
2023-05-15,SKU_13,Category_4,41,863.148435989516,0,68,0,5,20,47.0,37.0,36.142857142857146,0
2023-05-16,SKU_13,Category_4,19,863.148435989516,0,19,1,5,20,41.0,21.0,36.714285714285715,1
2023-05-17,SKU_13,Category_4,33,863.148435989516,0,66,2,5,20,19.0,24.0,36.42857142857143,0
2023-05-18,SKU_13,Category_4,41,863.148435989516,0,98,3,5,20,33.0,34.0,37.714285714285715,0
2023-05-19,SKU_13,Category_4,52,863.148435989516,1,54,4,5,20,41.0,46.0,38.714285714285715,0
2023-05-20,SKU_13,Category_4,31,863.148435989516,0,31,5,5,20,52.0,44.0,39.57142857142857,1
2023-05-21,SKU_13,Category_4,38,863.148435989516,0,51,6,5,20,31.0,47.0,37.714285714285715,0
2023-05-22,SKU_13,Category_4,31,863.148435989516,0,79,0,5,21,38.0,41.0,36.42857142857143,0
2023-05-23,SKU_13,Category_4,27,863.148435989516,0,27,1,5,21,31.0,19.0,35.0,1
2023-05-24,SKU_13,Category_4,35,863.148435989516,0,35,2,5,21,27.0,33.0,36.142857142857146,1
2023-05-25,SKU_13,Category_4,39,863.148435989516,0,48,3,5,21,35.0,41.0,36.42857142857143,0
2023-05-26,SKU_13,Category_4,43,863.148435989516,0,86,4,5,21,39.0,52.0,36.142857142857146,0
2023-05-27,SKU_13,Category_4,45,863.148435989516,0,87,5,5,21,43.0,31.0,34.857142857142854,0
2023-05-28,SKU_13,Category_4,33,863.148435989516,0,33,6,5,21,45.0,38.0,36.857142857142854,1
2023-05-29,SKU_13,Category_4,43,863.148435989516,0,98,0,5,22,33.0,31.0,36.142857142857146,0
2023-05-30,SKU_13,Category_4,37,863.148435989516,0,55,1,5,22,43.0,27.0,37.857142857142854,0
2023-05-31,SKU_13,Category_4,34,863.148435989516,0,34,2,5,22,37.0,35.0,39.285714285714285,1
2023-06-01,SKU_13,Category_4,24,863.148435989516,0,91,3,6,22,34.0,39.0,39.142857142857146,0
2023-06-02,SKU_13,Category_4,39,863.148435989516,0,57,4,6,22,24.0,43.0,37.0,0
2023-06-03,SKU_13,Category_4,75,863.148435989516,1,79,5,6,22,39.0,45.0,36.42857142857143,0
2023-06-04,SKU_13,Category_4,57,863.148435989516,0,73,6,6,22,75.0,33.0,40.714285714285715,0
2023-06-05,SKU_13,Category_4,38,863.148435989516,0,80,0,6,23,57.0,43.0,44.142857142857146,0
2023-06-06,SKU_13,Category_4,16,863.148435989516,0,16,1,6,23,38.0,37.0,43.42857142857143,1
2023-06-07,SKU_13,Category_4,42,863.148435989516,0,98,2,6,23,16.0,34.0,40.42857142857143,0
2023-06-08,SKU_13,Category_4,24,863.148435989516,0,24,3,6,23,42.0,24.0,41.57142857142857,1
2023-06-09,SKU_13,Category_4,39,863.148435989516,0,75,4,6,23,24.0,39.0,41.57142857142857,0
2023-06-10,SKU_13,Category_4,41,863.148435989516,0,41,5,6,23,39.0,75.0,41.57142857142857,1
2023-06-11,SKU_13,Category_4,38,863.148435989516,0,38,6,6,23,41.0,57.0,36.714285714285715,1
2023-06-12,SKU_13,Category_4,38,863.148435989516,0,48,0,6,24,38.0,38.0,34.0,0
2023-06-13,SKU_13,Category_4,39,863.148435989516,0,91,1,6,24,38.0,16.0,34.0,0
2023-06-14,SKU_13,Category_4,32,863.148435989516,0,32,2,6,24,39.0,42.0,37.285714285714285,1
2023-06-15,SKU_13,Category_4,34,863.148435989516,0,36,3,6,24,32.0,24.0,35.857142857142854,0
2023-06-16,SKU_13,Category_4,36,863.148435989516,0,73,4,6,24,34.0,39.0,37.285714285714285,0
2023-06-17,SKU_13,Category_4,49,863.148435989516,0,89,5,6,24,36.0,41.0,36.857142857142854,0
2023-06-18,SKU_13,Category_4,28,863.148435989516,0,28,6,6,24,49.0,38.0,38.0,1
2023-06-19,SKU_13,Category_4,28,863.148435989516,0,28,0,6,25,28.0,38.0,36.57142857142857,1
2023-06-20,SKU_13,Category_4,36,863.148435989516,0,51,1,6,25,28.0,39.0,35.142857142857146,0
2023-06-21,SKU_13,Category_4,39,863.148435989516,1,39,2,6,25,36.0,32.0,34.714285714285715,1
2023-06-22,SKU_13,Category_4,43,863.148435989516,0,95,3,6,25,39.0,34.0,35.714285714285715,0
2023-06-23,SKU_13,Category_4,15,863.148435989516,0,15,4,6,25,43.0,36.0,37.0,1
2023-06-24,SKU_13,Category_4,46,863.148435989516,0,46,5,6,25,15.0,49.0,34.0,1
2023-06-25,SKU_13,Category_4,10,863.148435989516,0,10,6,6,25,46.0,28.0,33.57142857142857,1
2023-06-26,SKU_13,Category_4,26,863.148435989516,0,26,0,6,26,10.0,28.0,31.0,1
2023-06-27,SKU_13,Category_4,33,863.148435989516,0,88,1,6,26,26.0,36.0,30.714285714285715,0
2023-06-28,SKU_13,Category_4,37,863.148435989516,0,37,2,6,26,33.0,39.0,30.285714285714285,1
2023-06-29,SKU_13,Category_4,43,863.148435989516,0,93,3,6,26,37.0,43.0,30.0,0
2023-06-30,SKU_13,Category_4,32,863.148435989516,0,84,4,6,26,43.0,15.0,30.0,0
2023-07-01,SKU_13,Category_4,26,863.148435989516,0,26,5,7,26,32.0,46.0,32.42857142857143,1
2023-07-02,SKU_13,Category_4,51,863.148435989516,0,84,6,7,26,26.0,10.0,29.571428571428573,0
2023-07-03,SKU_13,Category_4,25,863.148435989516,0,25,0,7,27,51.0,26.0,35.42857142857143,1
2023-07-04,SKU_13,Category_4,37,863.148435989516,0,96,1,7,27,25.0,33.0,35.285714285714285,0
2023-07-05,SKU_13,Category_4,40,863.148435989516,0,85,2,7,27,37.0,37.0,35.857142857142854,0
2023-07-06,SKU_13,Category_4,39,863.148435989516,0,57,3,7,27,40.0,43.0,36.285714285714285,0
2023-07-07,SKU_13,Category_4,36,863.148435989516,0,93,4,7,27,39.0,32.0,35.714285714285715,0
2023-07-08,SKU_13,Category_4,39,863.148435989516,0,39,5,7,27,36.0,26.0,36.285714285714285,1
2023-07-09,SKU_13,Category_4,40,863.148435989516,0,74,6,7,27,39.0,51.0,38.142857142857146,0
2023-07-10,SKU_13,Category_4,13,863.148435989516,0,13,0,7,28,40.0,25.0,36.57142857142857,1
2023-07-11,SKU_13,Category_4,19,863.148435989516,0,19,1,7,28,13.0,37.0,34.857142857142854,1
2023-07-12,SKU_13,Category_4,52,863.148435989516,1,90,2,7,28,19.0,40.0,32.285714285714285,0
2023-07-13,SKU_13,Category_4,34,863.148435989516,0,42,3,7,28,52.0,39.0,34.0,0
2023-07-14,SKU_13,Category_4,44,863.148435989516,0,75,4,7,28,34.0,36.0,33.285714285714285,0
2023-07-15,SKU_13,Category_4,43,863.148435989516,0,68,5,7,28,44.0,39.0,34.42857142857143,0
2023-07-16,SKU_13,Category_4,46,863.148435989516,0,94,6,7,28,43.0,40.0,35.0,0
2023-07-17,SKU_13,Category_4,21,863.148435989516,1,21,0,7,29,46.0,13.0,35.857142857142854,1
2023-07-18,SKU_13,Category_4,34,863.148435989516,0,58,1,7,29,21.0,19.0,37.0,0
2023-07-19,SKU_13,Category_4,35,863.148435989516,0,73,2,7,29,34.0,52.0,39.142857142857146,0
2023-07-20,SKU_13,Category_4,38,863.148435989516,0,71,3,7,29,35.0,34.0,36.714285714285715,0
2023-07-21,SKU_13,Category_4,33,863.148435989516,0,33,4,7,29,38.0,44.0,37.285714285714285,1
2023-07-22,SKU_13,Category_4,18,863.148435989516,0,18,5,7,29,33.0,43.0,35.714285714285715,1
2023-07-23,SKU_13,Category_4,30,863.148435989516,0,30,6,7,29,18.0,46.0,32.142857142857146,1
2023-07-24,SKU_13,Category_4,55,863.148435989516,1,72,0,7,30,30.0,21.0,29.857142857142858,0
2023-07-25,SKU_13,Category_4,41,863.148435989516,0,99,1,7,30,55.0,34.0,34.714285714285715,0
2023-07-26,SKU_13,Category_4,33,863.148435989516,0,79,2,7,30,41.0,35.0,35.714285714285715,0
2023-07-27,SKU_13,Category_4,38,863.148435989516,0,93,3,7,30,33.0,38.0,35.42857142857143,0
2023-07-28,SKU_13,Category_4,44,863.148435989516,0,89,4,7,30,38.0,33.0,35.42857142857143,0
2023-07-29,SKU_13,Category_4,51,863.148435989516,0,58,5,7,30,44.0,18.0,37.0,0
2023-07-30,SKU_13,Category_4,40,863.148435989516,0,83,6,7,30,51.0,30.0,41.714285714285715,0
2023-07-31,SKU_13,Category_4,35,863.148435989516,0,57,0,7,31,40.0,55.0,43.142857142857146,0
2023-08-01,SKU_13,Category_4,36,863.148435989516,0,38,1,8,31,35.0,41.0,40.285714285714285,0
2023-08-02,SKU_13,Category_4,32,863.148435989516,0,32,2,8,31,36.0,33.0,39.57142857142857,1
2023-08-03,SKU_13,Category_4,33,863.148435989516,0,77,3,8,31,32.0,38.0,39.42857142857143,0
2023-08-04,SKU_13,Category_4,41,863.148435989516,0,51,4,8,31,33.0,44.0,38.714285714285715,0
2023-08-05,SKU_13,Category_4,39,863.148435989516,0,82,5,8,31,41.0,51.0,38.285714285714285,0
2023-08-06,SKU_13,Category_4,17,863.148435989516,0,17,6,8,31,39.0,40.0,36.57142857142857,1
2023-08-07,SKU_13,Category_4,32,863.148435989516,0,37,0,8,32,17.0,35.0,33.285714285714285,0
2023-08-08,SKU_13,Category_4,18,863.148435989516,0,18,1,8,32,32.0,36.0,32.857142857142854,1
2023-08-09,SKU_13,Category_4,43,863.148435989516,0,43,2,8,32,18.0,32.0,30.285714285714285,1
2023-08-10,SKU_13,Category_4,36,863.148435989516,0,91,3,8,32,43.0,33.0,31.857142857142858,0
2023-08-11,SKU_13,Category_4,33,863.148435989516,0,97,4,8,32,36.0,41.0,32.285714285714285,0
2023-08-12,SKU_13,Category_4,64,863.148435989516,1,81,5,8,32,33.0,39.0,31.142857142857142,0
2023-08-13,SKU_13,Category_4,45,863.148435989516,0,71,6,8,32,64.0,17.0,34.714285714285715,0
2023-08-14,SKU_13,Category_4,55,863.148435989516,1,87,0,8,33,45.0,32.0,38.714285714285715,0
2023-08-15,SKU_13,Category_4,32,863.148435989516,0,88,1,8,33,55.0,18.0,42.0,0
2023-08-16,SKU_13,Category_4,33,863.148435989516,0,78,2,8,33,32.0,43.0,44.0,0
2023-08-17,SKU_13,Category_4,46,863.148435989516,0,49,3,8,33,33.0,36.0,42.57142857142857,0
2023-08-18,SKU_13,Category_4,28,863.148435989516,0,88,4,8,33,46.0,33.0,44.0,0
2023-08-19,SKU_13,Category_4,39,863.148435989516,0,39,5,8,33,28.0,64.0,43.285714285714285,1
2023-08-20,SKU_13,Category_4,46,863.148435989516,0,74,6,8,33,39.0,45.0,39.714285714285715,0
2023-08-21,SKU_13,Category_4,31,863.148435989516,0,61,0,8,34,46.0,55.0,39.857142857142854,0
2023-08-22,SKU_13,Category_4,33,863.148435989516,0,91,1,8,34,31.0,32.0,36.42857142857143,0
2023-08-23,SKU_13,Category_4,31,863.148435989516,0,94,2,8,34,33.0,33.0,36.57142857142857,0
2023-08-24,SKU_13,Category_4,40,863.148435989516,1,40,3,8,34,31.0,46.0,36.285714285714285,1
2023-08-25,SKU_13,Category_4,41,863.148435989516,0,97,4,8,34,40.0,28.0,35.42857142857143,0
2023-08-26,SKU_13,Category_4,55,863.148435989516,1,55,5,8,34,41.0,39.0,37.285714285714285,1
2023-08-27,SKU_13,Category_4,54,863.148435989516,1,54,6,8,34,55.0,46.0,39.57142857142857,1
2023-08-28,SKU_13,Category_4,41,863.148435989516,0,84,0,8,35,54.0,31.0,40.714285714285715,0
2023-08-29,SKU_13,Category_4,35,863.148435989516,0,46,1,8,35,41.0,33.0,42.142857142857146,0
2023-08-30,SKU_13,Category_4,35,863.148435989516,0,80,2,8,35,35.0,31.0,42.42857142857143,0
2023-08-31,SKU_13,Category_4,42,863.148435989516,0,91,3,8,35,35.0,40.0,43.0,0
2023-09-01,SKU_13,Category_4,10,863.148435989516,0,10,4,9,35,42.0,41.0,43.285714285714285,1
2023-09-02,SKU_13,Category_4,42,863.148435989516,0,42,5,9,35,10.0,55.0,38.857142857142854,1
2023-09-03,SKU_13,Category_4,26,863.148435989516,0,26,6,9,35,42.0,54.0,37.0,1
2023-09-04,SKU_13,Category_4,40,863.148435989516,0,49,0,9,36,26.0,41.0,33.0,0
2023-09-05,SKU_13,Category_4,34,863.148435989516,0,85,1,9,36,40.0,35.0,32.857142857142854,0
2023-09-06,SKU_13,Category_4,12,863.148435989516,0,12,2,9,36,34.0,35.0,32.714285714285715,1
2023-09-07,SKU_13,Category_4,36,863.148435989516,0,36,3,9,36,12.0,42.0,29.428571428571427,1
2023-09-08,SKU_13,Category_4,33,863.148435989516,0,93,4,9,36,36.0,10.0,28.571428571428573,0
2023-09-09,SKU_13,Category_4,43,863.148435989516,0,43,5,9,36,33.0,42.0,31.857142857142858,1
2023-09-10,SKU_13,Category_4,27,863.148435989516,1,27,6,9,36,43.0,26.0,32.0,1
2023-09-11,SKU_13,Category_4,32,863.148435989516,0,57,0,9,37,27.0,40.0,32.142857142857146,0
2023-09-12,SKU_13,Category_4,36,863.148435989516,0,36,1,9,37,32.0,34.0,31.0,1
2023-09-13,SKU_13,Category_4,39,863.148435989516,0,68,2,9,37,36.0,12.0,31.285714285714285,0
2023-09-14,SKU_13,Category_4,23,863.148435989516,0,23,3,9,37,39.0,36.0,35.142857142857146,1
2023-09-15,SKU_13,Category_4,43,863.148435989516,1,43,4,9,37,23.0,33.0,33.285714285714285,1
2023-09-16,SKU_13,Category_4,40,863.148435989516,0,40,5,9,37,43.0,43.0,34.714285714285715,1
2023-09-17,SKU_13,Category_4,47,863.148435989516,0,62,6,9,37,40.0,27.0,34.285714285714285,0
2023-09-18,SKU_13,Category_4,28,863.148435989516,0,57,0,9,38,47.0,32.0,37.142857142857146,0
2023-09-19,SKU_13,Category_4,25,863.148435989516,0,25,1,9,38,28.0,36.0,36.57142857142857,1
2023-09-20,SKU_13,Category_4,34,863.148435989516,0,67,2,9,38,25.0,39.0,35.0,0
2023-09-21,SKU_13,Category_4,19,863.148435989516,0,19,3,9,38,34.0,23.0,34.285714285714285,1
2023-09-22,SKU_13,Category_4,25,863.148435989516,0,25,4,9,38,19.0,43.0,33.714285714285715,1
2023-09-23,SKU_13,Category_4,41,863.148435989516,0,73,5,9,38,25.0,40.0,31.142857142857142,0
2023-09-24,SKU_13,Category_4,37,863.148435989516,0,37,6,9,38,41.0,47.0,31.285714285714285,1
2023-09-25,SKU_13,Category_4,37,863.148435989516,0,40,0,9,39,37.0,28.0,29.857142857142858,0
2023-09-26,SKU_13,Category_4,36,863.148435989516,0,36,1,9,39,37.0,25.0,31.142857142857142,1
2023-09-27,SKU_13,Category_4,30,863.148435989516,0,92,2,9,39,36.0,34.0,32.714285714285715,0
2023-09-28,SKU_13,Category_4,16,863.148435989516,0,16,3,9,39,30.0,19.0,32.142857142857146,1
2023-09-29,SKU_13,Category_4,37,863.148435989516,0,78,4,9,39,16.0,25.0,31.714285714285715,0
2023-09-30,SKU_13,Category_4,56,863.148435989516,0,66,5,9,39,37.0,41.0,33.42857142857143,0
2023-10-01,SKU_13,Category_4,46,863.148435989516,1,46,6,10,39,56.0,37.0,35.57142857142857,1
2023-10-02,SKU_13,Category_4,40,863.148435989516,0,42,0,10,40,46.0,37.0,36.857142857142854,0
2023-10-03,SKU_13,Category_4,35,863.148435989516,0,43,1,10,40,40.0,36.0,37.285714285714285,0
2023-10-04,SKU_13,Category_4,28,863.148435989516,0,72,2,10,40,35.0,30.0,37.142857142857146,0
2023-10-05,SKU_13,Category_4,19,863.148435989516,1,19,3,10,40,28.0,16.0,36.857142857142854,1
2023-10-06,SKU_13,Category_4,14,863.148435989516,0,14,4,10,40,19.0,37.0,37.285714285714285,1
2023-10-07,SKU_13,Category_4,54,863.148435989516,0,68,5,10,40,14.0,56.0,34.0,0
2023-10-08,SKU_13,Category_4,24,863.148435989516,0,24,6,10,40,54.0,46.0,33.714285714285715,1
2023-10-09,SKU_13,Category_4,35,863.148435989516,0,47,0,10,41,24.0,40.0,30.571428571428573,0
2023-10-10,SKU_13,Category_4,20,863.148435989516,0,20,1,10,41,35.0,35.0,29.857142857142858,1
2023-10-11,SKU_13,Category_4,33,863.148435989516,0,49,2,10,41,20.0,28.0,27.714285714285715,0
2023-10-12,SKU_13,Category_4,37,863.148435989516,1,37,3,10,41,33.0,19.0,28.428571428571427,1
2023-10-13,SKU_13,Category_4,17,863.148435989516,0,17,4,10,41,37.0,14.0,31.0,1
2023-10-14,SKU_13,Category_4,47,863.148435989516,0,47,5,10,41,17.0,54.0,31.428571428571427,1
2023-10-15,SKU_13,Category_4,51,863.148435989516,0,93,6,10,41,47.0,24.0,30.428571428571427,0
2023-10-16,SKU_13,Category_4,34,863.148435989516,0,34,0,10,42,51.0,35.0,34.285714285714285,1
2023-10-17,SKU_13,Category_4,57,863.148435989516,1,89,1,10,42,34.0,20.0,34.142857142857146,0
2023-10-18,SKU_13,Category_4,32,863.148435989516,0,73,2,10,42,57.0,33.0,39.42857142857143,0
2023-10-19,SKU_13,Category_4,38,863.148435989516,0,53,3,10,42,32.0,37.0,39.285714285714285,0
2023-10-20,SKU_13,Category_4,45,863.148435989516,0,99,4,10,42,38.0,17.0,39.42857142857143,0
2023-10-21,SKU_13,Category_4,11,863.148435989516,0,11,5,10,42,45.0,47.0,43.42857142857143,1
2023-10-22,SKU_13,Category_4,46,863.148435989516,0,74,6,10,42,11.0,51.0,38.285714285714285,0
2023-10-23,SKU_13,Category_4,37,863.148435989516,0,63,0,10,43,46.0,34.0,37.57142857142857,0
2023-10-24,SKU_13,Category_4,26,863.148435989516,0,26,1,10,43,37.0,57.0,38.0,1
2023-10-25,SKU_13,Category_4,37,863.148435989516,0,94,2,10,43,26.0,32.0,33.57142857142857,0
2023-10-26,SKU_13,Category_4,43,863.148435989516,1,43,3,10,43,37.0,38.0,34.285714285714285,1
2023-10-27,SKU_13,Category_4,19,863.148435989516,0,19,4,10,43,43.0,45.0,35.0,1
2023-10-28,SKU_13,Category_4,34,863.148435989516,0,34,5,10,43,19.0,11.0,31.285714285714285,1
2023-10-29,SKU_13,Category_4,47,863.148435989516,0,47,6,10,43,34.0,46.0,34.57142857142857,1
2023-10-30,SKU_13,Category_4,35,863.148435989516,0,73,0,10,44,47.0,37.0,34.714285714285715,0
2023-10-31,SKU_13,Category_4,25,863.148435989516,0,25,1,10,44,35.0,26.0,34.42857142857143,1
2023-11-01,SKU_13,Category_4,20,863.148435989516,1,20,2,11,44,25.0,37.0,34.285714285714285,1
2023-11-02,SKU_13,Category_4,39,863.148435989516,0,39,3,11,44,20.0,43.0,31.857142857142858,1
2023-11-03,SKU_13,Category_4,42,863.148435989516,0,89,4,11,44,39.0,19.0,31.285714285714285,0
2023-11-04,SKU_13,Category_4,59,863.148435989516,1,60,5,11,44,42.0,34.0,34.57142857142857,0
2023-11-05,SKU_13,Category_4,49,863.148435989516,0,81,6,11,44,59.0,47.0,38.142857142857146,0
2023-11-06,SKU_13,Category_4,33,863.148435989516,0,50,0,11,45,49.0,35.0,38.42857142857143,0
2023-11-07,SKU_13,Category_4,31,863.148435989516,0,32,1,11,45,33.0,25.0,38.142857142857146,0
2023-11-08,SKU_13,Category_4,29,863.148435989516,0,29,2,11,45,31.0,20.0,39.0,1
2023-11-09,SKU_13,Category_4,48,863.148435989516,1,95,3,11,45,29.0,39.0,40.285714285714285,0
2023-11-10,SKU_13,Category_4,37,863.148435989516,0,77,4,11,45,48.0,42.0,41.57142857142857,0
2023-11-11,SKU_13,Category_4,42,863.148435989516,0,70,5,11,45,37.0,59.0,40.857142857142854,0
2023-11-12,SKU_13,Category_4,56,863.148435989516,0,83,6,11,45,42.0,49.0,38.42857142857143,0
2023-11-13,SKU_13,Category_4,16,863.148435989516,0,16,0,11,46,56.0,33.0,39.42857142857143,1
2023-11-14,SKU_13,Category_4,39,863.148435989516,0,56,1,11,46,16.0,31.0,37.0,0
2023-11-15,SKU_13,Category_4,41,863.148435989516,0,62,2,11,46,39.0,29.0,38.142857142857146,0
2023-11-16,SKU_13,Category_4,46,863.148435989516,0,60,3,11,46,41.0,48.0,39.857142857142854,0
2023-11-17,SKU_13,Category_4,35,863.148435989516,0,77,4,11,46,46.0,37.0,39.57142857142857,0
2023-11-18,SKU_13,Category_4,69,863.148435989516,1,99,5,11,46,35.0,42.0,39.285714285714285,0
2023-11-19,SKU_13,Category_4,50,863.148435989516,0,68,6,11,46,69.0,56.0,43.142857142857146,0
2023-11-20,SKU_13,Category_4,35,863.148435989516,0,59,0,11,47,50.0,16.0,42.285714285714285,0
2023-11-21,SKU_13,Category_4,44,863.148435989516,0,85,1,11,47,35.0,39.0,45.0,0
2023-11-22,SKU_13,Category_4,30,863.148435989516,1,30,2,11,47,44.0,41.0,45.714285714285715,1
2023-11-23,SKU_13,Category_4,50,863.148435989516,1,50,3,11,47,30.0,46.0,44.142857142857146,1
2023-11-24,SKU_13,Category_4,18,863.148435989516,0,18,4,11,47,50.0,35.0,44.714285714285715,1
2023-11-25,SKU_13,Category_4,35,863.148435989516,0,35,5,11,47,18.0,69.0,42.285714285714285,1
2023-11-26,SKU_13,Category_4,48,863.148435989516,0,55,6,11,47,35.0,50.0,37.42857142857143,0
2023-11-27,SKU_13,Category_4,38,863.148435989516,0,47,0,11,48,48.0,35.0,37.142857142857146,0
2023-11-28,SKU_13,Category_4,30,863.148435989516,0,70,1,11,48,38.0,44.0,37.57142857142857,0
2023-11-29,SKU_13,Category_4,36,863.148435989516,0,42,2,11,48,30.0,30.0,35.57142857142857,0
2023-11-30,SKU_13,Category_4,30,863.148435989516,0,78,3,11,48,36.0,50.0,36.42857142857143,0
2023-12-01,SKU_13,Category_4,10,863.148435989516,0,10,4,12,48,30.0,18.0,33.57142857142857,1
2023-12-02,SKU_13,Category_4,50,863.148435989516,0,69,5,12,48,10.0,35.0,32.42857142857143,0
2023-12-03,SKU_13,Category_4,34,863.148435989516,0,34,6,12,48,50.0,48.0,34.57142857142857,1
2023-12-04,SKU_13,Category_4,29,863.148435989516,0,82,0,12,49,34.0,38.0,32.57142857142857,0
2023-12-05,SKU_13,Category_4,29,863.148435989516,0,29,1,12,49,29.0,30.0,31.285714285714285,1
2023-12-06,SKU_13,Category_4,35,863.148435989516,0,46,2,12,49,29.0,36.0,31.142857142857142,0
2023-12-07,SKU_13,Category_4,31,863.148435989516,0,54,3,12,49,35.0,30.0,31.0,0
2023-12-08,SKU_13,Category_4,16,863.148435989516,0,16,4,12,49,31.0,10.0,31.142857142857142,1
2023-12-09,SKU_13,Category_4,47,863.148435989516,0,98,5,12,49,16.0,50.0,32.0,0
2023-12-10,SKU_13,Category_4,54,863.148435989516,0,59,6,12,49,47.0,34.0,31.571428571428573,0
2023-12-11,SKU_13,Category_4,46,863.148435989516,0,54,0,12,50,54.0,29.0,34.42857142857143,0
2023-12-12,SKU_13,Category_4,27,863.148435989516,0,97,1,12,50,46.0,29.0,36.857142857142854,0
2023-12-13,SKU_13,Category_4,29,863.148435989516,0,49,2,12,50,27.0,35.0,36.57142857142857,0
2023-12-14,SKU_13,Category_4,35,863.148435989516,0,72,3,12,50,29.0,31.0,35.714285714285715,0
2023-12-15,SKU_13,Category_4,29,863.148435989516,0,29,4,12,50,35.0,16.0,36.285714285714285,1
2023-12-16,SKU_13,Category_4,56,863.148435989516,0,93,5,12,50,29.0,47.0,38.142857142857146,0
2023-12-17,SKU_13,Category_4,43,863.148435989516,0,92,6,12,50,56.0,54.0,39.42857142857143,0
2023-12-18,SKU_13,Category_4,38,863.148435989516,0,53,0,12,51,43.0,46.0,37.857142857142854,0
2023-12-19,SKU_13,Category_4,26,863.148435989516,0,26,1,12,51,38.0,27.0,36.714285714285715,1
2023-12-20,SKU_13,Category_4,14,863.148435989516,0,14,2,12,51,26.0,29.0,36.57142857142857,1
2023-12-21,SKU_13,Category_4,48,863.148435989516,1,49,3,12,51,14.0,35.0,34.42857142857143,0
2023-12-22,SKU_13,Category_4,27,863.148435989516,0,60,4,12,51,48.0,29.0,36.285714285714285,0
2023-12-23,SKU_13,Category_4,22,863.148435989516,0,22,5,12,51,27.0,56.0,36.0,1
2023-12-24,SKU_13,Category_4,41,863.148435989516,0,77,6,12,51,22.0,43.0,31.142857142857142,0
2023-12-25,SKU_13,Category_4,43,863.148435989516,0,96,0,12,52,41.0,38.0,30.857142857142858,0
2023-12-26,SKU_13,Category_4,12,863.148435989516,0,12,1,12,52,43.0,26.0,31.571428571428573,1
2023-12-27,SKU_13,Category_4,34,863.148435989516,0,52,2,12,52,12.0,14.0,29.571428571428573,0
2023-12-28,SKU_13,Category_4,32,863.148435989516,0,45,3,12,52,34.0,48.0,32.42857142857143,0
2023-12-29,SKU_13,Category_4,20,863.148435989516,0,20,4,12,52,32.0,27.0,30.142857142857142,1
2023-12-30,SKU_13,Category_4,72,863.148435989516,1,75,5,12,52,20.0,22.0,29.142857142857142,0
2023-12-31,SKU_13,Category_4,47,863.148435989516,0,56,6,12,52,72.0,41.0,36.285714285714285,0
2023-01-08,SKU_14,Category_5,40,700.0767403142598,0,65,6,1,1,52.0,61.0,39.142857142857146,0
2023-01-09,SKU_14,Category_5,31,700.0767403142598,0,66,0,1,2,40.0,31.0,36.142857142857146,0
2023-01-10,SKU_14,Category_5,19,700.0767403142598,0,19,1,1,2,31.0,26.0,36.142857142857146,1
2023-01-11,SKU_14,Category_5,32,700.0767403142598,0,92,2,1,2,19.0,38.0,35.142857142857146,0
2023-01-12,SKU_14,Category_5,40,700.0767403142598,0,72,3,1,2,32.0,30.0,34.285714285714285,0
2023-01-13,SKU_14,Category_5,30,700.0767403142598,0,30,4,1,2,40.0,36.0,35.714285714285715,1
2023-01-14,SKU_14,Category_5,44,700.0767403142598,0,60,5,1,2,30.0,52.0,34.857142857142854,0
2023-01-15,SKU_14,Category_5,62,700.0767403142598,1,66,6,1,2,44.0,40.0,33.714285714285715,0
2023-01-16,SKU_14,Category_5,31,700.0767403142598,0,85,0,1,3,62.0,31.0,36.857142857142854,0
2023-01-17,SKU_14,Category_5,28,700.0767403142598,0,64,1,1,3,31.0,19.0,36.857142857142854,0
2023-01-18,SKU_14,Category_5,34,700.0767403142598,0,62,2,1,3,28.0,32.0,38.142857142857146,0
2023-01-19,SKU_14,Category_5,28,700.0767403142598,0,66,3,1,3,34.0,40.0,38.42857142857143,0
2023-01-20,SKU_14,Category_5,39,700.0767403142598,1,39,4,1,3,28.0,30.0,36.714285714285715,1
2023-01-21,SKU_14,Category_5,16,700.0767403142598,0,16,5,1,3,39.0,44.0,38.0,1
2023-01-22,SKU_14,Category_5,44,700.0767403142598,0,45,6,1,3,16.0,62.0,34.0,0
2023-01-23,SKU_14,Category_5,28,700.0767403142598,0,52,0,1,4,44.0,31.0,31.428571428571427,0
2023-01-24,SKU_14,Category_5,36,700.0767403142598,0,54,1,1,4,28.0,28.0,31.0,0
2023-01-25,SKU_14,Category_5,24,700.0767403142598,0,24,2,1,4,36.0,34.0,32.142857142857146,1
2023-01-26,SKU_14,Category_5,35,700.0767403142598,0,99,3,1,4,24.0,28.0,30.714285714285715,0
2023-01-27,SKU_14,Category_5,34,700.0767403142598,0,77,4,1,4,35.0,39.0,31.714285714285715,0
2023-01-28,SKU_14,Category_5,52,700.0767403142598,0,64,5,1,4,34.0,16.0,31.0,0
2023-01-29,SKU_14,Category_5,37,700.0767403142598,1,37,6,1,4,52.0,44.0,36.142857142857146,1
2023-01-30,SKU_14,Category_5,12,700.0767403142598,0,12,0,1,5,37.0,28.0,35.142857142857146,1
2023-01-31,SKU_14,Category_5,34,700.0767403142598,0,34,1,1,5,12.0,36.0,32.857142857142854,1
2023-02-01,SKU_14,Category_5,23,700.0767403142598,0,64,2,2,5,34.0,24.0,32.57142857142857,0
2023-02-02,SKU_14,Category_5,40,700.0767403142598,0,68,3,2,5,23.0,35.0,32.42857142857143,0
2023-02-03,SKU_14,Category_5,42,700.0767403142598,0,50,4,2,5,40.0,34.0,33.142857142857146,0
2023-02-04,SKU_14,Category_5,36,700.0767403142598,0,36,5,2,5,42.0,52.0,34.285714285714285,1
2023-02-05,SKU_14,Category_5,35,700.0767403142598,0,63,6,2,5,36.0,37.0,32.0,0
2023-02-06,SKU_14,Category_5,55,700.0767403142598,1,92,0,2,6,35.0,12.0,31.714285714285715,0
2023-02-07,SKU_14,Category_5,35,700.0767403142598,0,63,1,2,6,55.0,34.0,37.857142857142854,0
2023-02-08,SKU_14,Category_5,16,700.0767403142598,0,16,2,2,6,35.0,23.0,38.0,1
2023-02-09,SKU_14,Category_5,32,700.0767403142598,0,77,3,2,6,16.0,40.0,37.0,0
2023-02-10,SKU_14,Category_5,28,700.0767403142598,0,28,4,2,6,32.0,42.0,35.857142857142854,1
2023-02-11,SKU_14,Category_5,30,700.0767403142598,0,67,5,2,6,28.0,36.0,33.857142857142854,0
2023-02-12,SKU_14,Category_5,46,700.0767403142598,0,85,6,2,6,30.0,35.0,33.0,0
2023-02-13,SKU_14,Category_5,19,700.0767403142598,0,19,0,2,7,46.0,55.0,34.57142857142857,1
2023-02-14,SKU_14,Category_5,34,700.0767403142598,0,34,1,2,7,19.0,35.0,29.428571428571427,1
2023-02-15,SKU_14,Category_5,33,700.0767403142598,0,45,2,2,7,34.0,16.0,29.285714285714285,0
2023-02-16,SKU_14,Category_5,40,700.0767403142598,0,96,3,2,7,33.0,32.0,31.714285714285715,0
2023-02-17,SKU_14,Category_5,26,700.0767403142598,0,26,4,2,7,40.0,28.0,32.857142857142854,1
2023-02-18,SKU_14,Category_5,31,700.0767403142598,0,31,5,2,7,26.0,30.0,32.57142857142857,1
2023-02-19,SKU_14,Category_5,23,700.0767403142598,0,23,6,2,7,31.0,46.0,32.714285714285715,1
2023-02-20,SKU_14,Category_5,38,700.0767403142598,0,73,0,2,8,23.0,19.0,29.428571428571427,0
2023-02-21,SKU_14,Category_5,29,700.0767403142598,0,48,1,2,8,38.0,34.0,32.142857142857146,0
2023-02-22,SKU_14,Category_5,30,700.0767403142598,0,54,2,2,8,29.0,33.0,31.428571428571427,0
2023-02-23,SKU_14,Category_5,35,700.0767403142598,0,88,3,2,8,30.0,40.0,31.0,0
2023-02-24,SKU_14,Category_5,42,700.0767403142598,0,80,4,2,8,35.0,26.0,30.285714285714285,0
2023-02-25,SKU_14,Category_5,10,700.0767403142598,0,10,5,2,8,42.0,31.0,32.57142857142857,1
2023-02-26,SKU_14,Category_5,37,700.0767403142598,0,83,6,2,8,10.0,23.0,29.571428571428573,0
2023-02-27,SKU_14,Category_5,39,700.0767403142598,0,62,0,2,9,37.0,38.0,31.571428571428573,0
2023-02-28,SKU_14,Category_5,37,700.0767403142598,0,66,1,2,9,39.0,29.0,31.714285714285715,0
2023-03-01,SKU_14,Category_5,33,700.0767403142598,0,54,2,3,9,37.0,30.0,32.857142857142854,0
2023-03-02,SKU_14,Category_5,27,700.0767403142598,0,52,3,3,9,33.0,35.0,33.285714285714285,0
2023-03-03,SKU_14,Category_5,30,700.0767403142598,0,85,4,3,9,27.0,42.0,32.142857142857146,0
2023-03-04,SKU_14,Category_5,40,700.0767403142598,0,82,5,3,9,30.0,10.0,30.428571428571427,0
2023-03-05,SKU_14,Category_5,20,700.0767403142598,0,20,6,3,9,40.0,37.0,34.714285714285715,1
2023-03-06,SKU_14,Category_5,28,700.0767403142598,0,28,0,3,10,20.0,39.0,32.285714285714285,1
2023-03-07,SKU_14,Category_5,26,700.0767403142598,0,26,1,3,10,28.0,37.0,30.714285714285715,1
2023-03-08,SKU_14,Category_5,33,700.0767403142598,0,33,2,3,10,26.0,33.0,29.142857142857142,1
2023-03-09,SKU_14,Category_5,15,700.0767403142598,0,15,3,3,10,33.0,27.0,29.142857142857142,1
2023-03-10,SKU_14,Category_5,28,700.0767403142598,0,47,4,3,10,15.0,30.0,27.428571428571427,0
2023-03-11,SKU_14,Category_5,62,700.0767403142598,1,87,5,3,10,28.0,40.0,27.142857142857142,0
2023-03-12,SKU_14,Category_5,33,700.0767403142598,0,64,6,3,10,62.0,20.0,30.285714285714285,0
2023-03-13,SKU_14,Category_5,25,700.0767403142598,0,25,0,3,11,33.0,28.0,32.142857142857146,1
2023-03-14,SKU_14,Category_5,32,700.0767403142598,0,80,1,3,11,25.0,26.0,31.714285714285715,0
2023-03-15,SKU_14,Category_5,30,700.0767403142598,0,59,2,3,11,32.0,33.0,32.57142857142857,0
2023-03-16,SKU_14,Category_5,37,700.0767403142598,0,94,3,3,11,30.0,15.0,32.142857142857146,0
2023-03-17,SKU_14,Category_5,36,700.0767403142598,0,63,4,3,11,37.0,28.0,35.285714285714285,0
2023-03-18,SKU_14,Category_5,41,700.0767403142598,0,41,5,3,11,36.0,62.0,36.42857142857143,1
2023-03-19,SKU_14,Category_5,41,700.0767403142598,0,41,6,3,11,41.0,33.0,33.42857142857143,1
2023-03-20,SKU_14,Category_5,40,700.0767403142598,0,47,0,3,12,41.0,25.0,34.57142857142857,0
2023-03-21,SKU_14,Category_5,20,700.0767403142598,1,20,1,3,12,40.0,32.0,36.714285714285715,1
2023-03-22,SKU_14,Category_5,35,700.0767403142598,0,46,2,3,12,20.0,30.0,35.0,0
2023-03-23,SKU_14,Category_5,16,700.0767403142598,0,16,3,3,12,35.0,37.0,35.714285714285715,1
2023-03-24,SKU_14,Category_5,37,700.0767403142598,0,51,4,3,12,16.0,36.0,32.714285714285715,0
2023-03-25,SKU_14,Category_5,46,700.0767403142598,0,58,5,3,12,37.0,41.0,32.857142857142854,0
2023-03-26,SKU_14,Category_5,12,700.0767403142598,0,12,6,3,12,46.0,41.0,33.57142857142857,1
2023-03-27,SKU_14,Category_5,35,700.0767403142598,0,98,0,3,13,12.0,40.0,29.428571428571427,0
2023-03-28,SKU_14,Category_5,30,700.0767403142598,0,33,1,3,13,35.0,20.0,28.714285714285715,0
2023-03-29,SKU_14,Category_5,27,700.0767403142598,0,71,2,3,13,30.0,35.0,30.142857142857142,0
2023-03-30,SKU_14,Category_5,15,700.0767403142598,0,15,3,3,13,27.0,16.0,29.0,1
2023-03-31,SKU_14,Category_5,31,700.0767403142598,0,49,4,3,13,15.0,37.0,28.857142857142858,0
2023-04-01,SKU_14,Category_5,36,700.0767403142598,0,37,5,4,13,31.0,46.0,28.0,0
2023-04-02,SKU_14,Category_5,50,700.0767403142598,0,50,6,4,13,36.0,12.0,26.571428571428573,1
2023-04-03,SKU_14,Category_5,30,700.0767403142598,0,32,0,4,14,50.0,35.0,32.0,0
2023-04-04,SKU_14,Category_5,34,700.0767403142598,0,54,1,4,14,30.0,30.0,31.285714285714285,0
2023-04-05,SKU_14,Category_5,30,700.0767403142598,0,31,2,4,14,34.0,27.0,31.857142857142858,0
2023-04-06,SKU_14,Category_5,24,700.0767403142598,0,24,3,4,14,30.0,15.0,32.285714285714285,1
2023-04-07,SKU_14,Category_5,34,700.0767403142598,0,55,4,4,14,24.0,31.0,33.57142857142857,0
2023-04-08,SKU_14,Category_5,43,700.0767403142598,0,97,5,4,14,34.0,36.0,34.0,0
2023-04-09,SKU_14,Category_5,33,700.0767403142598,0,75,6,4,14,43.0,50.0,35.0,0
2023-04-10,SKU_14,Category_5,32,700.0767403142598,0,57,0,4,15,33.0,30.0,32.57142857142857,0
2023-04-11,SKU_14,Category_5,34,700.0767403142598,0,34,1,4,15,32.0,34.0,32.857142857142854,1
2023-04-12,SKU_14,Category_5,32,700.0767403142598,0,51,2,4,15,34.0,30.0,32.857142857142854,0
2023-04-13,SKU_14,Category_5,36,700.0767403142598,0,76,3,4,15,32.0,24.0,33.142857142857146,0
2023-04-14,SKU_14,Category_5,49,700.0767403142598,0,55,4,4,15,36.0,34.0,34.857142857142854,0
2023-04-15,SKU_14,Category_5,43,700.0767403142598,0,58,5,4,15,49.0,43.0,37.0,0
2023-04-16,SKU_14,Category_5,21,700.0767403142598,0,21,6,4,15,43.0,33.0,37.0,1
2023-04-17,SKU_14,Category_5,33,700.0767403142598,0,75,0,4,16,21.0,32.0,35.285714285714285,0
2023-04-18,SKU_14,Category_5,31,700.0767403142598,0,72,1,4,16,33.0,34.0,35.42857142857143,0
2023-04-19,SKU_14,Category_5,51,700.0767403142598,1,82,2,4,16,31.0,32.0,35.0,0
2023-04-20,SKU_14,Category_5,27,700.0767403142598,0,56,3,4,16,51.0,36.0,37.714285714285715,0
2023-04-21,SKU_14,Category_5,31,700.0767403142598,1,31,4,4,16,27.0,49.0,36.42857142857143,1
2023-04-22,SKU_14,Category_5,42,700.0767403142598,0,69,5,4,16,31.0,43.0,33.857142857142854,0
2023-04-23,SKU_14,Category_5,44,700.0767403142598,0,67,6,4,16,42.0,21.0,33.714285714285715,0
2023-04-24,SKU_14,Category_5,32,700.0767403142598,0,94,0,4,17,44.0,33.0,37.0,0
2023-04-25,SKU_14,Category_5,28,700.0767403142598,0,61,1,4,17,32.0,31.0,36.857142857142854,0
2023-04-26,SKU_14,Category_5,31,700.0767403142598,0,46,2,4,17,28.0,51.0,36.42857142857143,0
2023-04-27,SKU_14,Category_5,35,700.0767403142598,0,55,3,4,17,31.0,27.0,33.57142857142857,0
2023-04-28,SKU_14,Category_5,18,700.0767403142598,0,18,4,4,17,35.0,31.0,34.714285714285715,1
2023-04-29,SKU_14,Category_5,40,700.0767403142598,0,98,5,4,17,18.0,42.0,32.857142857142854,0
2023-04-30,SKU_14,Category_5,25,700.0767403142598,0,25,6,4,17,40.0,44.0,32.57142857142857,1
2023-05-01,SKU_14,Category_5,27,700.0767403142598,0,27,0,5,18,25.0,32.0,29.857142857142858,1
2023-05-02,SKU_14,Category_5,34,700.0767403142598,1,34,1,5,18,27.0,28.0,29.142857142857142,1
2023-05-03,SKU_14,Category_5,30,700.0767403142598,0,74,2,5,18,34.0,31.0,30.0,0
2023-05-04,SKU_14,Category_5,20,700.0767403142598,0,20,3,5,18,30.0,35.0,29.857142857142858,1
2023-05-05,SKU_14,Category_5,33,700.0767403142598,0,58,4,5,18,20.0,18.0,27.714285714285715,0
2023-05-06,SKU_14,Category_5,43,700.0767403142598,0,75,5,5,18,33.0,40.0,29.857142857142858,0
2023-05-07,SKU_14,Category_5,42,700.0767403142598,0,84,6,5,18,43.0,25.0,30.285714285714285,0
2023-05-08,SKU_14,Category_5,31,700.0767403142598,0,31,0,5,19,42.0,27.0,32.714285714285715,1
2023-05-09,SKU_14,Category_5,20,700.0767403142598,0,20,1,5,19,31.0,34.0,33.285714285714285,1
2023-05-10,SKU_14,Category_5,21,700.0767403142598,0,70,2,5,19,20.0,30.0,31.285714285714285,0
2023-05-11,SKU_14,Category_5,20,700.0767403142598,0,20,3,5,19,21.0,20.0,30.0,1
2023-05-12,SKU_14,Category_5,35,700.0767403142598,0,57,4,5,19,20.0,33.0,30.0,0
2023-05-13,SKU_14,Category_5,44,700.0767403142598,0,73,5,5,19,35.0,43.0,30.285714285714285,0
2023-05-14,SKU_14,Category_5,45,700.0767403142598,0,86,6,5,19,44.0,42.0,30.428571428571427,0
2023-05-15,SKU_14,Category_5,28,700.0767403142598,0,39,0,5,20,45.0,31.0,30.857142857142858,0
2023-05-16,SKU_14,Category_5,23,700.0767403142598,0,23,1,5,20,28.0,20.0,30.428571428571427,1
2023-05-17,SKU_14,Category_5,15,700.0767403142598,0,15,2,5,20,23.0,21.0,30.857142857142858,1
2023-05-18,SKU_14,Category_5,43,700.0767403142598,0,68,3,5,20,15.0,20.0,30.0,0
2023-05-19,SKU_14,Category_5,33,700.0767403142598,0,33,4,5,20,43.0,35.0,33.285714285714285,1
2023-05-20,SKU_14,Category_5,35,700.0767403142598,0,57,5,5,20,33.0,44.0,33.0,0
2023-05-21,SKU_14,Category_5,54,700.0767403142598,0,97,6,5,20,35.0,45.0,31.714285714285715,0
2023-05-22,SKU_14,Category_5,32,700.0767403142598,0,67,0,5,21,54.0,28.0,33.0,0
2023-05-23,SKU_14,Category_5,34,700.0767403142598,0,65,1,5,21,32.0,23.0,33.57142857142857,0
2023-05-24,SKU_14,Category_5,31,700.0767403142598,0,89,2,5,21,34.0,15.0,35.142857142857146,0
2023-05-25,SKU_14,Category_5,58,700.0767403142598,1,77,3,5,21,31.0,43.0,37.42857142857143,0
2023-05-26,SKU_14,Category_5,17,700.0767403142598,0,17,4,5,21,58.0,33.0,39.57142857142857,1
2023-05-27,SKU_14,Category_5,22,700.0767403142598,0,22,5,5,21,17.0,35.0,37.285714285714285,1
2023-05-28,SKU_14,Category_5,23,700.0767403142598,0,23,6,5,21,22.0,54.0,35.42857142857143,1
2023-05-29,SKU_14,Category_5,31,700.0767403142598,0,95,0,5,22,23.0,32.0,31.0,0
2023-05-30,SKU_14,Category_5,33,700.0767403142598,0,66,1,5,22,31.0,34.0,30.857142857142858,0
2023-05-31,SKU_14,Category_5,31,700.0767403142598,0,66,2,5,22,33.0,31.0,30.714285714285715,0
2023-06-01,SKU_14,Category_5,17,700.0767403142598,0,17,3,6,22,31.0,58.0,30.714285714285715,1
2023-06-02,SKU_14,Category_5,48,700.0767403142598,0,68,4,6,22,17.0,17.0,24.857142857142858,0
2023-06-03,SKU_14,Category_5,63,700.0767403142598,1,89,5,6,22,48.0,22.0,29.285714285714285,0
2023-06-04,SKU_14,Category_5,26,700.0767403142598,0,26,6,6,22,63.0,23.0,35.142857142857146,1
2023-06-05,SKU_14,Category_5,36,700.0767403142598,0,79,0,6,23,26.0,31.0,35.57142857142857,0
2023-06-06,SKU_14,Category_5,16,700.0767403142598,1,16,1,6,23,36.0,33.0,36.285714285714285,1
2023-06-07,SKU_14,Category_5,21,700.0767403142598,0,21,2,6,23,16.0,31.0,33.857142857142854,1
2023-06-08,SKU_14,Category_5,32,700.0767403142598,0,61,3,6,23,21.0,17.0,32.42857142857143,0
2023-06-09,SKU_14,Category_5,30,700.0767403142598,0,81,4,6,23,32.0,48.0,34.57142857142857,0
2023-06-10,SKU_14,Category_5,37,700.0767403142598,0,38,5,6,23,30.0,63.0,32.0,0
2023-06-11,SKU_14,Category_5,40,700.0767403142598,0,70,6,6,23,37.0,26.0,28.285714285714285,0
2023-06-12,SKU_14,Category_5,36,700.0767403142598,0,81,0,6,24,40.0,36.0,30.285714285714285,0
2023-06-13,SKU_14,Category_5,38,700.0767403142598,0,58,1,6,24,36.0,16.0,30.285714285714285,0
2023-06-14,SKU_14,Category_5,27,700.0767403142598,0,47,2,6,24,38.0,21.0,33.42857142857143,0
2023-06-15,SKU_14,Category_5,36,700.0767403142598,0,63,3,6,24,27.0,32.0,34.285714285714285,0
2023-06-16,SKU_14,Category_5,22,700.0767403142598,0,22,4,6,24,36.0,30.0,34.857142857142854,1
2023-06-17,SKU_14,Category_5,23,700.0767403142598,0,23,5,6,24,22.0,37.0,33.714285714285715,1
2023-06-18,SKU_14,Category_5,40,700.0767403142598,0,67,6,6,24,23.0,40.0,31.714285714285715,0
2023-06-19,SKU_14,Category_5,38,700.0767403142598,0,81,0,6,25,40.0,36.0,31.714285714285715,0
2023-06-20,SKU_14,Category_5,16,700.0767403142598,0,16,1,6,25,38.0,38.0,32.0,1
2023-06-21,SKU_14,Category_5,34,700.0767403142598,0,41,2,6,25,16.0,27.0,28.857142857142858,0
2023-06-22,SKU_14,Category_5,57,700.0767403142598,1,82,3,6,25,34.0,36.0,29.857142857142858,0
2023-06-23,SKU_14,Category_5,32,700.0767403142598,0,46,4,6,25,57.0,22.0,32.857142857142854,0
2023-06-24,SKU_14,Category_5,52,700.0767403142598,0,52,5,6,25,32.0,23.0,34.285714285714285,1
2023-06-25,SKU_14,Category_5,46,700.0767403142598,0,53,6,6,25,52.0,40.0,38.42857142857143,0
2023-06-26,SKU_14,Category_5,36,700.0767403142598,0,79,0,6,26,46.0,38.0,39.285714285714285,0
2023-06-27,SKU_14,Category_5,15,700.0767403142598,0,15,1,6,26,36.0,16.0,39.0,1
2023-06-28,SKU_14,Category_5,31,700.0767403142598,0,75,2,6,26,15.0,34.0,38.857142857142854,0
2023-06-29,SKU_14,Category_5,31,700.0767403142598,0,89,3,6,26,31.0,57.0,38.42857142857143,0
2023-06-30,SKU_14,Category_5,36,700.0767403142598,0,56,4,6,26,31.0,32.0,34.714285714285715,0
2023-07-01,SKU_14,Category_5,49,700.0767403142598,0,99,5,7,26,36.0,52.0,35.285714285714285,0
2023-07-02,SKU_14,Category_5,10,700.0767403142598,0,10,6,7,26,49.0,46.0,34.857142857142854,1
2023-07-03,SKU_14,Category_5,32,700.0767403142598,0,32,0,7,27,10.0,36.0,29.714285714285715,1
2023-07-04,SKU_14,Category_5,34,700.0767403142598,0,69,1,7,27,32.0,15.0,29.142857142857142,0
2023-07-05,SKU_14,Category_5,32,700.0767403142598,0,85,2,7,27,34.0,31.0,31.857142857142858,0
2023-07-06,SKU_14,Category_5,14,700.0767403142598,0,14,3,7,27,32.0,31.0,32.0,1
2023-07-07,SKU_14,Category_5,32,700.0767403142598,0,59,4,7,27,14.0,36.0,29.571428571428573,0
2023-07-08,SKU_14,Category_5,61,700.0767403142598,1,81,5,7,27,32.0,49.0,29.0,0
2023-07-09,SKU_14,Category_5,66,700.0767403142598,1,78,6,7,27,61.0,10.0,30.714285714285715,0
2023-07-10,SKU_14,Category_5,32,700.0767403142598,0,66,0,7,28,66.0,32.0,38.714285714285715,0
2023-07-11,SKU_14,Category_5,25,700.0767403142598,0,76,1,7,28,32.0,34.0,38.714285714285715,0
2023-07-12,SKU_14,Category_5,49,700.0767403142598,1,54,2,7,28,25.0,32.0,37.42857142857143,0
2023-07-13,SKU_14,Category_5,35,700.0767403142598,0,55,3,7,28,49.0,14.0,39.857142857142854,0
2023-07-14,SKU_14,Category_5,24,700.0767403142598,0,90,4,7,28,35.0,32.0,42.857142857142854,0
2023-07-15,SKU_14,Category_5,41,700.0767403142598,0,72,5,7,28,24.0,61.0,41.714285714285715,0
2023-07-16,SKU_14,Category_5,25,700.0767403142598,1,25,6,7,28,41.0,66.0,38.857142857142854,1
2023-07-17,SKU_14,Category_5,34,700.0767403142598,0,34,0,7,29,25.0,32.0,33.0,1
2023-07-18,SKU_14,Category_5,28,700.0767403142598,0,43,1,7,29,34.0,25.0,33.285714285714285,0
2023-07-19,SKU_14,Category_5,29,700.0767403142598,0,38,2,7,29,28.0,49.0,33.714285714285715,0
2023-07-20,SKU_14,Category_5,34,700.0767403142598,0,66,3,7,29,29.0,35.0,30.857142857142858,0
2023-07-21,SKU_14,Category_5,25,700.0767403142598,0,25,4,7,29,34.0,24.0,30.714285714285715,1
2023-07-22,SKU_14,Category_5,13,700.0767403142598,0,13,5,7,29,25.0,41.0,30.857142857142858,1
2023-07-23,SKU_14,Category_5,36,700.0767403142598,0,64,6,7,29,13.0,25.0,26.857142857142858,0
2023-07-24,SKU_14,Category_5,39,700.0767403142598,1,73,0,7,30,36.0,34.0,28.428571428571427,0
2023-07-25,SKU_14,Category_5,47,700.0767403142598,1,90,1,7,30,39.0,28.0,29.142857142857142,0
2023-07-26,SKU_14,Category_5,30,700.0767403142598,0,68,2,7,30,47.0,29.0,31.857142857142858,0
2023-07-27,SKU_14,Category_5,34,700.0767403142598,0,89,3,7,30,30.0,34.0,32.0,0
2023-07-28,SKU_14,Category_5,32,700.0767403142598,0,32,4,7,30,34.0,25.0,32.0,1
2023-07-29,SKU_14,Category_5,43,700.0767403142598,0,61,5,7,30,32.0,13.0,33.0,0
2023-07-30,SKU_14,Category_5,44,700.0767403142598,0,92,6,7,30,43.0,36.0,37.285714285714285,0
2023-07-31,SKU_14,Category_5,35,700.0767403142598,0,75,0,7,31,44.0,39.0,38.42857142857143,0
2023-08-01,SKU_14,Category_5,23,700.0767403142598,0,23,1,8,31,35.0,47.0,37.857142857142854,1
2023-08-02,SKU_14,Category_5,59,700.0767403142598,1,98,2,8,31,23.0,30.0,34.42857142857143,0
2023-08-03,SKU_14,Category_5,29,700.0767403142598,0,37,3,8,31,59.0,34.0,38.57142857142857,0
2023-08-04,SKU_14,Category_5,34,700.0767403142598,0,86,4,8,31,29.0,32.0,37.857142857142854,0
2023-08-05,SKU_14,Category_5,44,700.0767403142598,0,46,5,8,31,34.0,43.0,38.142857142857146,0
2023-08-06,SKU_14,Category_5,36,700.0767403142598,0,42,6,8,31,44.0,44.0,38.285714285714285,0
2023-08-07,SKU_14,Category_5,61,700.0767403142598,1,86,0,8,32,36.0,35.0,37.142857142857146,0
2023-08-08,SKU_14,Category_5,23,700.0767403142598,0,72,1,8,32,61.0,23.0,40.857142857142854,0
2023-08-09,SKU_14,Category_5,30,700.0767403142598,0,39,2,8,32,23.0,59.0,40.857142857142854,0
2023-08-10,SKU_14,Category_5,16,700.0767403142598,0,16,3,8,32,30.0,29.0,36.714285714285715,1
2023-08-11,SKU_14,Category_5,38,700.0767403142598,0,67,4,8,32,16.0,34.0,34.857142857142854,0
2023-08-12,SKU_14,Category_5,19,700.0767403142598,0,19,5,8,32,38.0,44.0,35.42857142857143,1
2023-08-13,SKU_14,Category_5,40,700.0767403142598,0,54,6,8,32,19.0,36.0,31.857142857142858,0
2023-08-14,SKU_14,Category_5,20,700.0767403142598,0,20,0,8,33,40.0,61.0,32.42857142857143,1
2023-08-15,SKU_14,Category_5,35,700.0767403142598,0,43,1,8,33,20.0,23.0,26.571428571428573,0
2023-08-16,SKU_14,Category_5,49,700.0767403142598,1,49,2,8,33,35.0,30.0,28.285714285714285,1
2023-08-17,SKU_14,Category_5,32,700.0767403142598,0,37,3,8,33,49.0,16.0,31.0,0
2023-08-18,SKU_14,Category_5,36,700.0767403142598,0,62,4,8,33,32.0,38.0,33.285714285714285,0
2023-08-19,SKU_14,Category_5,45,700.0767403142598,0,45,5,8,33,36.0,19.0,33.0,1
2023-08-20,SKU_14,Category_5,31,700.0767403142598,0,31,6,8,33,45.0,40.0,36.714285714285715,1
2023-08-21,SKU_14,Category_5,20,700.0767403142598,0,78,0,8,34,31.0,20.0,35.42857142857143,0
2023-08-22,SKU_14,Category_5,16,700.0767403142598,1,16,1,8,34,20.0,35.0,35.42857142857143,1
2023-08-23,SKU_14,Category_5,31,700.0767403142598,0,86,2,8,34,16.0,49.0,32.714285714285715,0
2023-08-24,SKU_14,Category_5,37,700.0767403142598,0,76,3,8,34,31.0,32.0,30.142857142857142,0
2023-08-25,SKU_14,Category_5,12,700.0767403142598,0,12,4,8,34,37.0,36.0,30.857142857142858,1
2023-08-26,SKU_14,Category_5,14,700.0767403142598,0,14,5,8,34,12.0,45.0,27.428571428571427,1
2023-08-27,SKU_14,Category_5,40,700.0767403142598,0,63,6,8,34,14.0,31.0,23.0,0
2023-08-28,SKU_14,Category_5,28,700.0767403142598,0,68,0,8,35,40.0,20.0,24.285714285714285,0
2023-08-29,SKU_14,Category_5,30,700.0767403142598,0,73,1,8,35,28.0,16.0,25.428571428571427,0
2023-08-30,SKU_14,Category_5,33,700.0767403142598,0,63,2,8,35,30.0,31.0,27.428571428571427,0
2023-08-31,SKU_14,Category_5,27,700.0767403142598,0,87,3,8,35,33.0,37.0,27.714285714285715,0
2023-09-01,SKU_14,Category_5,32,700.0767403142598,0,49,4,9,35,27.0,12.0,26.285714285714285,0
2023-09-02,SKU_14,Category_5,46,700.0767403142598,0,57,5,9,35,32.0,14.0,29.142857142857142,0
2023-09-03,SKU_14,Category_5,39,700.0767403142598,0,89,6,9,35,46.0,40.0,33.714285714285715,0
2023-09-04,SKU_14,Category_5,30,700.0767403142598,0,80,0,9,36,39.0,28.0,33.57142857142857,0
2023-09-05,SKU_14,Category_5,25,700.0767403142598,0,37,1,9,36,30.0,30.0,33.857142857142854,0
2023-09-06,SKU_14,Category_5,34,700.0767403142598,0,42,2,9,36,25.0,33.0,33.142857142857146,0
2023-09-07,SKU_14,Category_5,32,700.0767403142598,0,83,3,9,36,34.0,27.0,33.285714285714285,0
2023-09-08,SKU_14,Category_5,34,700.0767403142598,0,34,4,9,36,32.0,32.0,34.0,1
2023-09-09,SKU_14,Category_5,35,700.0767403142598,0,35,5,9,36,34.0,46.0,34.285714285714285,1
2023-09-10,SKU_14,Category_5,56,700.0767403142598,0,80,6,9,36,35.0,39.0,32.714285714285715,0
2023-09-11,SKU_14,Category_5,32,700.0767403142598,0,53,0,9,37,56.0,30.0,35.142857142857146,0
2023-09-12,SKU_14,Category_5,43,700.0767403142598,0,92,1,9,37,32.0,25.0,35.42857142857143,0
2023-09-13,SKU_14,Category_5,22,700.0767403142598,0,22,2,9,37,43.0,34.0,38.0,1
2023-09-14,SKU_14,Category_5,21,700.0767403142598,0,21,3,9,37,22.0,32.0,36.285714285714285,1
2023-09-15,SKU_14,Category_5,37,700.0767403142598,0,43,4,9,37,21.0,34.0,34.714285714285715,0
2023-09-16,SKU_14,Category_5,39,700.0767403142598,0,42,5,9,37,37.0,35.0,35.142857142857146,0
2023-09-17,SKU_14,Category_5,45,700.0767403142598,0,80,6,9,37,39.0,56.0,35.714285714285715,0
2023-09-18,SKU_14,Category_5,32,700.0767403142598,1,32,0,9,38,45.0,32.0,34.142857142857146,1
2023-09-19,SKU_14,Category_5,35,700.0767403142598,0,73,1,9,38,32.0,43.0,34.142857142857146,0
2023-09-20,SKU_14,Category_5,32,700.0767403142598,0,66,2,9,38,35.0,22.0,33.0,0
2023-09-21,SKU_14,Category_5,36,700.0767403142598,0,46,3,9,38,32.0,21.0,34.42857142857143,0
2023-09-22,SKU_14,Category_5,35,700.0767403142598,0,96,4,9,38,36.0,37.0,36.57142857142857,0
2023-09-23,SKU_14,Category_5,45,700.0767403142598,0,95,5,9,38,35.0,39.0,36.285714285714285,0
2023-09-24,SKU_14,Category_5,43,700.0767403142598,0,89,6,9,38,45.0,45.0,37.142857142857146,0
2023-09-25,SKU_14,Category_5,38,700.0767403142598,0,87,0,9,39,43.0,32.0,36.857142857142854,0
2023-09-26,SKU_14,Category_5,34,700.0767403142598,0,86,1,9,39,38.0,35.0,37.714285714285715,0
2023-09-27,SKU_14,Category_5,13,700.0767403142598,0,13,2,9,39,34.0,32.0,37.57142857142857,1
2023-09-28,SKU_14,Category_5,24,700.0767403142598,0,24,3,9,39,13.0,36.0,34.857142857142854,1
2023-09-29,SKU_14,Category_5,48,700.0767403142598,1,48,4,9,39,24.0,35.0,33.142857142857146,1
2023-09-30,SKU_14,Category_5,45,700.0767403142598,0,45,5,9,39,48.0,45.0,35.0,1
2023-10-01,SKU_14,Category_5,53,700.0767403142598,0,94,6,10,39,45.0,43.0,35.0,0
2023-10-02,SKU_14,Category_5,30,700.0767403142598,0,62,0,10,40,53.0,38.0,36.42857142857143,0
2023-10-03,SKU_14,Category_5,36,700.0767403142598,0,59,1,10,40,30.0,34.0,35.285714285714285,0
2023-10-04,SKU_14,Category_5,39,700.0767403142598,0,65,2,10,40,36.0,13.0,35.57142857142857,0
2023-10-05,SKU_14,Category_5,34,700.0767403142598,0,78,3,10,40,39.0,24.0,39.285714285714285,0
2023-10-06,SKU_14,Category_5,37,700.0767403142598,0,96,4,10,40,34.0,48.0,40.714285714285715,0
2023-10-07,SKU_14,Category_5,48,700.0767403142598,0,93,5,10,40,37.0,45.0,39.142857142857146,0
2023-10-08,SKU_14,Category_5,26,700.0767403142598,1,26,6,10,40,48.0,53.0,39.57142857142857,1
2023-10-09,SKU_14,Category_5,22,700.0767403142598,0,22,0,10,41,26.0,30.0,35.714285714285715,1
2023-10-10,SKU_14,Category_5,45,700.0767403142598,0,71,1,10,41,22.0,36.0,34.57142857142857,0
2023-10-11,SKU_14,Category_5,40,700.0767403142598,0,85,2,10,41,45.0,39.0,35.857142857142854,0
2023-10-12,SKU_14,Category_5,30,700.0767403142598,0,84,3,10,41,40.0,34.0,36.0,0
2023-10-13,SKU_14,Category_5,10,700.0767403142598,0,10,4,10,41,30.0,37.0,35.42857142857143,1
2023-10-14,SKU_14,Category_5,37,700.0767403142598,0,37,5,10,41,10.0,48.0,31.571428571428573,1
2023-10-15,SKU_14,Category_5,44,700.0767403142598,0,44,6,10,41,37.0,26.0,30.0,1
2023-10-16,SKU_14,Category_5,31,700.0767403142598,0,83,0,10,42,44.0,22.0,32.57142857142857,0
2023-10-17,SKU_14,Category_5,25,700.0767403142598,0,25,1,10,42,31.0,45.0,33.857142857142854,1
2023-10-18,SKU_14,Category_5,25,700.0767403142598,0,71,2,10,42,25.0,40.0,31.0,0
2023-10-19,SKU_14,Category_5,30,700.0767403142598,0,92,3,10,42,25.0,30.0,28.857142857142858,0
2023-10-20,SKU_14,Category_5,29,700.0767403142598,0,74,4,10,42,30.0,10.0,28.857142857142858,0
2023-10-21,SKU_14,Category_5,33,700.0767403142598,0,33,5,10,42,29.0,37.0,31.571428571428573,1
2023-10-22,SKU_14,Category_5,45,700.0767403142598,0,84,6,10,42,33.0,44.0,31.0,0
2023-10-23,SKU_14,Category_5,35,700.0767403142598,0,65,0,10,43,45.0,31.0,31.142857142857142,0
2023-10-24,SKU_14,Category_5,36,700.0767403142598,0,74,1,10,43,35.0,25.0,31.714285714285715,0
2023-10-25,SKU_14,Category_5,51,700.0767403142598,1,74,2,10,43,36.0,25.0,33.285714285714285,0
2023-10-26,SKU_14,Category_5,29,700.0767403142598,0,77,3,10,43,51.0,30.0,37.0,0
2023-10-27,SKU_14,Category_5,41,700.0767403142598,0,70,4,10,43,29.0,29.0,36.857142857142854,0
2023-10-28,SKU_14,Category_5,37,700.0767403142598,0,77,5,10,43,41.0,33.0,38.57142857142857,0
2023-10-29,SKU_14,Category_5,43,700.0767403142598,0,58,6,10,43,37.0,45.0,39.142857142857146,0
2023-10-30,SKU_14,Category_5,35,700.0767403142598,0,42,0,10,44,43.0,35.0,38.857142857142854,0
2023-10-31,SKU_14,Category_5,36,700.0767403142598,0,98,1,10,44,35.0,36.0,38.857142857142854,0
2023-11-01,SKU_14,Category_5,10,700.0767403142598,0,10,2,11,44,36.0,51.0,38.857142857142854,1
2023-11-02,SKU_14,Category_5,30,700.0767403142598,0,30,3,11,44,10.0,29.0,33.0,1
2023-11-03,SKU_14,Category_5,41,700.0767403142598,0,44,4,11,44,30.0,41.0,33.142857142857146,0
2023-11-04,SKU_14,Category_5,41,700.0767403142598,0,76,5,11,44,41.0,37.0,33.142857142857146,0
2023-11-05,SKU_14,Category_5,11,700.0767403142598,0,11,6,11,44,41.0,43.0,33.714285714285715,1
2023-11-06,SKU_14,Category_5,27,700.0767403142598,0,27,0,11,45,11.0,35.0,29.142857142857142,1
2023-11-07,SKU_14,Category_5,32,700.0767403142598,0,41,1,11,45,27.0,36.0,28.0,0
2023-11-08,SKU_14,Category_5,28,700.0767403142598,0,80,2,11,45,32.0,10.0,27.428571428571427,0
2023-11-09,SKU_14,Category_5,52,700.0767403142598,1,96,3,11,45,28.0,30.0,30.0,0
2023-11-10,SKU_14,Category_5,19,700.0767403142598,0,19,4,11,45,52.0,41.0,33.142857142857146,1
2023-11-11,SKU_14,Category_5,45,700.0767403142598,0,45,5,11,45,19.0,41.0,30.0,1
2023-11-12,SKU_14,Category_5,17,700.0767403142598,0,17,6,11,45,45.0,11.0,30.571428571428573,1
2023-11-13,SKU_14,Category_5,38,700.0767403142598,0,93,0,11,46,17.0,27.0,31.428571428571427,0
2023-11-14,SKU_14,Category_5,28,700.0767403142598,0,76,1,11,46,38.0,32.0,33.0,0
2023-11-15,SKU_14,Category_5,27,700.0767403142598,0,27,2,11,46,28.0,28.0,32.42857142857143,1
2023-11-16,SKU_14,Category_5,30,700.0767403142598,0,94,3,11,46,27.0,52.0,32.285714285714285,0
2023-11-17,SKU_14,Category_5,24,700.0767403142598,0,24,4,11,46,30.0,19.0,29.142857142857142,1
2023-11-18,SKU_14,Category_5,68,700.0767403142598,1,99,5,11,46,24.0,45.0,29.857142857142858,0
2023-11-19,SKU_14,Category_5,42,700.0767403142598,0,75,6,11,46,68.0,17.0,33.142857142857146,0
2023-11-20,SKU_14,Category_5,20,700.0767403142598,0,20,0,11,47,42.0,38.0,36.714285714285715,1
2023-11-21,SKU_14,Category_5,28,700.0767403142598,0,43,1,11,47,20.0,28.0,34.142857142857146,0
2023-11-22,SKU_14,Category_5,25,700.0767403142598,0,38,2,11,47,28.0,27.0,34.142857142857146,0
2023-11-23,SKU_14,Category_5,32,700.0767403142598,0,78,3,11,47,25.0,30.0,33.857142857142854,0
2023-11-24,SKU_14,Category_5,34,700.0767403142598,0,86,4,11,47,32.0,24.0,34.142857142857146,0
2023-11-25,SKU_14,Category_5,41,700.0767403142598,0,84,5,11,47,34.0,68.0,35.57142857142857,0
2023-11-26,SKU_14,Category_5,38,700.0767403142598,0,61,6,11,47,41.0,42.0,31.714285714285715,0
2023-11-27,SKU_14,Category_5,36,700.0767403142598,0,44,0,11,48,38.0,20.0,31.142857142857142,0
2023-11-28,SKU_14,Category_5,17,700.0767403142598,0,17,1,11,48,36.0,28.0,33.42857142857143,1
2023-11-29,SKU_14,Category_5,17,700.0767403142598,0,17,2,11,48,17.0,25.0,31.857142857142858,1
2023-11-30,SKU_14,Category_5,40,700.0767403142598,0,84,3,11,48,17.0,32.0,30.714285714285715,0
2023-12-01,SKU_14,Category_5,40,700.0767403142598,0,84,4,12,48,40.0,34.0,31.857142857142858,0
2023-12-02,SKU_14,Category_5,21,700.0767403142598,0,21,5,12,48,40.0,41.0,32.714285714285715,1
2023-12-03,SKU_14,Category_5,27,700.0767403142598,0,27,6,12,48,21.0,38.0,29.857142857142858,1
2023-12-04,SKU_14,Category_5,34,700.0767403142598,0,51,0,12,49,27.0,36.0,28.285714285714285,0
2023-12-05,SKU_14,Category_5,47,700.0767403142598,1,99,1,12,49,34.0,17.0,28.0,0
2023-12-06,SKU_14,Category_5,20,700.0767403142598,0,26,2,12,49,47.0,17.0,32.285714285714285,0
2023-12-07,SKU_14,Category_5,32,700.0767403142598,0,62,3,12,49,20.0,40.0,32.714285714285715,0
2023-12-08,SKU_14,Category_5,40,700.0767403142598,0,86,4,12,49,32.0,40.0,31.571428571428573,0
2023-12-09,SKU_14,Category_5,31,700.0767403142598,0,54,5,12,49,40.0,21.0,31.571428571428573,0
2023-12-10,SKU_14,Category_5,45,700.0767403142598,0,47,6,12,49,31.0,27.0,33.0,0
2023-12-11,SKU_14,Category_5,27,700.0767403142598,0,45,0,12,50,45.0,34.0,35.57142857142857,0
2023-12-12,SKU_14,Category_5,36,700.0767403142598,0,67,1,12,50,27.0,47.0,34.57142857142857,0
2023-12-13,SKU_14,Category_5,36,700.0767403142598,0,57,2,12,50,36.0,20.0,33.0,0
2023-12-14,SKU_14,Category_5,34,700.0767403142598,0,34,3,12,50,36.0,32.0,35.285714285714285,1
2023-12-15,SKU_14,Category_5,28,700.0767403142598,0,28,4,12,50,34.0,40.0,35.57142857142857,1
2023-12-16,SKU_14,Category_5,39,700.0767403142598,0,89,5,12,50,28.0,31.0,33.857142857142854,0
2023-12-17,SKU_14,Category_5,27,700.0767403142598,0,27,6,12,50,39.0,45.0,35.0,1
2023-12-18,SKU_14,Category_5,35,700.0767403142598,0,39,0,12,51,27.0,27.0,32.42857142857143,0
2023-12-19,SKU_14,Category_5,34,700.0767403142598,0,66,1,12,51,35.0,36.0,33.57142857142857,0
2023-12-20,SKU_14,Category_5,35,700.0767403142598,0,73,2,12,51,34.0,36.0,33.285714285714285,0
2023-12-21,SKU_14,Category_5,26,700.0767403142598,0,59,3,12,51,35.0,34.0,33.142857142857146,0
2023-12-22,SKU_14,Category_5,33,700.0767403142598,0,86,4,12,51,26.0,28.0,32.0,0
2023-12-23,SKU_14,Category_5,37,700.0767403142598,0,94,5,12,51,33.0,39.0,32.714285714285715,0
2023-12-24,SKU_14,Category_5,20,700.0767403142598,0,20,6,12,51,37.0,27.0,32.42857142857143,1
2023-12-25,SKU_14,Category_5,20,700.0767403142598,0,20,0,12,52,20.0,35.0,31.428571428571427,1
2023-12-26,SKU_14,Category_5,38,700.0767403142598,0,89,1,12,52,20.0,34.0,29.285714285714285,0
2023-12-27,SKU_14,Category_5,30,700.0767403142598,0,40,2,12,52,38.0,35.0,29.857142857142858,0
2023-12-28,SKU_14,Category_5,37,700.0767403142598,0,53,3,12,52,30.0,26.0,29.142857142857142,0
2023-12-29,SKU_14,Category_5,48,700.0767403142598,1,88,4,12,52,37.0,33.0,30.714285714285715,0
2023-12-30,SKU_14,Category_5,68,700.0767403142598,1,93,5,12,52,48.0,37.0,32.857142857142854,0
2023-12-31,SKU_14,Category_5,44,700.0767403142598,0,95,6,12,52,68.0,20.0,37.285714285714285,0
2023-01-08,SKU_15,Category_1,24,1744.877046480438,1,24,6,1,1,38.0,47.0,35.714285714285715,1
2023-01-09,SKU_15,Category_1,37,1744.877046480438,0,56,0,1,2,24.0,29.0,32.42857142857143,0
2023-01-10,SKU_15,Category_1,40,1744.877046480438,0,93,1,1,2,37.0,15.0,33.57142857142857,0
2023-01-11,SKU_15,Category_1,45,1744.877046480438,0,53,2,1,2,40.0,39.0,37.142857142857146,0
2023-01-12,SKU_15,Category_1,23,1744.877046480438,0,23,3,1,2,45.0,31.0,38.0,1
2023-01-13,SKU_15,Category_1,34,1744.877046480438,0,51,4,1,2,23.0,51.0,36.857142857142854,0
2023-01-14,SKU_15,Category_1,45,1744.877046480438,0,95,5,1,2,34.0,38.0,34.42857142857143,0
2023-01-15,SKU_15,Category_1,42,1744.877046480438,0,79,6,1,2,45.0,24.0,35.42857142857143,0
2023-01-16,SKU_15,Category_1,41,1744.877046480438,0,59,0,1,3,42.0,37.0,38.0,0
2023-01-17,SKU_15,Category_1,36,1744.877046480438,0,67,1,1,3,41.0,40.0,38.57142857142857,0
2023-01-18,SKU_15,Category_1,34,1744.877046480438,0,52,2,1,3,36.0,45.0,38.0,0
2023-01-19,SKU_15,Category_1,10,1744.877046480438,0,10,3,1,3,34.0,23.0,36.42857142857143,1
2023-01-20,SKU_15,Category_1,36,1744.877046480438,0,73,4,1,3,10.0,34.0,34.57142857142857,0
2023-01-21,SKU_15,Category_1,48,1744.877046480438,0,60,5,1,3,36.0,45.0,34.857142857142854,0
2023-01-22,SKU_15,Category_1,24,1744.877046480438,0,24,6,1,3,48.0,42.0,35.285714285714285,1
2023-01-23,SKU_15,Category_1,34,1744.877046480438,0,38,0,1,4,24.0,41.0,32.714285714285715,0
2023-01-24,SKU_15,Category_1,34,1744.877046480438,0,34,1,1,4,34.0,36.0,31.714285714285715,1
2023-01-25,SKU_15,Category_1,24,1744.877046480438,0,67,2,1,4,34.0,34.0,31.428571428571427,0
2023-01-26,SKU_15,Category_1,11,1744.877046480438,0,11,3,1,4,24.0,10.0,30.0,1
2023-01-27,SKU_15,Category_1,28,1744.877046480438,0,71,4,1,4,11.0,36.0,30.142857142857142,0
2023-01-28,SKU_15,Category_1,46,1744.877046480438,0,90,5,1,4,28.0,48.0,29.0,0
2023-01-29,SKU_15,Category_1,37,1744.877046480438,0,37,6,1,4,46.0,24.0,28.714285714285715,1
2023-01-30,SKU_15,Category_1,26,1744.877046480438,0,45,0,1,5,37.0,34.0,30.571428571428573,0
2023-01-31,SKU_15,Category_1,15,1744.877046480438,0,15,1,1,5,26.0,34.0,29.428571428571427,1
2023-02-01,SKU_15,Category_1,21,1744.877046480438,0,21,2,2,5,15.0,24.0,26.714285714285715,1
2023-02-02,SKU_15,Category_1,49,1744.877046480438,1,90,3,2,5,21.0,11.0,26.285714285714285,0
2023-02-03,SKU_15,Category_1,34,1744.877046480438,0,96,4,2,5,49.0,28.0,31.714285714285715,0
2023-02-04,SKU_15,Category_1,51,1744.877046480438,0,76,5,2,5,34.0,46.0,32.57142857142857,0
2023-02-05,SKU_15,Category_1,45,1744.877046480438,0,97,6,2,5,51.0,37.0,33.285714285714285,0
2023-02-06,SKU_15,Category_1,36,1744.877046480438,0,47,0,2,6,45.0,26.0,34.42857142857143,0
2023-02-07,SKU_15,Category_1,32,1744.877046480438,0,77,1,2,6,36.0,15.0,35.857142857142854,0
2023-02-08,SKU_15,Category_1,38,1744.877046480438,0,80,2,2,6,32.0,21.0,38.285714285714285,0
2023-02-09,SKU_15,Category_1,37,1744.877046480438,0,60,3,2,6,38.0,49.0,40.714285714285715,0
2023-02-10,SKU_15,Category_1,22,1744.877046480438,0,22,4,2,6,37.0,34.0,39.0,1
2023-02-11,SKU_15,Category_1,33,1744.877046480438,0,33,5,2,6,22.0,51.0,37.285714285714285,1
2023-02-12,SKU_15,Category_1,32,1744.877046480438,0,32,6,2,6,33.0,45.0,34.714285714285715,1
2023-02-13,SKU_15,Category_1,42,1744.877046480438,0,88,0,2,7,32.0,36.0,32.857142857142854,0
2023-02-14,SKU_15,Category_1,34,1744.877046480438,0,38,1,2,7,42.0,32.0,33.714285714285715,0
2023-02-15,SKU_15,Category_1,34,1744.877046480438,0,57,2,2,7,34.0,38.0,34.0,0
2023-02-16,SKU_15,Category_1,19,1744.877046480438,0,19,3,2,7,34.0,37.0,33.42857142857143,1
2023-02-17,SKU_15,Category_1,40,1744.877046480438,0,76,4,2,7,19.0,22.0,30.857142857142858,0
2023-02-18,SKU_15,Category_1,51,1744.877046480438,0,89,5,2,7,40.0,33.0,33.42857142857143,0
2023-02-19,SKU_15,Category_1,15,1744.877046480438,0,15,6,2,7,51.0,32.0,36.0,1
2023-02-20,SKU_15,Category_1,31,1744.877046480438,0,57,0,2,8,15.0,42.0,33.57142857142857,0
2023-02-21,SKU_15,Category_1,30,1744.877046480438,0,42,1,2,8,31.0,34.0,32.0,0
2023-02-22,SKU_15,Category_1,27,1744.877046480438,0,27,2,2,8,30.0,34.0,31.428571428571427,1
2023-02-23,SKU_15,Category_1,22,1744.877046480438,1,22,3,2,8,27.0,19.0,30.428571428571427,1
2023-02-24,SKU_15,Category_1,12,1744.877046480438,0,12,4,2,8,22.0,40.0,30.857142857142858,1
2023-02-25,SKU_15,Category_1,43,1744.877046480438,0,64,5,2,8,12.0,51.0,26.857142857142858,0
2023-02-26,SKU_15,Category_1,42,1744.877046480438,0,42,6,2,8,43.0,15.0,25.714285714285715,1
2023-02-27,SKU_15,Category_1,24,1744.877046480438,0,24,0,2,9,42.0,31.0,29.571428571428573,1
2023-02-28,SKU_15,Category_1,16,1744.877046480438,0,16,1,2,9,24.0,30.0,28.571428571428573,1
2023-03-01,SKU_15,Category_1,29,1744.877046480438,0,30,2,3,9,16.0,27.0,26.571428571428573,0
2023-03-02,SKU_15,Category_1,15,1744.877046480438,0,15,3,3,9,29.0,22.0,26.857142857142858,1
2023-03-03,SKU_15,Category_1,34,1744.877046480438,0,59,4,3,9,15.0,12.0,25.857142857142858,0
2023-03-04,SKU_15,Category_1,39,1744.877046480438,0,39,5,3,9,34.0,43.0,29.0,1
2023-03-05,SKU_15,Category_1,21,1744.877046480438,0,21,6,3,9,39.0,42.0,28.428571428571427,1
2023-03-06,SKU_15,Category_1,31,1744.877046480438,0,45,0,3,10,21.0,24.0,25.428571428571427,0
2023-03-07,SKU_15,Category_1,23,1744.877046480438,1,23,1,3,10,31.0,16.0,26.428571428571427,1
2023-03-08,SKU_15,Category_1,18,1744.877046480438,0,18,2,3,10,23.0,29.0,27.428571428571427,1
2023-03-09,SKU_15,Category_1,36,1744.877046480438,0,81,3,3,10,18.0,15.0,25.857142857142858,0
2023-03-10,SKU_15,Category_1,34,1744.877046480438,0,47,4,3,10,36.0,34.0,28.857142857142858,0
2023-03-11,SKU_15,Category_1,45,1744.877046480438,0,57,5,3,10,34.0,39.0,28.857142857142858,0
2023-03-12,SKU_15,Category_1,46,1744.877046480438,0,76,6,3,10,45.0,21.0,29.714285714285715,0
2023-03-13,SKU_15,Category_1,34,1744.877046480438,0,75,0,3,11,46.0,31.0,33.285714285714285,0
2023-03-14,SKU_15,Category_1,34,1744.877046480438,0,67,1,3,11,34.0,23.0,33.714285714285715,0
2023-03-15,SKU_15,Category_1,15,1744.877046480438,0,15,2,3,11,34.0,18.0,35.285714285714285,1
2023-03-16,SKU_15,Category_1,31,1744.877046480438,0,51,3,3,11,15.0,36.0,34.857142857142854,0
2023-03-17,SKU_15,Category_1,29,1744.877046480438,1,29,4,3,11,31.0,34.0,34.142857142857146,1
2023-03-18,SKU_15,Category_1,32,1744.877046480438,0,32,5,3,11,29.0,45.0,33.42857142857143,1
2023-03-19,SKU_15,Category_1,22,1744.877046480438,0,22,6,3,11,32.0,46.0,31.571428571428573,1
2023-03-20,SKU_15,Category_1,36,1744.877046480438,0,90,0,3,12,22.0,34.0,28.142857142857142,0
2023-03-21,SKU_15,Category_1,46,1744.877046480438,1,46,1,3,12,36.0,34.0,28.428571428571427,1
2023-03-22,SKU_15,Category_1,37,1744.877046480438,0,83,2,3,12,46.0,15.0,30.142857142857142,0
2023-03-23,SKU_15,Category_1,41,1744.877046480438,0,60,3,3,12,37.0,31.0,33.285714285714285,0
2023-03-24,SKU_15,Category_1,38,1744.877046480438,0,50,4,3,12,41.0,29.0,34.714285714285715,0
2023-03-25,SKU_15,Category_1,45,1744.877046480438,0,66,5,3,12,38.0,32.0,36.0,0
2023-03-26,SKU_15,Category_1,47,1744.877046480438,0,81,6,3,12,45.0,22.0,37.857142857142854,0
2023-03-27,SKU_15,Category_1,24,1744.877046480438,0,82,0,3,13,47.0,36.0,41.42857142857143,0
2023-03-28,SKU_15,Category_1,41,1744.877046480438,0,71,1,3,13,24.0,46.0,39.714285714285715,0
2023-03-29,SKU_15,Category_1,17,1744.877046480438,0,17,2,3,13,41.0,37.0,39.0,1
2023-03-30,SKU_15,Category_1,39,1744.877046480438,0,72,3,3,13,17.0,41.0,36.142857142857146,0
2023-03-31,SKU_15,Category_1,27,1744.877046480438,0,66,4,3,13,39.0,38.0,35.857142857142854,0
2023-04-01,SKU_15,Category_1,27,1744.877046480438,0,27,5,4,13,27.0,45.0,34.285714285714285,1
2023-04-02,SKU_15,Category_1,32,1744.877046480438,0,32,6,4,13,27.0,47.0,31.714285714285715,1
2023-04-03,SKU_15,Category_1,32,1744.877046480438,0,98,0,4,14,32.0,24.0,29.571428571428573,0
2023-04-04,SKU_15,Category_1,18,1744.877046480438,0,18,1,4,14,32.0,41.0,30.714285714285715,1
2023-04-05,SKU_15,Category_1,36,1744.877046480438,0,83,2,4,14,18.0,17.0,27.428571428571427,0
2023-04-06,SKU_15,Category_1,44,1744.877046480438,0,45,3,4,14,36.0,39.0,30.142857142857142,0
2023-04-07,SKU_15,Category_1,26,1744.877046480438,0,26,4,4,14,44.0,27.0,30.857142857142858,1
2023-04-08,SKU_15,Category_1,37,1744.877046480438,0,37,5,4,14,26.0,27.0,30.714285714285715,1
2023-04-09,SKU_15,Category_1,44,1744.877046480438,0,84,6,4,14,37.0,32.0,32.142857142857146,0
2023-04-10,SKU_15,Category_1,42,1744.877046480438,0,95,0,4,15,44.0,32.0,33.857142857142854,0
2023-04-11,SKU_15,Category_1,31,1744.877046480438,0,31,1,4,15,42.0,18.0,35.285714285714285,1
2023-04-12,SKU_15,Category_1,35,1744.877046480438,0,49,2,4,15,31.0,36.0,37.142857142857146,0
2023-04-13,SKU_15,Category_1,18,1744.877046480438,0,18,3,4,15,35.0,44.0,37.0,1
2023-04-14,SKU_15,Category_1,40,1744.877046480438,0,72,4,4,15,18.0,26.0,33.285714285714285,0
2023-04-15,SKU_15,Category_1,22,1744.877046480438,0,22,5,4,15,40.0,37.0,35.285714285714285,1
2023-04-16,SKU_15,Category_1,52,1744.877046480438,0,88,6,4,15,22.0,44.0,33.142857142857146,0
2023-04-17,SKU_15,Category_1,26,1744.877046480438,0,26,0,4,16,52.0,42.0,34.285714285714285,1
2023-04-18,SKU_15,Category_1,32,1744.877046480438,0,64,1,4,16,26.0,31.0,32.0,0
2023-04-19,SKU_15,Category_1,16,1744.877046480438,0,16,2,4,16,32.0,35.0,32.142857142857146,1
2023-04-20,SKU_15,Category_1,30,1744.877046480438,0,63,3,4,16,16.0,18.0,29.428571428571427,0
2023-04-21,SKU_15,Category_1,34,1744.877046480438,0,96,4,4,16,30.0,40.0,31.142857142857142,0
2023-04-22,SKU_15,Category_1,44,1744.877046480438,0,70,5,4,16,34.0,22.0,30.285714285714285,0
2023-04-23,SKU_15,Category_1,55,1744.877046480438,0,97,6,4,16,44.0,52.0,33.42857142857143,0
2023-04-24,SKU_15,Category_1,17,1744.877046480438,0,17,0,4,17,55.0,26.0,33.857142857142854,1
2023-04-25,SKU_15,Category_1,27,1744.877046480438,0,27,1,4,17,17.0,32.0,32.57142857142857,1
2023-04-26,SKU_15,Category_1,49,1744.877046480438,1,79,2,4,17,27.0,16.0,31.857142857142858,0
2023-04-27,SKU_15,Category_1,39,1744.877046480438,0,96,3,4,17,49.0,30.0,36.57142857142857,0
2023-04-28,SKU_15,Category_1,36,1744.877046480438,0,94,4,4,17,39.0,34.0,37.857142857142854,0
2023-04-29,SKU_15,Category_1,23,1744.877046480438,0,23,5,4,17,36.0,44.0,38.142857142857146,1
2023-04-30,SKU_15,Category_1,46,1744.877046480438,0,50,6,4,17,23.0,55.0,35.142857142857146,0
2023-05-01,SKU_15,Category_1,10,1744.877046480438,0,10,0,5,18,46.0,17.0,33.857142857142854,1
2023-05-02,SKU_15,Category_1,33,1744.877046480438,0,36,1,5,18,10.0,27.0,32.857142857142854,0
2023-05-03,SKU_15,Category_1,36,1744.877046480438,0,89,2,5,18,33.0,49.0,33.714285714285715,0
2023-05-04,SKU_15,Category_1,34,1744.877046480438,0,65,3,5,18,36.0,39.0,31.857142857142858,0
2023-05-05,SKU_15,Category_1,36,1744.877046480438,0,68,4,5,18,34.0,36.0,31.142857142857142,0
2023-05-06,SKU_15,Category_1,30,1744.877046480438,0,30,5,5,18,36.0,23.0,31.142857142857142,1
2023-05-07,SKU_15,Category_1,49,1744.877046480438,0,79,6,5,18,30.0,46.0,32.142857142857146,0
2023-05-08,SKU_15,Category_1,53,1744.877046480438,1,53,0,5,19,49.0,10.0,32.57142857142857,1
2023-05-09,SKU_15,Category_1,25,1744.877046480438,0,45,1,5,19,53.0,33.0,38.714285714285715,0
2023-05-10,SKU_15,Category_1,43,1744.877046480438,1,46,2,5,19,25.0,36.0,37.57142857142857,0
2023-05-11,SKU_15,Category_1,28,1744.877046480438,0,28,3,5,19,43.0,34.0,38.57142857142857,1
2023-05-12,SKU_15,Category_1,41,1744.877046480438,0,65,4,5,19,28.0,36.0,37.714285714285715,0
2023-05-13,SKU_15,Category_1,38,1744.877046480438,0,53,5,5,19,41.0,30.0,38.42857142857143,0
2023-05-14,SKU_15,Category_1,45,1744.877046480438,0,51,6,5,19,38.0,49.0,39.57142857142857,0
2023-05-15,SKU_15,Category_1,29,1744.877046480438,0,72,0,5,20,45.0,53.0,39.0,0
2023-05-16,SKU_15,Category_1,38,1744.877046480438,0,56,1,5,20,29.0,25.0,35.57142857142857,0
2023-05-17,SKU_15,Category_1,43,1744.877046480438,0,62,2,5,20,38.0,43.0,37.42857142857143,0
2023-05-18,SKU_15,Category_1,41,1744.877046480438,0,74,3,5,20,43.0,28.0,37.42857142857143,0
2023-05-19,SKU_15,Category_1,31,1744.877046480438,0,91,4,5,20,41.0,41.0,39.285714285714285,0
2023-05-20,SKU_15,Category_1,49,1744.877046480438,0,82,5,5,20,31.0,38.0,37.857142857142854,0
2023-05-21,SKU_15,Category_1,12,1744.877046480438,0,12,6,5,20,49.0,45.0,39.42857142857143,1
2023-05-22,SKU_15,Category_1,30,1744.877046480438,0,65,0,5,21,12.0,29.0,34.714285714285715,0
2023-05-23,SKU_15,Category_1,39,1744.877046480438,0,39,1,5,21,30.0,38.0,34.857142857142854,1
2023-05-24,SKU_15,Category_1,37,1744.877046480438,0,90,2,5,21,39.0,43.0,35.0,0
2023-05-25,SKU_15,Category_1,18,1744.877046480438,0,18,3,5,21,37.0,41.0,34.142857142857146,1
2023-05-26,SKU_15,Category_1,32,1744.877046480438,0,90,4,5,21,18.0,31.0,30.857142857142858,0
2023-05-27,SKU_15,Category_1,19,1744.877046480438,0,19,5,5,21,32.0,49.0,31.0,1
2023-05-28,SKU_15,Category_1,40,1744.877046480438,0,89,6,5,21,19.0,12.0,26.714285714285715,0
2023-05-29,SKU_15,Category_1,38,1744.877046480438,0,68,0,5,22,40.0,30.0,30.714285714285715,0
2023-05-30,SKU_15,Category_1,38,1744.877046480438,0,50,1,5,22,38.0,39.0,31.857142857142858,0
2023-05-31,SKU_15,Category_1,42,1744.877046480438,0,43,2,5,22,38.0,37.0,31.714285714285715,0
2023-06-01,SKU_15,Category_1,36,1744.877046480438,0,79,3,6,22,42.0,18.0,32.42857142857143,0
2023-06-02,SKU_15,Category_1,27,1744.877046480438,0,27,4,6,22,36.0,32.0,35.0,1
2023-06-03,SKU_15,Category_1,52,1744.877046480438,0,64,5,6,22,27.0,19.0,34.285714285714285,0
2023-06-04,SKU_15,Category_1,55,1744.877046480438,0,67,6,6,22,52.0,40.0,39.0,0
2023-06-05,SKU_15,Category_1,35,1744.877046480438,0,63,0,6,23,55.0,38.0,41.142857142857146,0
2023-06-06,SKU_15,Category_1,17,1744.877046480438,1,17,1,6,23,35.0,38.0,40.714285714285715,1
2023-06-07,SKU_15,Category_1,30,1744.877046480438,0,82,2,6,23,17.0,42.0,37.714285714285715,0
2023-06-08,SKU_15,Category_1,37,1744.877046480438,0,97,3,6,23,30.0,36.0,36.0,0
2023-06-09,SKU_15,Category_1,41,1744.877046480438,0,70,4,6,23,37.0,27.0,36.142857142857146,0
2023-06-10,SKU_15,Category_1,34,1744.877046480438,0,34,5,6,23,41.0,52.0,38.142857142857146,1
2023-06-11,SKU_15,Category_1,50,1744.877046480438,0,72,6,6,23,34.0,55.0,35.57142857142857,0
2023-06-12,SKU_15,Category_1,12,1744.877046480438,0,12,0,6,24,50.0,35.0,34.857142857142854,1
2023-06-13,SKU_15,Category_1,30,1744.877046480438,0,45,1,6,24,12.0,17.0,31.571428571428573,0
2023-06-14,SKU_15,Category_1,35,1744.877046480438,0,88,2,6,24,30.0,30.0,33.42857142857143,0
2023-06-15,SKU_15,Category_1,23,1744.877046480438,0,54,3,6,24,35.0,37.0,34.142857142857146,0
2023-06-16,SKU_15,Category_1,30,1744.877046480438,0,71,4,6,24,23.0,41.0,32.142857142857146,0
2023-06-17,SKU_15,Category_1,24,1744.877046480438,0,24,5,6,24,30.0,34.0,30.571428571428573,1
2023-06-18,SKU_15,Category_1,29,1744.877046480438,0,29,6,6,24,24.0,50.0,29.142857142857142,1
2023-06-19,SKU_15,Category_1,41,1744.877046480438,0,88,0,6,25,29.0,12.0,26.142857142857142,0
2023-06-20,SKU_15,Category_1,17,1744.877046480438,0,17,1,6,25,41.0,30.0,30.285714285714285,1
2023-06-21,SKU_15,Category_1,34,1744.877046480438,0,76,2,6,25,17.0,35.0,28.428571428571427,0
2023-06-22,SKU_15,Category_1,49,1744.877046480438,1,89,3,6,25,34.0,23.0,28.285714285714285,0
2023-06-23,SKU_15,Category_1,26,1744.877046480438,0,26,4,6,25,49.0,30.0,32.0,1
2023-06-24,SKU_15,Category_1,41,1744.877046480438,0,95,5,6,25,26.0,24.0,31.428571428571427,0
2023-06-25,SKU_15,Category_1,23,1744.877046480438,0,23,6,6,25,41.0,29.0,33.857142857142854,1
2023-06-26,SKU_15,Category_1,29,1744.877046480438,0,29,0,6,26,23.0,41.0,33.0,1
2023-06-27,SKU_15,Category_1,45,1744.877046480438,0,67,1,6,26,29.0,17.0,31.285714285714285,0
2023-06-28,SKU_15,Category_1,33,1744.877046480438,0,33,2,6,26,45.0,34.0,35.285714285714285,1
2023-06-29,SKU_15,Category_1,12,1744.877046480438,0,12,3,6,26,33.0,49.0,35.142857142857146,1
2023-06-30,SKU_15,Category_1,51,1744.877046480438,1,57,4,6,26,12.0,26.0,29.857142857142858,0
2023-07-01,SKU_15,Category_1,45,1744.877046480438,0,89,5,7,26,51.0,41.0,33.42857142857143,0
2023-07-02,SKU_15,Category_1,42,1744.877046480438,0,88,6,7,26,45.0,23.0,34.0,0
2023-07-03,SKU_15,Category_1,18,1744.877046480438,0,18,0,7,27,42.0,29.0,36.714285714285715,1
2023-07-04,SKU_15,Category_1,28,1744.877046480438,0,90,1,7,27,18.0,45.0,35.142857142857146,0
2023-07-05,SKU_15,Category_1,11,1744.877046480438,0,11,2,7,27,28.0,33.0,32.714285714285715,1
2023-07-06,SKU_15,Category_1,12,1744.877046480438,0,12,3,7,27,11.0,12.0,29.571428571428573,1
2023-07-07,SKU_15,Category_1,11,1744.877046480438,0,11,4,7,27,12.0,51.0,29.571428571428573,1
2023-07-08,SKU_15,Category_1,31,1744.877046480438,0,31,5,7,27,11.0,45.0,23.857142857142858,1
2023-07-09,SKU_15,Category_1,40,1744.877046480438,0,40,6,7,27,31.0,42.0,21.857142857142858,1
2023-07-10,SKU_15,Category_1,34,1744.877046480438,0,34,0,7,28,40.0,18.0,21.571428571428573,1
2023-07-11,SKU_15,Category_1,33,1744.877046480438,0,97,1,7,28,34.0,28.0,23.857142857142858,0
2023-07-12,SKU_15,Category_1,35,1744.877046480438,0,77,2,7,28,33.0,11.0,24.571428571428573,0
2023-07-13,SKU_15,Category_1,32,1744.877046480438,0,42,3,7,28,35.0,12.0,28.0,0
2023-07-14,SKU_15,Category_1,36,1744.877046480438,0,36,4,7,28,32.0,11.0,30.857142857142858,1
2023-07-15,SKU_15,Category_1,46,1744.877046480438,0,87,5,7,28,36.0,31.0,34.42857142857143,0
2023-07-16,SKU_15,Category_1,50,1744.877046480438,0,96,6,7,28,46.0,40.0,36.57142857142857,0
2023-07-17,SKU_15,Category_1,36,1744.877046480438,0,45,0,7,29,50.0,34.0,38.0,0
2023-07-18,SKU_15,Category_1,13,1744.877046480438,0,13,1,7,29,36.0,33.0,38.285714285714285,1
2023-07-19,SKU_15,Category_1,37,1744.877046480438,0,74,2,7,29,13.0,35.0,35.42857142857143,0
2023-07-20,SKU_15,Category_1,38,1744.877046480438,0,40,3,7,29,37.0,32.0,35.714285714285715,0
2023-07-21,SKU_15,Category_1,54,1744.877046480438,1,96,4,7,29,38.0,36.0,36.57142857142857,0
2023-07-22,SKU_15,Category_1,22,1744.877046480438,1,22,5,7,29,54.0,46.0,39.142857142857146,1
2023-07-23,SKU_15,Category_1,33,1744.877046480438,0,33,6,7,29,22.0,50.0,35.714285714285715,1
2023-07-24,SKU_15,Category_1,11,1744.877046480438,0,11,0,7,30,33.0,36.0,33.285714285714285,1
2023-07-25,SKU_15,Category_1,40,1744.877046480438,0,40,1,7,30,11.0,13.0,29.714285714285715,1
2023-07-26,SKU_15,Category_1,33,1744.877046480438,0,33,2,7,30,40.0,37.0,33.57142857142857,1
2023-07-27,SKU_15,Category_1,50,1744.877046480438,1,92,3,7,30,33.0,38.0,33.0,0
2023-07-28,SKU_15,Category_1,46,1744.877046480438,1,49,4,7,30,50.0,54.0,34.714285714285715,0
2023-07-29,SKU_15,Category_1,35,1744.877046480438,0,93,5,7,30,46.0,22.0,33.57142857142857,0
2023-07-30,SKU_15,Category_1,14,1744.877046480438,0,14,6,7,30,35.0,33.0,35.42857142857143,1
2023-07-31,SKU_15,Category_1,15,1744.877046480438,0,15,0,7,31,14.0,11.0,32.714285714285715,1
2023-08-01,SKU_15,Category_1,51,1744.877046480438,1,71,1,8,31,15.0,40.0,33.285714285714285,0
2023-08-02,SKU_15,Category_1,40,1744.877046480438,0,99,2,8,31,51.0,33.0,34.857142857142854,0
2023-08-03,SKU_15,Category_1,17,1744.877046480438,0,17,3,8,31,40.0,50.0,35.857142857142854,1
2023-08-04,SKU_15,Category_1,31,1744.877046480438,0,93,4,8,31,17.0,46.0,31.142857142857142,0
2023-08-05,SKU_15,Category_1,35,1744.877046480438,0,38,5,8,31,31.0,35.0,29.0,0
2023-08-06,SKU_15,Category_1,22,1744.877046480438,0,22,6,8,31,35.0,14.0,29.0,1
2023-08-07,SKU_15,Category_1,35,1744.877046480438,0,38,0,8,32,22.0,15.0,30.142857142857142,0
2023-08-08,SKU_15,Category_1,24,1744.877046480438,0,92,1,8,32,35.0,51.0,33.0,0
2023-08-09,SKU_15,Category_1,36,1744.877046480438,0,62,2,8,32,24.0,40.0,29.142857142857142,0
2023-08-10,SKU_15,Category_1,39,1744.877046480438,0,39,3,8,32,36.0,17.0,28.571428571428573,1
2023-08-11,SKU_15,Category_1,30,1744.877046480438,0,35,4,8,32,39.0,31.0,31.714285714285715,0
2023-08-12,SKU_15,Category_1,17,1744.877046480438,0,17,5,8,32,30.0,35.0,31.571428571428573,1
2023-08-13,SKU_15,Category_1,43,1744.877046480438,0,58,6,8,32,17.0,22.0,29.0,0
2023-08-14,SKU_15,Category_1,33,1744.877046480438,0,80,0,8,33,43.0,35.0,32.0,0
2023-08-15,SKU_15,Category_1,37,1744.877046480438,0,37,1,8,33,33.0,24.0,31.714285714285715,1
2023-08-16,SKU_15,Category_1,38,1744.877046480438,0,54,2,8,33,37.0,36.0,33.57142857142857,0
2023-08-17,SKU_15,Category_1,15,1744.877046480438,0,15,3,8,33,38.0,39.0,33.857142857142854,1
2023-08-18,SKU_15,Category_1,30,1744.877046480438,0,54,4,8,33,15.0,30.0,30.428571428571427,0
2023-08-19,SKU_15,Category_1,38,1744.877046480438,0,38,5,8,33,30.0,17.0,30.428571428571427,1
2023-08-20,SKU_15,Category_1,34,1744.877046480438,0,34,6,8,33,38.0,43.0,33.42857142857143,1
2023-08-21,SKU_15,Category_1,21,1744.877046480438,0,21,0,8,34,34.0,33.0,32.142857142857146,1
2023-08-22,SKU_15,Category_1,27,1744.877046480438,0,99,1,8,34,21.0,37.0,30.428571428571427,0
2023-08-23,SKU_15,Category_1,32,1744.877046480438,0,62,2,8,34,27.0,38.0,29.0,0
2023-08-24,SKU_15,Category_1,34,1744.877046480438,0,37,3,8,34,32.0,15.0,28.142857142857142,0
2023-08-25,SKU_15,Category_1,38,1744.877046480438,0,51,4,8,34,34.0,30.0,30.857142857142858,0
2023-08-26,SKU_15,Category_1,37,1744.877046480438,0,47,5,8,34,38.0,38.0,32.0,0
2023-08-27,SKU_15,Category_1,42,1744.877046480438,0,42,6,8,34,37.0,34.0,31.857142857142858,1
2023-08-28,SKU_15,Category_1,12,1744.877046480438,0,12,0,8,35,42.0,21.0,33.0,1
2023-08-29,SKU_15,Category_1,34,1744.877046480438,0,98,1,8,35,12.0,27.0,31.714285714285715,0
2023-08-30,SKU_15,Category_1,43,1744.877046480438,0,56,2,8,35,34.0,32.0,32.714285714285715,0
2023-08-31,SKU_15,Category_1,32,1744.877046480438,0,53,3,8,35,43.0,34.0,34.285714285714285,0
2023-09-01,SKU_15,Category_1,11,1744.877046480438,0,11,4,9,35,32.0,38.0,34.0,1
2023-09-02,SKU_15,Category_1,29,1744.877046480438,0,29,5,9,35,11.0,37.0,30.142857142857142,1
2023-09-03,SKU_15,Category_1,47,1744.877046480438,0,79,6,9,35,29.0,42.0,29.0,0
2023-09-04,SKU_15,Category_1,15,1744.877046480438,0,15,0,9,36,47.0,12.0,29.714285714285715,1
2023-09-05,SKU_15,Category_1,31,1744.877046480438,0,31,1,9,36,15.0,34.0,30.142857142857142,1
2023-09-06,SKU_15,Category_1,37,1744.877046480438,0,46,2,9,36,31.0,43.0,29.714285714285715,0
2023-09-07,SKU_15,Category_1,30,1744.877046480438,0,70,3,9,36,37.0,32.0,28.857142857142858,0
2023-09-08,SKU_15,Category_1,24,1744.877046480438,0,72,4,9,36,30.0,11.0,28.571428571428573,0
2023-09-09,SKU_15,Category_1,47,1744.877046480438,0,94,5,9,36,24.0,29.0,30.428571428571427,0
2023-09-10,SKU_15,Category_1,56,1744.877046480438,0,56,6,9,36,47.0,47.0,33.0,1
2023-09-11,SKU_15,Category_1,38,1744.877046480438,0,51,0,9,37,56.0,15.0,34.285714285714285,0
2023-09-12,SKU_15,Category_1,40,1744.877046480438,0,80,1,9,37,38.0,31.0,37.57142857142857,0
2023-09-13,SKU_15,Category_1,58,1744.877046480438,1,58,2,9,37,40.0,37.0,38.857142857142854,1
2023-09-14,SKU_15,Category_1,56,1744.877046480438,1,73,3,9,37,58.0,30.0,41.857142857142854,0
2023-09-15,SKU_15,Category_1,30,1744.877046480438,0,72,4,9,37,56.0,24.0,45.57142857142857,0
2023-09-16,SKU_15,Category_1,45,1744.877046480438,0,92,5,9,37,30.0,47.0,46.42857142857143,0
2023-09-17,SKU_15,Category_1,41,1744.877046480438,0,67,6,9,37,45.0,56.0,46.142857142857146,0
2023-09-18,SKU_15,Category_1,23,1744.877046480438,0,34,0,9,38,41.0,38.0,44.0,0
2023-09-19,SKU_15,Category_1,46,1744.877046480438,1,90,1,9,38,23.0,40.0,41.857142857142854,0
2023-09-20,SKU_15,Category_1,33,1744.877046480438,0,65,2,9,38,46.0,58.0,42.714285714285715,0
2023-09-21,SKU_15,Category_1,30,1744.877046480438,0,76,3,9,38,33.0,56.0,39.142857142857146,0
2023-09-22,SKU_15,Category_1,12,1744.877046480438,0,12,4,9,38,30.0,30.0,35.42857142857143,1
2023-09-23,SKU_15,Category_1,33,1744.877046480438,0,33,5,9,38,12.0,45.0,32.857142857142854,1
2023-09-24,SKU_15,Category_1,47,1744.877046480438,0,97,6,9,38,33.0,41.0,31.142857142857142,0
2023-09-25,SKU_15,Category_1,33,1744.877046480438,0,57,0,9,39,47.0,23.0,32.0,0
2023-09-26,SKU_15,Category_1,40,1744.877046480438,0,79,1,9,39,33.0,46.0,33.42857142857143,0
2023-09-27,SKU_15,Category_1,32,1744.877046480438,0,43,2,9,39,40.0,33.0,32.57142857142857,0
2023-09-28,SKU_15,Category_1,29,1744.877046480438,0,78,3,9,39,32.0,30.0,32.42857142857143,0
2023-09-29,SKU_15,Category_1,17,1744.877046480438,0,17,4,9,39,29.0,12.0,32.285714285714285,1
2023-09-30,SKU_15,Category_1,40,1744.877046480438,0,64,5,9,39,17.0,33.0,33.0,0
2023-10-01,SKU_15,Category_1,23,1744.877046480438,0,23,6,10,39,40.0,47.0,34.0,1
2023-10-02,SKU_15,Category_1,38,1744.877046480438,0,74,0,10,40,23.0,33.0,30.571428571428573,0
2023-10-03,SKU_15,Category_1,33,1744.877046480438,0,94,1,10,40,38.0,40.0,31.285714285714285,0
2023-10-04,SKU_15,Category_1,34,1744.877046480438,0,42,2,10,40,33.0,32.0,30.285714285714285,0
2023-10-05,SKU_15,Category_1,34,1744.877046480438,0,35,3,10,40,34.0,29.0,30.571428571428573,0
2023-10-06,SKU_15,Category_1,35,1744.877046480438,0,79,4,10,40,34.0,17.0,31.285714285714285,0
2023-10-07,SKU_15,Category_1,43,1744.877046480438,0,85,5,10,40,35.0,40.0,33.857142857142854,0
2023-10-08,SKU_15,Category_1,48,1744.877046480438,0,57,6,10,40,43.0,23.0,34.285714285714285,0
2023-10-09,SKU_15,Category_1,26,1744.877046480438,0,53,0,10,41,48.0,38.0,37.857142857142854,0
2023-10-10,SKU_15,Category_1,34,1744.877046480438,0,34,1,10,41,26.0,33.0,36.142857142857146,1
2023-10-11,SKU_15,Category_1,38,1744.877046480438,0,51,2,10,41,34.0,34.0,36.285714285714285,0
2023-10-12,SKU_15,Category_1,27,1744.877046480438,0,27,3,10,41,38.0,34.0,36.857142857142854,1
2023-10-13,SKU_15,Category_1,32,1744.877046480438,0,62,4,10,41,27.0,35.0,35.857142857142854,0
2023-10-14,SKU_15,Category_1,35,1744.877046480438,0,35,5,10,41,32.0,43.0,35.42857142857143,1
2023-10-15,SKU_15,Category_1,50,1744.877046480438,0,92,6,10,41,35.0,48.0,34.285714285714285,0
2023-10-16,SKU_15,Category_1,12,1744.877046480438,0,12,0,10,42,50.0,26.0,34.57142857142857,1
2023-10-17,SKU_15,Category_1,32,1744.877046480438,0,53,1,10,42,12.0,34.0,32.57142857142857,0
2023-10-18,SKU_15,Category_1,35,1744.877046480438,0,74,2,10,42,32.0,38.0,32.285714285714285,0
2023-10-19,SKU_15,Category_1,30,1744.877046480438,0,39,3,10,42,35.0,27.0,31.857142857142858,0
2023-10-20,SKU_15,Category_1,33,1744.877046480438,0,64,4,10,42,30.0,32.0,32.285714285714285,0
2023-10-21,SKU_15,Category_1,39,1744.877046480438,0,65,5,10,42,33.0,35.0,32.42857142857143,0
2023-10-22,SKU_15,Category_1,34,1744.877046480438,0,90,6,10,42,39.0,50.0,33.0,0
2023-10-23,SKU_15,Category_1,32,1744.877046480438,0,73,0,10,43,34.0,12.0,30.714285714285715,0
2023-10-24,SKU_15,Category_1,29,1744.877046480438,0,61,1,10,43,32.0,32.0,33.57142857142857,0
2023-10-25,SKU_15,Category_1,38,1744.877046480438,0,77,2,10,43,29.0,35.0,33.142857142857146,0
2023-10-26,SKU_15,Category_1,43,1744.877046480438,0,99,3,10,43,38.0,30.0,33.57142857142857,0
2023-10-27,SKU_15,Category_1,19,1744.877046480438,0,19,4,10,43,43.0,33.0,35.42857142857143,1
2023-10-28,SKU_15,Category_1,40,1744.877046480438,0,52,5,10,43,19.0,39.0,33.42857142857143,0
2023-10-29,SKU_15,Category_1,44,1744.877046480438,0,83,6,10,43,40.0,34.0,33.57142857142857,0
2023-10-30,SKU_15,Category_1,26,1744.877046480438,1,26,0,10,44,44.0,32.0,35.0,1
2023-10-31,SKU_15,Category_1,30,1744.877046480438,0,76,1,10,44,26.0,29.0,34.142857142857146,0
2023-11-01,SKU_15,Category_1,47,1744.877046480438,1,73,2,11,44,30.0,38.0,34.285714285714285,0
2023-11-02,SKU_15,Category_1,41,1744.877046480438,1,41,3,11,44,47.0,43.0,35.57142857142857,1
2023-11-03,SKU_15,Category_1,31,1744.877046480438,0,36,4,11,44,41.0,19.0,35.285714285714285,0
2023-11-04,SKU_15,Category_1,15,1744.877046480438,0,15,5,11,44,31.0,40.0,37.0,1
2023-11-05,SKU_15,Category_1,46,1744.877046480438,0,77,6,11,44,15.0,44.0,33.42857142857143,0
2023-11-06,SKU_15,Category_1,42,1744.877046480438,0,53,0,11,45,46.0,26.0,33.714285714285715,0
2023-11-07,SKU_15,Category_1,40,1744.877046480438,0,75,1,11,45,42.0,30.0,36.0,0
2023-11-08,SKU_15,Category_1,33,1744.877046480438,0,67,2,11,45,40.0,47.0,37.42857142857143,0
2023-11-09,SKU_15,Category_1,25,1744.877046480438,0,81,3,11,45,33.0,41.0,35.42857142857143,0
2023-11-10,SKU_15,Category_1,36,1744.877046480438,0,67,4,11,45,25.0,31.0,33.142857142857146,0
2023-11-11,SKU_15,Category_1,53,1744.877046480438,0,67,5,11,45,36.0,15.0,33.857142857142854,0
2023-11-12,SKU_15,Category_1,21,1744.877046480438,0,21,6,11,45,53.0,46.0,39.285714285714285,1
2023-11-13,SKU_15,Category_1,34,1744.877046480438,0,79,0,11,46,21.0,42.0,35.714285714285715,0
2023-11-14,SKU_15,Category_1,39,1744.877046480438,0,61,1,11,46,34.0,40.0,34.57142857142857,0
2023-11-15,SKU_15,Category_1,37,1744.877046480438,0,56,2,11,46,39.0,33.0,34.42857142857143,0
2023-11-16,SKU_15,Category_1,33,1744.877046480438,0,51,3,11,46,37.0,25.0,35.0,0
2023-11-17,SKU_15,Category_1,44,1744.877046480438,0,84,4,11,46,33.0,36.0,36.142857142857146,0
2023-11-18,SKU_15,Category_1,47,1744.877046480438,0,68,5,11,46,44.0,53.0,37.285714285714285,0
2023-11-19,SKU_15,Category_1,43,1744.877046480438,0,81,6,11,46,47.0,21.0,36.42857142857143,0
2023-11-20,SKU_15,Category_1,55,1744.877046480438,1,56,0,11,47,43.0,34.0,39.57142857142857,0
2023-11-21,SKU_15,Category_1,34,1744.877046480438,0,50,1,11,47,55.0,39.0,42.57142857142857,0
2023-11-22,SKU_15,Category_1,54,1744.877046480438,1,66,2,11,47,34.0,37.0,41.857142857142854,0
2023-11-23,SKU_15,Category_1,35,1744.877046480438,0,57,3,11,47,54.0,33.0,44.285714285714285,0
2023-11-24,SKU_15,Category_1,32,1744.877046480438,0,96,4,11,47,35.0,44.0,44.57142857142857,0
2023-11-25,SKU_15,Category_1,51,1744.877046480438,0,98,5,11,47,32.0,47.0,42.857142857142854,0
2023-11-26,SKU_15,Category_1,55,1744.877046480438,0,95,6,11,47,51.0,43.0,43.42857142857143,0
2023-11-27,SKU_15,Category_1,11,1744.877046480438,0,11,0,11,48,55.0,55.0,45.142857142857146,1
2023-11-28,SKU_15,Category_1,13,1744.877046480438,1,13,1,11,48,11.0,34.0,38.857142857142854,1
2023-11-29,SKU_15,Category_1,39,1744.877046480438,0,61,2,11,48,13.0,54.0,35.857142857142854,0
2023-11-30,SKU_15,Category_1,30,1744.877046480438,0,35,3,11,48,39.0,35.0,33.714285714285715,0
2023-12-01,SKU_15,Category_1,40,1744.877046480438,0,95,4,12,48,30.0,32.0,33.0,0
2023-12-02,SKU_15,Category_1,48,1744.877046480438,0,61,5,12,48,40.0,51.0,34.142857142857146,0
2023-12-03,SKU_15,Category_1,37,1744.877046480438,0,37,6,12,48,48.0,55.0,33.714285714285715,1
2023-12-04,SKU_15,Category_1,30,1744.877046480438,0,30,0,12,49,37.0,11.0,31.142857142857142,1
2023-12-05,SKU_15,Category_1,32,1744.877046480438,0,41,1,12,49,30.0,13.0,33.857142857142854,0
2023-12-06,SKU_15,Category_1,26,1744.877046480438,1,26,2,12,49,32.0,39.0,36.57142857142857,1
2023-12-07,SKU_15,Category_1,26,1744.877046480438,0,73,3,12,49,26.0,30.0,34.714285714285715,0
2023-12-08,SKU_15,Category_1,28,1744.877046480438,0,46,4,12,49,26.0,40.0,34.142857142857146,0
2023-12-09,SKU_15,Category_1,34,1744.877046480438,0,34,5,12,49,28.0,48.0,32.42857142857143,1
2023-12-10,SKU_15,Category_1,64,1744.877046480438,1,72,6,12,49,34.0,37.0,30.428571428571427,0
2023-12-11,SKU_15,Category_1,32,1744.877046480438,0,84,0,12,50,64.0,30.0,34.285714285714285,0
2023-12-12,SKU_15,Category_1,32,1744.877046480438,0,87,1,12,50,32.0,32.0,34.57142857142857,0
2023-12-13,SKU_15,Category_1,39,1744.877046480438,0,94,2,12,50,32.0,26.0,34.57142857142857,0
2023-12-14,SKU_15,Category_1,11,1744.877046480438,0,11,3,12,50,39.0,26.0,36.42857142857143,1
2023-12-15,SKU_15,Category_1,38,1744.877046480438,0,79,4,12,50,11.0,28.0,34.285714285714285,0
2023-12-16,SKU_15,Category_1,50,1744.877046480438,0,67,5,12,50,38.0,34.0,35.714285714285715,0
2023-12-17,SKU_15,Category_1,41,1744.877046480438,0,41,6,12,50,50.0,64.0,38.0,1
2023-12-18,SKU_15,Category_1,38,1744.877046480438,0,42,0,12,51,41.0,32.0,34.714285714285715,0
2023-12-19,SKU_15,Category_1,60,1744.877046480438,1,60,1,12,51,38.0,32.0,35.57142857142857,1
2023-12-20,SKU_15,Category_1,29,1744.877046480438,0,29,2,12,51,60.0,39.0,39.57142857142857,1
2023-12-21,SKU_15,Category_1,33,1744.877046480438,0,96,3,12,51,29.0,11.0,38.142857142857146,0
2023-12-22,SKU_15,Category_1,33,1744.877046480438,0,66,4,12,51,33.0,38.0,41.285714285714285,0
2023-12-23,SKU_15,Category_1,41,1744.877046480438,0,94,5,12,51,33.0,50.0,40.57142857142857,0
2023-12-24,SKU_15,Category_1,35,1744.877046480438,0,35,6,12,51,41.0,41.0,39.285714285714285,1
2023-12-25,SKU_15,Category_1,37,1744.877046480438,0,45,0,12,52,35.0,38.0,38.42857142857143,0
2023-12-26,SKU_15,Category_1,27,1744.877046480438,0,77,1,12,52,37.0,60.0,38.285714285714285,0
2023-12-27,SKU_15,Category_1,34,1744.877046480438,0,64,2,12,52,27.0,29.0,33.57142857142857,0
2023-12-28,SKU_15,Category_1,30,1744.877046480438,0,30,3,12,52,34.0,33.0,34.285714285714285,1
2023-12-29,SKU_15,Category_1,10,1744.877046480438,1,10,4,12,52,30.0,33.0,33.857142857142854,1
2023-12-30,SKU_15,Category_1,14,1744.877046480438,1,14,5,12,52,10.0,41.0,30.571428571428573,1
2023-12-31,SKU_15,Category_1,25,1744.877046480438,0,25,6,12,52,14.0,35.0,26.714285714285715,1
2023-01-08,SKU_16,Category_2,36,1314.5187650215184,0,80,6,1,1,39.0,46.0,33.857142857142854,0
2023-01-09,SKU_16,Category_2,39,1314.5187650215184,0,39,0,1,2,36.0,28.0,32.42857142857143,1
2023-01-10,SKU_16,Category_2,11,1314.5187650215184,0,11,1,1,2,39.0,43.0,34.0,1
2023-01-11,SKU_16,Category_2,34,1314.5187650215184,0,84,2,1,2,11.0,31.0,29.428571428571427,0
2023-01-12,SKU_16,Category_2,31,1314.5187650215184,0,94,3,1,2,34.0,11.0,29.857142857142858,0
2023-01-13,SKU_16,Category_2,34,1314.5187650215184,0,60,4,1,2,31.0,39.0,32.714285714285715,0
2023-01-14,SKU_16,Category_2,39,1314.5187650215184,0,39,5,1,2,34.0,39.0,32.0,1
2023-01-15,SKU_16,Category_2,20,1314.5187650215184,0,20,6,1,2,39.0,36.0,32.0,1
2023-01-16,SKU_16,Category_2,38,1314.5187650215184,0,91,0,1,3,20.0,39.0,29.714285714285715,0
2023-01-17,SKU_16,Category_2,35,1314.5187650215184,0,53,1,1,3,38.0,11.0,29.571428571428573,0
2023-01-18,SKU_16,Category_2,40,1314.5187650215184,0,75,2,1,3,35.0,34.0,33.0,0
2023-01-19,SKU_16,Category_2,35,1314.5187650215184,0,84,3,1,3,40.0,31.0,33.857142857142854,0
2023-01-20,SKU_16,Category_2,30,1314.5187650215184,0,62,4,1,3,35.0,34.0,34.42857142857143,0
2023-01-21,SKU_16,Category_2,38,1314.5187650215184,0,38,5,1,3,30.0,39.0,33.857142857142854,1
2023-01-22,SKU_16,Category_2,30,1314.5187650215184,0,30,6,1,3,38.0,20.0,33.714285714285715,1
2023-01-23,SKU_16,Category_2,46,1314.5187650215184,1,64,0,1,4,30.0,38.0,35.142857142857146,0
2023-01-24,SKU_16,Category_2,59,1314.5187650215184,1,69,1,1,4,46.0,35.0,36.285714285714285,0
2023-01-25,SKU_16,Category_2,36,1314.5187650215184,0,56,2,1,4,59.0,40.0,39.714285714285715,0
2023-01-26,SKU_16,Category_2,31,1314.5187650215184,0,65,3,1,4,36.0,35.0,39.142857142857146,0
2023-01-27,SKU_16,Category_2,31,1314.5187650215184,0,34,4,1,4,31.0,30.0,38.57142857142857,0
2023-01-28,SKU_16,Category_2,20,1314.5187650215184,0,20,5,1,4,31.0,38.0,38.714285714285715,1
2023-01-29,SKU_16,Category_2,50,1314.5187650215184,0,59,6,1,4,20.0,30.0,36.142857142857146,0
2023-01-30,SKU_16,Category_2,35,1314.5187650215184,0,41,0,1,5,50.0,46.0,39.0,0
2023-01-31,SKU_16,Category_2,36,1314.5187650215184,0,40,1,1,5,35.0,59.0,37.42857142857143,0
2023-02-01,SKU_16,Category_2,31,1314.5187650215184,1,31,2,2,5,36.0,36.0,34.142857142857146,1
2023-02-02,SKU_16,Category_2,34,1314.5187650215184,0,82,3,2,5,31.0,31.0,33.42857142857143,0
2023-02-03,SKU_16,Category_2,10,1314.5187650215184,0,10,4,2,5,34.0,31.0,33.857142857142854,1
2023-02-04,SKU_16,Category_2,18,1314.5187650215184,0,18,5,2,5,10.0,20.0,30.857142857142858,1
2023-02-05,SKU_16,Category_2,44,1314.5187650215184,0,86,6,2,5,18.0,50.0,30.571428571428573,0
2023-02-06,SKU_16,Category_2,41,1314.5187650215184,0,83,0,2,6,44.0,35.0,29.714285714285715,0
2023-02-07,SKU_16,Category_2,40,1314.5187650215184,0,46,1,2,6,41.0,36.0,30.571428571428573,0
2023-02-08,SKU_16,Category_2,40,1314.5187650215184,0,93,2,2,6,40.0,31.0,31.142857142857142,0
2023-02-09,SKU_16,Category_2,33,1314.5187650215184,0,37,3,2,6,40.0,34.0,32.42857142857143,0
2023-02-10,SKU_16,Category_2,56,1314.5187650215184,1,69,4,2,6,33.0,10.0,32.285714285714285,0
2023-02-11,SKU_16,Category_2,43,1314.5187650215184,0,84,5,2,6,56.0,18.0,38.857142857142854,0
2023-02-12,SKU_16,Category_2,11,1314.5187650215184,0,11,6,2,6,43.0,44.0,42.42857142857143,1
2023-02-13,SKU_16,Category_2,44,1314.5187650215184,0,52,0,2,7,11.0,41.0,37.714285714285715,0
2023-02-14,SKU_16,Category_2,33,1314.5187650215184,1,33,1,2,7,44.0,40.0,38.142857142857146,1
2023-02-15,SKU_16,Category_2,37,1314.5187650215184,0,37,2,2,7,33.0,40.0,37.142857142857146,1
2023-02-16,SKU_16,Category_2,41,1314.5187650215184,0,87,3,2,7,37.0,33.0,36.714285714285715,0
2023-02-17,SKU_16,Category_2,24,1314.5187650215184,0,24,4,2,7,41.0,56.0,37.857142857142854,1
2023-02-18,SKU_16,Category_2,50,1314.5187650215184,0,55,5,2,7,24.0,43.0,33.285714285714285,0
2023-02-19,SKU_16,Category_2,36,1314.5187650215184,0,97,6,2,7,50.0,11.0,34.285714285714285,0
2023-02-20,SKU_16,Category_2,37,1314.5187650215184,0,77,0,2,8,36.0,44.0,37.857142857142854,0
2023-02-21,SKU_16,Category_2,15,1314.5187650215184,0,15,1,2,8,37.0,33.0,36.857142857142854,1
2023-02-22,SKU_16,Category_2,35,1314.5187650215184,0,60,2,2,8,15.0,37.0,34.285714285714285,0
2023-02-23,SKU_16,Category_2,23,1314.5187650215184,0,23,3,2,8,35.0,41.0,34.0,1
2023-02-24,SKU_16,Category_2,21,1314.5187650215184,0,21,4,2,8,23.0,24.0,31.428571428571427,1
2023-02-25,SKU_16,Category_2,18,1314.5187650215184,0,18,5,2,8,21.0,50.0,31.0,1
2023-02-26,SKU_16,Category_2,34,1314.5187650215184,0,34,6,2,8,18.0,36.0,26.428571428571427,1
2023-02-27,SKU_16,Category_2,25,1314.5187650215184,0,66,0,2,9,34.0,37.0,26.142857142857142,0
2023-02-28,SKU_16,Category_2,31,1314.5187650215184,0,48,1,2,9,25.0,15.0,24.428571428571427,0
2023-03-01,SKU_16,Category_2,42,1314.5187650215184,0,55,2,3,9,31.0,35.0,26.714285714285715,0
2023-03-02,SKU_16,Category_2,13,1314.5187650215184,0,13,3,3,9,42.0,23.0,27.714285714285715,1
2023-03-03,SKU_16,Category_2,26,1314.5187650215184,0,27,4,3,9,13.0,21.0,26.285714285714285,0
2023-03-04,SKU_16,Category_2,27,1314.5187650215184,0,27,5,3,9,26.0,18.0,27.0,1
2023-03-05,SKU_16,Category_2,56,1314.5187650215184,0,88,6,3,9,27.0,34.0,28.285714285714285,0
2023-03-06,SKU_16,Category_2,17,1314.5187650215184,0,17,0,3,10,56.0,25.0,31.428571428571427,1
2023-03-07,SKU_16,Category_2,29,1314.5187650215184,0,97,1,3,10,17.0,31.0,30.285714285714285,0
2023-03-08,SKU_16,Category_2,34,1314.5187650215184,0,52,2,3,10,29.0,42.0,30.0,0
2023-03-09,SKU_16,Category_2,37,1314.5187650215184,0,63,3,3,10,34.0,13.0,28.857142857142858,0
2023-03-10,SKU_16,Category_2,15,1314.5187650215184,0,15,4,3,10,37.0,26.0,32.285714285714285,1
2023-03-11,SKU_16,Category_2,44,1314.5187650215184,1,44,5,3,10,15.0,27.0,30.714285714285715,1
2023-03-12,SKU_16,Category_2,41,1314.5187650215184,0,90,6,3,10,44.0,56.0,33.142857142857146,0
2023-03-13,SKU_16,Category_2,23,1314.5187650215184,0,95,0,3,11,41.0,17.0,31.0,0
2023-03-14,SKU_16,Category_2,31,1314.5187650215184,0,51,1,3,11,23.0,29.0,31.857142857142858,0
2023-03-15,SKU_16,Category_2,45,1314.5187650215184,0,51,2,3,11,31.0,34.0,32.142857142857146,0
2023-03-16,SKU_16,Category_2,14,1314.5187650215184,0,14,3,3,11,45.0,37.0,33.714285714285715,1
2023-03-17,SKU_16,Category_2,29,1314.5187650215184,0,66,4,3,11,14.0,15.0,30.428571428571427,0
2023-03-18,SKU_16,Category_2,16,1314.5187650215184,0,16,5,3,11,29.0,44.0,32.42857142857143,1
2023-03-19,SKU_16,Category_2,74,1314.5187650215184,1,82,6,3,11,16.0,41.0,28.428571428571427,0
2023-03-20,SKU_16,Category_2,28,1314.5187650215184,0,31,0,3,12,74.0,23.0,33.142857142857146,0
2023-03-21,SKU_16,Category_2,37,1314.5187650215184,0,52,1,3,12,28.0,31.0,33.857142857142854,0
2023-03-22,SKU_16,Category_2,12,1314.5187650215184,0,12,2,3,12,37.0,45.0,34.714285714285715,1
2023-03-23,SKU_16,Category_2,20,1314.5187650215184,0,20,3,3,12,12.0,14.0,30.0,1
2023-03-24,SKU_16,Category_2,32,1314.5187650215184,0,50,4,3,12,20.0,29.0,30.857142857142858,0
2023-03-25,SKU_16,Category_2,36,1314.5187650215184,0,57,5,3,12,32.0,16.0,31.285714285714285,0
2023-03-26,SKU_16,Category_2,19,1314.5187650215184,0,19,6,3,12,36.0,74.0,34.142857142857146,1
2023-03-27,SKU_16,Category_2,30,1314.5187650215184,0,87,0,3,13,19.0,28.0,26.285714285714285,0
2023-03-28,SKU_16,Category_2,36,1314.5187650215184,0,82,1,3,13,30.0,37.0,26.571428571428573,0
2023-03-29,SKU_16,Category_2,42,1314.5187650215184,0,69,2,3,13,36.0,12.0,26.428571428571427,0
2023-03-30,SKU_16,Category_2,41,1314.5187650215184,0,94,3,3,13,42.0,20.0,30.714285714285715,0
2023-03-31,SKU_16,Category_2,47,1314.5187650215184,0,65,4,3,13,41.0,32.0,33.714285714285715,0
2023-04-01,SKU_16,Category_2,28,1314.5187650215184,0,28,5,4,13,47.0,36.0,35.857142857142854,1
2023-04-02,SKU_16,Category_2,44,1314.5187650215184,0,72,6,4,13,28.0,19.0,34.714285714285715,0
2023-04-03,SKU_16,Category_2,31,1314.5187650215184,0,31,0,4,14,44.0,30.0,38.285714285714285,1
2023-04-04,SKU_16,Category_2,26,1314.5187650215184,1,26,1,4,14,31.0,36.0,38.42857142857143,1
2023-04-05,SKU_16,Category_2,27,1314.5187650215184,0,84,2,4,14,26.0,42.0,37.0,0
2023-04-06,SKU_16,Category_2,34,1314.5187650215184,0,90,3,4,14,27.0,41.0,34.857142857142854,0
2023-04-07,SKU_16,Category_2,39,1314.5187650215184,0,45,4,4,14,34.0,47.0,33.857142857142854,0
2023-04-08,SKU_16,Category_2,35,1314.5187650215184,0,35,5,4,14,39.0,28.0,32.714285714285715,1
2023-04-09,SKU_16,Category_2,34,1314.5187650215184,0,34,6,4,14,35.0,44.0,33.714285714285715,1
2023-04-10,SKU_16,Category_2,33,1314.5187650215184,0,85,0,4,15,34.0,31.0,32.285714285714285,0
2023-04-11,SKU_16,Category_2,41,1314.5187650215184,0,55,1,4,15,33.0,26.0,32.57142857142857,0
2023-04-12,SKU_16,Category_2,43,1314.5187650215184,0,45,2,4,15,41.0,27.0,34.714285714285715,0
2023-04-13,SKU_16,Category_2,34,1314.5187650215184,0,66,3,4,15,43.0,34.0,37.0,0
2023-04-14,SKU_16,Category_2,34,1314.5187650215184,0,70,4,4,15,34.0,39.0,37.0,0
2023-04-15,SKU_16,Category_2,45,1314.5187650215184,0,45,5,4,15,34.0,35.0,36.285714285714285,1
2023-04-16,SKU_16,Category_2,47,1314.5187650215184,0,63,6,4,15,45.0,34.0,37.714285714285715,0
2023-04-17,SKU_16,Category_2,33,1314.5187650215184,0,98,0,4,16,47.0,33.0,39.57142857142857,0
2023-04-18,SKU_16,Category_2,34,1314.5187650215184,1,34,1,4,16,33.0,41.0,39.57142857142857,1
2023-04-19,SKU_16,Category_2,28,1314.5187650215184,0,66,2,4,16,34.0,43.0,38.57142857142857,0
2023-04-20,SKU_16,Category_2,25,1314.5187650215184,0,25,3,4,16,28.0,34.0,36.42857142857143,1
2023-04-21,SKU_16,Category_2,32,1314.5187650215184,0,70,4,4,16,25.0,34.0,35.142857142857146,0
2023-04-22,SKU_16,Category_2,48,1314.5187650215184,0,75,5,4,16,32.0,45.0,34.857142857142854,0
2023-04-23,SKU_16,Category_2,44,1314.5187650215184,0,80,6,4,16,48.0,47.0,35.285714285714285,0
2023-04-24,SKU_16,Category_2,28,1314.5187650215184,0,43,0,4,17,44.0,33.0,34.857142857142854,0
2023-04-25,SKU_16,Category_2,11,1314.5187650215184,0,11,1,4,17,28.0,34.0,34.142857142857146,1
2023-04-26,SKU_16,Category_2,26,1314.5187650215184,0,26,2,4,17,11.0,28.0,30.857142857142858,1
2023-04-27,SKU_16,Category_2,33,1314.5187650215184,0,90,3,4,17,26.0,25.0,30.571428571428573,0
2023-04-28,SKU_16,Category_2,28,1314.5187650215184,0,43,4,4,17,33.0,32.0,31.714285714285715,0
2023-04-29,SKU_16,Category_2,43,1314.5187650215184,0,43,5,4,17,28.0,48.0,31.142857142857142,1
2023-04-30,SKU_16,Category_2,46,1314.5187650215184,0,73,6,4,17,43.0,44.0,30.428571428571427,0
2023-05-01,SKU_16,Category_2,27,1314.5187650215184,0,27,0,5,18,46.0,28.0,30.714285714285715,1
2023-05-02,SKU_16,Category_2,29,1314.5187650215184,0,29,1,5,18,27.0,11.0,30.571428571428573,1
2023-05-03,SKU_16,Category_2,22,1314.5187650215184,0,55,2,5,18,29.0,26.0,33.142857142857146,0
2023-05-04,SKU_16,Category_2,30,1314.5187650215184,0,37,3,5,18,22.0,33.0,32.57142857142857,0
2023-05-05,SKU_16,Category_2,17,1314.5187650215184,0,17,4,5,18,30.0,28.0,32.142857142857146,1
2023-05-06,SKU_16,Category_2,23,1314.5187650215184,0,23,5,5,18,17.0,43.0,30.571428571428573,1
2023-05-07,SKU_16,Category_2,12,1314.5187650215184,0,12,6,5,18,23.0,46.0,27.714285714285715,1
2023-05-08,SKU_16,Category_2,33,1314.5187650215184,0,63,0,5,19,12.0,27.0,22.857142857142858,0
2023-05-09,SKU_16,Category_2,19,1314.5187650215184,0,19,1,5,19,33.0,29.0,23.714285714285715,1
2023-05-10,SKU_16,Category_2,43,1314.5187650215184,0,57,2,5,19,19.0,22.0,22.285714285714285,0
2023-05-11,SKU_16,Category_2,34,1314.5187650215184,0,43,3,5,19,43.0,30.0,25.285714285714285,0
2023-05-12,SKU_16,Category_2,42,1314.5187650215184,1,42,4,5,19,34.0,17.0,25.857142857142858,1
2023-05-13,SKU_16,Category_2,41,1314.5187650215184,0,84,5,5,19,42.0,23.0,29.428571428571427,0
2023-05-14,SKU_16,Category_2,52,1314.5187650215184,0,69,6,5,19,41.0,12.0,32.0,0
2023-05-15,SKU_16,Category_2,14,1314.5187650215184,0,14,0,5,20,52.0,33.0,37.714285714285715,1
2023-05-16,SKU_16,Category_2,21,1314.5187650215184,0,21,1,5,20,14.0,19.0,35.0,1
2023-05-17,SKU_16,Category_2,34,1314.5187650215184,0,93,2,5,20,21.0,43.0,35.285714285714285,0
2023-05-18,SKU_16,Category_2,38,1314.5187650215184,0,64,3,5,20,34.0,34.0,34.0,0
2023-05-19,SKU_16,Category_2,28,1314.5187650215184,0,61,4,5,20,38.0,42.0,34.57142857142857,0
2023-05-20,SKU_16,Category_2,27,1314.5187650215184,0,27,5,5,20,28.0,41.0,32.57142857142857,1
2023-05-21,SKU_16,Category_2,46,1314.5187650215184,0,96,6,5,20,27.0,52.0,30.571428571428573,0
2023-05-22,SKU_16,Category_2,21,1314.5187650215184,1,21,0,5,21,46.0,14.0,29.714285714285715,1
2023-05-23,SKU_16,Category_2,27,1314.5187650215184,0,68,1,5,21,21.0,21.0,30.714285714285715,0
2023-05-24,SKU_16,Category_2,37,1314.5187650215184,0,52,2,5,21,27.0,34.0,31.571428571428573,0
2023-05-25,SKU_16,Category_2,41,1314.5187650215184,0,88,3,5,21,37.0,38.0,32.0,0
2023-05-26,SKU_16,Category_2,37,1314.5187650215184,0,41,4,5,21,41.0,28.0,32.42857142857143,0
2023-05-27,SKU_16,Category_2,41,1314.5187650215184,0,65,5,5,21,37.0,27.0,33.714285714285715,0
2023-05-28,SKU_16,Category_2,52,1314.5187650215184,0,57,6,5,21,41.0,46.0,35.714285714285715,0
2023-05-29,SKU_16,Category_2,35,1314.5187650215184,0,86,0,5,22,52.0,21.0,36.57142857142857,0
2023-05-30,SKU_16,Category_2,36,1314.5187650215184,0,68,1,5,22,35.0,27.0,38.57142857142857,0
2023-05-31,SKU_16,Category_2,42,1314.5187650215184,0,76,2,5,22,36.0,37.0,39.857142857142854,0
2023-06-01,SKU_16,Category_2,12,1314.5187650215184,0,12,3,6,22,42.0,41.0,40.57142857142857,1
2023-06-02,SKU_16,Category_2,34,1314.5187650215184,0,80,4,6,22,12.0,37.0,36.42857142857143,0
2023-06-03,SKU_16,Category_2,38,1314.5187650215184,0,79,5,6,22,34.0,41.0,36.0,0
2023-06-04,SKU_16,Category_2,18,1314.5187650215184,0,18,6,6,22,38.0,52.0,35.57142857142857,1
2023-06-05,SKU_16,Category_2,35,1314.5187650215184,0,61,0,6,23,18.0,35.0,30.714285714285715,0
2023-06-06,SKU_16,Category_2,33,1314.5187650215184,0,33,1,6,23,35.0,36.0,30.714285714285715,1
2023-06-07,SKU_16,Category_2,19,1314.5187650215184,0,19,2,6,23,33.0,42.0,30.285714285714285,1
2023-06-08,SKU_16,Category_2,32,1314.5187650215184,0,64,3,6,23,19.0,12.0,27.0,0
2023-06-09,SKU_16,Category_2,35,1314.5187650215184,0,84,4,6,23,32.0,34.0,29.857142857142858,0
2023-06-10,SKU_16,Category_2,50,1314.5187650215184,0,55,5,6,23,35.0,38.0,30.0,0
2023-06-11,SKU_16,Category_2,12,1314.5187650215184,0,12,6,6,23,50.0,18.0,31.714285714285715,1
2023-06-12,SKU_16,Category_2,37,1314.5187650215184,0,79,0,6,24,12.0,35.0,30.857142857142858,0
2023-06-13,SKU_16,Category_2,21,1314.5187650215184,0,21,1,6,24,37.0,33.0,31.142857142857142,1
2023-06-14,SKU_16,Category_2,36,1314.5187650215184,0,58,2,6,24,21.0,19.0,29.428571428571427,0
2023-06-15,SKU_16,Category_2,38,1314.5187650215184,0,44,3,6,24,36.0,32.0,31.857142857142858,0
2023-06-16,SKU_16,Category_2,51,1314.5187650215184,0,63,4,6,24,38.0,35.0,32.714285714285715,0
2023-06-17,SKU_16,Category_2,17,1314.5187650215184,0,17,5,6,24,51.0,50.0,35.0,1
2023-06-18,SKU_16,Category_2,50,1314.5187650215184,0,57,6,6,24,17.0,12.0,30.285714285714285,0
2023-06-19,SKU_16,Category_2,45,1314.5187650215184,0,71,0,6,25,50.0,37.0,35.714285714285715,0
2023-06-20,SKU_16,Category_2,13,1314.5187650215184,0,13,1,6,25,45.0,21.0,36.857142857142854,1
2023-06-21,SKU_16,Category_2,30,1314.5187650215184,0,56,2,6,25,13.0,36.0,35.714285714285715,0
2023-06-22,SKU_16,Category_2,11,1314.5187650215184,0,11,3,6,25,30.0,38.0,34.857142857142854,1
2023-06-23,SKU_16,Category_2,34,1314.5187650215184,0,55,4,6,25,11.0,51.0,31.0,0
2023-06-24,SKU_16,Category_2,25,1314.5187650215184,0,25,5,6,25,34.0,17.0,28.571428571428573,1
2023-06-25,SKU_16,Category_2,45,1314.5187650215184,0,90,6,6,25,25.0,50.0,29.714285714285715,0
2023-06-26,SKU_16,Category_2,40,1314.5187650215184,0,67,0,6,26,45.0,45.0,29.0,0
2023-06-27,SKU_16,Category_2,23,1314.5187650215184,0,23,1,6,26,40.0,13.0,28.285714285714285,1
2023-06-28,SKU_16,Category_2,26,1314.5187650215184,0,26,2,6,26,23.0,30.0,29.714285714285715,1
2023-06-29,SKU_16,Category_2,32,1314.5187650215184,0,46,3,6,26,26.0,11.0,29.142857142857142,0
2023-06-30,SKU_16,Category_2,26,1314.5187650215184,0,43,4,6,26,32.0,34.0,32.142857142857146,0
2023-07-01,SKU_16,Category_2,45,1314.5187650215184,0,67,5,7,26,26.0,25.0,31.0,0
2023-07-02,SKU_16,Category_2,50,1314.5187650215184,0,94,6,7,26,45.0,45.0,33.857142857142854,0
2023-07-03,SKU_16,Category_2,38,1314.5187650215184,0,56,0,7,27,50.0,40.0,34.57142857142857,0
2023-07-04,SKU_16,Category_2,36,1314.5187650215184,0,75,1,7,27,38.0,23.0,34.285714285714285,0
2023-07-05,SKU_16,Category_2,31,1314.5187650215184,0,67,2,7,27,36.0,26.0,36.142857142857146,0
2023-07-06,SKU_16,Category_2,36,1314.5187650215184,0,56,3,7,27,31.0,32.0,36.857142857142854,0
2023-07-07,SKU_16,Category_2,60,1314.5187650215184,1,78,4,7,27,36.0,26.0,37.42857142857143,0
2023-07-08,SKU_16,Category_2,47,1314.5187650215184,0,96,5,7,27,60.0,45.0,42.285714285714285,0
2023-07-09,SKU_16,Category_2,41,1314.5187650215184,0,78,6,7,27,47.0,50.0,42.57142857142857,0
2023-07-10,SKU_16,Category_2,31,1314.5187650215184,0,51,0,7,28,41.0,38.0,41.285714285714285,0
2023-07-11,SKU_16,Category_2,17,1314.5187650215184,0,17,1,7,28,31.0,36.0,40.285714285714285,1
2023-07-12,SKU_16,Category_2,27,1314.5187650215184,0,58,2,7,28,17.0,31.0,37.57142857142857,0
2023-07-13,SKU_16,Category_2,33,1314.5187650215184,0,81,3,7,28,27.0,36.0,37.0,0
2023-07-14,SKU_16,Category_2,36,1314.5187650215184,0,54,4,7,28,33.0,60.0,36.57142857142857,0
2023-07-15,SKU_16,Category_2,30,1314.5187650215184,0,30,5,7,28,36.0,47.0,33.142857142857146,1
2023-07-16,SKU_16,Category_2,44,1314.5187650215184,0,70,6,7,28,30.0,41.0,30.714285714285715,0
2023-07-17,SKU_16,Category_2,54,1314.5187650215184,1,68,0,7,29,44.0,31.0,31.142857142857142,0
2023-07-18,SKU_16,Category_2,35,1314.5187650215184,0,99,1,7,29,54.0,17.0,34.42857142857143,0
2023-07-19,SKU_16,Category_2,25,1314.5187650215184,0,25,2,7,29,35.0,27.0,37.0,1
2023-07-20,SKU_16,Category_2,32,1314.5187650215184,0,44,3,7,29,25.0,33.0,36.714285714285715,0
2023-07-21,SKU_16,Category_2,37,1314.5187650215184,0,90,4,7,29,32.0,36.0,36.57142857142857,0
2023-07-22,SKU_16,Category_2,17,1314.5187650215184,0,17,5,7,29,37.0,30.0,36.714285714285715,1
2023-07-23,SKU_16,Category_2,12,1314.5187650215184,0,12,6,7,29,17.0,44.0,34.857142857142854,1
2023-07-24,SKU_16,Category_2,26,1314.5187650215184,0,26,0,7,30,12.0,54.0,30.285714285714285,1
2023-07-25,SKU_16,Category_2,34,1314.5187650215184,0,97,1,7,30,26.0,35.0,26.285714285714285,0
2023-07-26,SKU_16,Category_2,11,1314.5187650215184,0,11,2,7,30,34.0,25.0,26.142857142857142,1
2023-07-27,SKU_16,Category_2,43,1314.5187650215184,0,77,3,7,30,11.0,32.0,24.142857142857142,0
2023-07-28,SKU_16,Category_2,32,1314.5187650215184,0,32,4,7,30,43.0,37.0,25.714285714285715,1
2023-07-29,SKU_16,Category_2,44,1314.5187650215184,0,88,5,7,30,32.0,17.0,25.0,0
2023-07-30,SKU_16,Category_2,67,1314.5187650215184,1,70,6,7,30,44.0,12.0,28.857142857142858,0
2023-07-31,SKU_16,Category_2,36,1314.5187650215184,0,88,0,7,31,67.0,26.0,36.714285714285715,0
2023-08-01,SKU_16,Category_2,35,1314.5187650215184,0,43,1,8,31,36.0,34.0,38.142857142857146,0
2023-08-02,SKU_16,Category_2,36,1314.5187650215184,0,68,2,8,31,35.0,11.0,38.285714285714285,0
2023-08-03,SKU_16,Category_2,13,1314.5187650215184,0,13,3,8,31,36.0,43.0,41.857142857142854,1
2023-08-04,SKU_16,Category_2,39,1314.5187650215184,0,64,4,8,31,13.0,32.0,37.57142857142857,0
2023-08-05,SKU_16,Category_2,51,1314.5187650215184,0,69,5,8,31,39.0,44.0,38.57142857142857,0
2023-08-06,SKU_16,Category_2,49,1314.5187650215184,0,92,6,8,31,51.0,67.0,39.57142857142857,0
2023-08-07,SKU_16,Category_2,12,1314.5187650215184,1,12,0,8,32,49.0,36.0,37.0,1
2023-08-08,SKU_16,Category_2,36,1314.5187650215184,0,68,1,8,32,12.0,35.0,33.57142857142857,0
2023-08-09,SKU_16,Category_2,35,1314.5187650215184,0,82,2,8,32,36.0,36.0,33.714285714285715,0
2023-08-10,SKU_16,Category_2,40,1314.5187650215184,0,89,3,8,32,35.0,13.0,33.57142857142857,0
2023-08-11,SKU_16,Category_2,38,1314.5187650215184,0,43,4,8,32,40.0,39.0,37.42857142857143,0
2023-08-12,SKU_16,Category_2,40,1314.5187650215184,0,54,5,8,32,38.0,51.0,37.285714285714285,0
2023-08-13,SKU_16,Category_2,40,1314.5187650215184,0,44,6,8,32,40.0,49.0,35.714285714285715,0
2023-08-14,SKU_16,Category_2,19,1314.5187650215184,0,19,0,8,33,40.0,12.0,34.42857142857143,1
2023-08-15,SKU_16,Category_2,39,1314.5187650215184,0,61,1,8,33,19.0,36.0,35.42857142857143,0
2023-08-16,SKU_16,Category_2,15,1314.5187650215184,0,15,2,8,33,39.0,35.0,35.857142857142854,1
2023-08-17,SKU_16,Category_2,46,1314.5187650215184,0,71,3,8,33,15.0,40.0,33.0,0
2023-08-18,SKU_16,Category_2,35,1314.5187650215184,0,83,4,8,33,46.0,38.0,33.857142857142854,0
2023-08-19,SKU_16,Category_2,44,1314.5187650215184,0,50,5,8,33,35.0,40.0,33.42857142857143,0
2023-08-20,SKU_16,Category_2,43,1314.5187650215184,0,66,6,8,33,44.0,40.0,34.0,0
2023-08-21,SKU_16,Category_2,13,1314.5187650215184,0,13,0,8,34,43.0,19.0,34.42857142857143,1
2023-08-22,SKU_16,Category_2,42,1314.5187650215184,0,47,1,8,34,13.0,39.0,33.57142857142857,0
2023-08-23,SKU_16,Category_2,36,1314.5187650215184,0,36,2,8,34,42.0,15.0,34.0,1
2023-08-24,SKU_16,Category_2,33,1314.5187650215184,0,79,3,8,34,36.0,46.0,37.0,0
2023-08-25,SKU_16,Category_2,17,1314.5187650215184,0,17,4,8,34,33.0,35.0,35.142857142857146,1
2023-08-26,SKU_16,Category_2,47,1314.5187650215184,0,56,5,8,34,17.0,44.0,32.57142857142857,0
2023-08-27,SKU_16,Category_2,16,1314.5187650215184,0,16,6,8,34,47.0,43.0,33.0,1
2023-08-28,SKU_16,Category_2,39,1314.5187650215184,0,56,0,8,35,16.0,13.0,29.142857142857142,0
2023-08-29,SKU_16,Category_2,32,1314.5187650215184,0,63,1,8,35,39.0,42.0,32.857142857142854,0
2023-08-30,SKU_16,Category_2,36,1314.5187650215184,0,80,2,8,35,32.0,36.0,31.428571428571427,0
2023-08-31,SKU_16,Category_2,48,1314.5187650215184,0,56,3,8,35,36.0,33.0,31.428571428571427,0
2023-09-01,SKU_16,Category_2,10,1314.5187650215184,0,10,4,9,35,48.0,17.0,33.57142857142857,1
2023-09-02,SKU_16,Category_2,50,1314.5187650215184,1,50,5,9,35,10.0,47.0,32.57142857142857,1
2023-09-03,SKU_16,Category_2,39,1314.5187650215184,0,39,6,9,35,50.0,16.0,33.0,1
2023-09-04,SKU_16,Category_2,37,1314.5187650215184,0,61,0,9,36,39.0,39.0,36.285714285714285,0
2023-09-05,SKU_16,Category_2,34,1314.5187650215184,0,98,1,9,36,37.0,32.0,36.0,0
2023-09-06,SKU_16,Category_2,48,1314.5187650215184,1,70,2,9,36,34.0,36.0,36.285714285714285,0
2023-09-07,SKU_16,Category_2,38,1314.5187650215184,0,57,3,9,36,48.0,48.0,38.0,0
2023-09-08,SKU_16,Category_2,54,1314.5187650215184,1,66,4,9,36,38.0,10.0,36.57142857142857,0
2023-09-09,SKU_16,Category_2,48,1314.5187650215184,0,55,5,9,36,54.0,50.0,42.857142857142854,0
2023-09-10,SKU_16,Category_2,43,1314.5187650215184,0,43,6,9,36,48.0,39.0,42.57142857142857,1
2023-09-11,SKU_16,Category_2,37,1314.5187650215184,0,85,0,9,37,43.0,37.0,43.142857142857146,0
2023-09-12,SKU_16,Category_2,38,1314.5187650215184,0,44,1,9,37,37.0,34.0,43.142857142857146,0
2023-09-13,SKU_16,Category_2,34,1314.5187650215184,0,82,2,9,37,38.0,48.0,43.714285714285715,0
2023-09-14,SKU_16,Category_2,56,1314.5187650215184,1,83,3,9,37,34.0,38.0,41.714285714285715,0
2023-09-15,SKU_16,Category_2,59,1314.5187650215184,1,66,4,9,37,56.0,54.0,44.285714285714285,0
2023-09-16,SKU_16,Category_2,37,1314.5187650215184,0,37,5,9,37,59.0,48.0,45.0,1
2023-09-17,SKU_16,Category_2,37,1314.5187650215184,0,91,6,9,37,37.0,43.0,43.42857142857143,0
2023-09-18,SKU_16,Category_2,31,1314.5187650215184,0,96,0,9,38,37.0,37.0,42.57142857142857,0
2023-09-19,SKU_16,Category_2,34,1314.5187650215184,0,38,1,9,38,31.0,38.0,41.714285714285715,0
2023-09-20,SKU_16,Category_2,26,1314.5187650215184,0,26,2,9,38,34.0,34.0,41.142857142857146,1
2023-09-21,SKU_16,Category_2,32,1314.5187650215184,0,61,3,9,38,26.0,56.0,40.0,0
2023-09-22,SKU_16,Category_2,31,1314.5187650215184,0,60,4,9,38,32.0,59.0,36.57142857142857,0
2023-09-23,SKU_16,Category_2,44,1314.5187650215184,0,51,5,9,38,31.0,37.0,32.57142857142857,0
2023-09-24,SKU_16,Category_2,41,1314.5187650215184,0,91,6,9,38,44.0,37.0,33.57142857142857,0
2023-09-25,SKU_16,Category_2,46,1314.5187650215184,1,72,0,9,39,41.0,31.0,34.142857142857146,0
2023-09-26,SKU_16,Category_2,43,1314.5187650215184,0,44,1,9,39,46.0,34.0,36.285714285714285,0
2023-09-27,SKU_16,Category_2,31,1314.5187650215184,0,61,2,9,39,43.0,26.0,37.57142857142857,0
2023-09-28,SKU_16,Category_2,33,1314.5187650215184,0,33,3,9,39,31.0,32.0,38.285714285714285,1
2023-09-29,SKU_16,Category_2,20,1314.5187650215184,0,20,4,9,39,33.0,31.0,38.42857142857143,1
2023-09-30,SKU_16,Category_2,51,1314.5187650215184,0,72,5,9,39,20.0,44.0,36.857142857142854,0
2023-10-01,SKU_16,Category_2,42,1314.5187650215184,0,93,6,10,39,51.0,41.0,37.857142857142854,0
2023-10-02,SKU_16,Category_2,34,1314.5187650215184,0,70,0,10,40,42.0,46.0,38.0,0
2023-10-03,SKU_16,Category_2,34,1314.5187650215184,0,41,1,10,40,34.0,43.0,36.285714285714285,0
2023-10-04,SKU_16,Category_2,30,1314.5187650215184,0,89,2,10,40,34.0,31.0,35.0,0
2023-10-05,SKU_16,Category_2,26,1314.5187650215184,0,28,3,10,40,30.0,33.0,34.857142857142854,0
2023-10-06,SKU_16,Category_2,38,1314.5187650215184,0,48,4,10,40,26.0,20.0,33.857142857142854,0
2023-10-07,SKU_16,Category_2,21,1314.5187650215184,0,21,5,10,40,38.0,51.0,36.42857142857143,1
2023-10-08,SKU_16,Category_2,44,1314.5187650215184,0,80,6,10,40,21.0,42.0,32.142857142857146,0
2023-10-09,SKU_16,Category_2,32,1314.5187650215184,0,91,0,10,41,44.0,34.0,32.42857142857143,0
2023-10-10,SKU_16,Category_2,34,1314.5187650215184,1,34,1,10,41,32.0,34.0,32.142857142857146,1
2023-10-11,SKU_16,Category_2,36,1314.5187650215184,0,44,2,10,41,34.0,30.0,32.142857142857146,0
2023-10-12,SKU_16,Category_2,28,1314.5187650215184,0,80,3,10,41,36.0,26.0,33.0,0
2023-10-13,SKU_16,Category_2,37,1314.5187650215184,0,80,4,10,41,28.0,38.0,33.285714285714285,0
2023-10-14,SKU_16,Category_2,45,1314.5187650215184,0,86,5,10,41,37.0,21.0,33.142857142857146,0
2023-10-15,SKU_16,Category_2,28,1314.5187650215184,0,28,6,10,41,45.0,44.0,36.57142857142857,1
2023-10-16,SKU_16,Category_2,11,1314.5187650215184,0,11,0,10,42,28.0,32.0,34.285714285714285,1
2023-10-17,SKU_16,Category_2,24,1314.5187650215184,0,24,1,10,42,11.0,34.0,31.285714285714285,1
2023-10-18,SKU_16,Category_2,38,1314.5187650215184,0,44,2,10,42,24.0,36.0,29.857142857142858,0
2023-10-19,SKU_16,Category_2,31,1314.5187650215184,0,97,3,10,42,38.0,28.0,30.142857142857142,0
2023-10-20,SKU_16,Category_2,30,1314.5187650215184,0,45,4,10,42,31.0,37.0,30.571428571428573,0
2023-10-21,SKU_16,Category_2,15,1314.5187650215184,0,15,5,10,42,30.0,45.0,29.571428571428573,1
2023-10-22,SKU_16,Category_2,40,1314.5187650215184,0,61,6,10,42,15.0,28.0,25.285714285714285,0
2023-10-23,SKU_16,Category_2,27,1314.5187650215184,0,27,0,10,43,40.0,11.0,27.0,1
2023-10-24,SKU_16,Category_2,42,1314.5187650215184,0,85,1,10,43,27.0,24.0,29.285714285714285,0
2023-10-25,SKU_16,Category_2,30,1314.5187650215184,0,30,2,10,43,42.0,38.0,31.857142857142858,1
2023-10-26,SKU_16,Category_2,49,1314.5187650215184,0,67,3,10,43,30.0,31.0,30.714285714285715,0
2023-10-27,SKU_16,Category_2,16,1314.5187650215184,0,16,4,10,43,49.0,30.0,33.285714285714285,1
2023-10-28,SKU_16,Category_2,12,1314.5187650215184,0,12,5,10,43,16.0,15.0,31.285714285714285,1
2023-10-29,SKU_16,Category_2,44,1314.5187650215184,0,76,6,10,43,12.0,40.0,30.857142857142858,0
2023-10-30,SKU_16,Category_2,37,1314.5187650215184,0,37,0,10,44,44.0,27.0,31.428571428571427,1
2023-10-31,SKU_16,Category_2,17,1314.5187650215184,0,17,1,10,44,37.0,42.0,32.857142857142854,1
2023-11-01,SKU_16,Category_2,50,1314.5187650215184,1,71,2,11,44,17.0,30.0,29.285714285714285,0
2023-11-02,SKU_16,Category_2,30,1314.5187650215184,0,49,3,11,44,50.0,49.0,32.142857142857146,0
2023-11-03,SKU_16,Category_2,26,1314.5187650215184,0,26,4,11,44,30.0,16.0,29.428571428571427,1
2023-11-04,SKU_16,Category_2,48,1314.5187650215184,0,95,5,11,44,26.0,12.0,30.857142857142858,0
2023-11-05,SKU_16,Category_2,51,1314.5187650215184,0,52,6,11,44,48.0,44.0,36.0,0
2023-11-06,SKU_16,Category_2,26,1314.5187650215184,0,39,0,11,45,51.0,37.0,37.0,0
2023-11-07,SKU_16,Category_2,35,1314.5187650215184,0,39,1,11,45,26.0,17.0,35.42857142857143,0
2023-11-08,SKU_16,Category_2,30,1314.5187650215184,0,48,2,11,45,35.0,50.0,38.0,0
2023-11-09,SKU_16,Category_2,12,1314.5187650215184,0,12,3,11,45,30.0,30.0,35.142857142857146,1
2023-11-10,SKU_16,Category_2,33,1314.5187650215184,0,47,4,11,45,12.0,26.0,32.57142857142857,0
2023-11-11,SKU_16,Category_2,37,1314.5187650215184,0,48,5,11,45,33.0,48.0,33.57142857142857,0
2023-11-12,SKU_16,Category_2,41,1314.5187650215184,0,50,6,11,45,37.0,51.0,32.0,0
2023-11-13,SKU_16,Category_2,55,1314.5187650215184,1,84,0,11,46,41.0,26.0,30.571428571428573,0
2023-11-14,SKU_16,Category_2,19,1314.5187650215184,0,19,1,11,46,55.0,35.0,34.714285714285715,1
2023-11-15,SKU_16,Category_2,32,1314.5187650215184,0,32,2,11,46,19.0,30.0,32.42857142857143,1
2023-11-16,SKU_16,Category_2,31,1314.5187650215184,0,31,3,11,46,32.0,12.0,32.714285714285715,1
2023-11-17,SKU_16,Category_2,25,1314.5187650215184,0,25,4,11,46,31.0,33.0,35.42857142857143,1
2023-11-18,SKU_16,Category_2,45,1314.5187650215184,0,51,5,11,46,25.0,37.0,34.285714285714285,0
2023-11-19,SKU_16,Category_2,51,1314.5187650215184,0,55,6,11,46,45.0,41.0,35.42857142857143,0
2023-11-20,SKU_16,Category_2,15,1314.5187650215184,0,15,0,11,47,51.0,55.0,36.857142857142854,1
2023-11-21,SKU_16,Category_2,39,1314.5187650215184,0,85,1,11,47,15.0,19.0,31.142857142857142,0
2023-11-22,SKU_16,Category_2,34,1314.5187650215184,0,36,2,11,47,39.0,32.0,34.0,0
2023-11-23,SKU_16,Category_2,16,1314.5187650215184,0,16,3,11,47,34.0,31.0,34.285714285714285,1
2023-11-24,SKU_16,Category_2,19,1314.5187650215184,0,19,4,11,47,16.0,25.0,32.142857142857146,1
2023-11-25,SKU_16,Category_2,27,1314.5187650215184,0,27,5,11,47,19.0,45.0,31.285714285714285,1
2023-11-26,SKU_16,Category_2,55,1314.5187650215184,0,93,6,11,47,27.0,51.0,28.714285714285715,0
2023-11-27,SKU_16,Category_2,40,1314.5187650215184,0,51,0,11,48,55.0,15.0,29.285714285714285,0
2023-11-28,SKU_16,Category_2,32,1314.5187650215184,0,90,1,11,48,40.0,39.0,32.857142857142854,0
2023-11-29,SKU_16,Category_2,42,1314.5187650215184,0,99,2,11,48,32.0,34.0,31.857142857142858,0
2023-11-30,SKU_16,Category_2,37,1314.5187650215184,0,84,3,11,48,42.0,16.0,33.0,0
2023-12-01,SKU_16,Category_2,32,1314.5187650215184,0,79,4,12,48,37.0,19.0,36.0,0
2023-12-02,SKU_16,Category_2,16,1314.5187650215184,0,16,5,12,48,32.0,27.0,37.857142857142854,1
2023-12-03,SKU_16,Category_2,10,1314.5187650215184,0,10,6,12,48,16.0,55.0,36.285714285714285,1
2023-12-04,SKU_16,Category_2,47,1314.5187650215184,0,63,0,12,49,10.0,40.0,29.857142857142858,0
2023-12-05,SKU_16,Category_2,19,1314.5187650215184,0,19,1,12,49,47.0,32.0,30.857142857142858,1
2023-12-06,SKU_16,Category_2,17,1314.5187650215184,0,17,2,12,49,19.0,42.0,29.0,1
2023-12-07,SKU_16,Category_2,36,1314.5187650215184,0,64,3,12,49,17.0,37.0,25.428571428571427,0
2023-12-08,SKU_16,Category_2,39,1314.5187650215184,0,97,4,12,49,36.0,32.0,25.285714285714285,0
2023-12-09,SKU_16,Category_2,32,1314.5187650215184,0,32,5,12,49,39.0,16.0,26.285714285714285,1
2023-12-10,SKU_16,Category_2,41,1314.5187650215184,0,55,6,12,49,32.0,10.0,28.571428571428573,0
2023-12-11,SKU_16,Category_2,31,1314.5187650215184,0,47,0,12,50,41.0,47.0,33.0,0
2023-12-12,SKU_16,Category_2,33,1314.5187650215184,0,82,1,12,50,31.0,19.0,30.714285714285715,0
2023-12-13,SKU_16,Category_2,18,1314.5187650215184,0,18,2,12,50,33.0,17.0,32.714285714285715,1
2023-12-14,SKU_16,Category_2,46,1314.5187650215184,0,67,3,12,50,18.0,36.0,32.857142857142854,0
2023-12-15,SKU_16,Category_2,34,1314.5187650215184,0,90,4,12,50,46.0,39.0,34.285714285714285,0
2023-12-16,SKU_16,Category_2,45,1314.5187650215184,0,57,5,12,50,34.0,32.0,33.57142857142857,0
2023-12-17,SKU_16,Category_2,46,1314.5187650215184,0,90,6,12,50,45.0,41.0,35.42857142857143,0
2023-12-18,SKU_16,Category_2,30,1314.5187650215184,0,30,0,12,51,46.0,31.0,36.142857142857146,1
2023-12-19,SKU_16,Category_2,36,1314.5187650215184,0,36,1,12,51,30.0,33.0,36.0,1
2023-12-20,SKU_16,Category_2,31,1314.5187650215184,0,68,2,12,51,36.0,18.0,36.42857142857143,0
2023-12-21,SKU_16,Category_2,23,1314.5187650215184,0,23,3,12,51,31.0,46.0,38.285714285714285,1
2023-12-22,SKU_16,Category_2,32,1314.5187650215184,0,89,4,12,51,23.0,34.0,35.0,0
2023-12-23,SKU_16,Category_2,51,1314.5187650215184,0,59,5,12,51,32.0,45.0,34.714285714285715,0
2023-12-24,SKU_16,Category_2,50,1314.5187650215184,0,79,6,12,51,51.0,46.0,35.57142857142857,0
2023-12-25,SKU_16,Category_2,39,1314.5187650215184,0,75,0,12,52,50.0,30.0,36.142857142857146,0
2023-12-26,SKU_16,Category_2,11,1314.5187650215184,0,11,1,12,52,39.0,36.0,37.42857142857143,1
2023-12-27,SKU_16,Category_2,41,1314.5187650215184,0,58,2,12,52,11.0,31.0,33.857142857142854,0
2023-12-28,SKU_16,Category_2,37,1314.5187650215184,0,94,3,12,52,41.0,23.0,35.285714285714285,0
2023-12-29,SKU_16,Category_2,36,1314.5187650215184,0,94,4,12,52,37.0,32.0,37.285714285714285,0
2023-12-30,SKU_16,Category_2,44,1314.5187650215184,0,97,5,12,52,36.0,51.0,37.857142857142854,0
2023-12-31,SKU_16,Category_2,39,1314.5187650215184,0,85,6,12,52,44.0,50.0,36.857142857142854,0
2023-01-08,SKU_17,Category_3,27,1964.9909558152133,0,27,6,1,1,27.0,51.0,35.42857142857143,1
2023-01-09,SKU_17,Category_3,39,1964.9909558152133,0,47,0,1,2,27.0,53.0,32.0,0
2023-01-10,SKU_17,Category_3,18,1964.9909558152133,0,18,1,1,2,39.0,42.0,30.0,1
2023-01-11,SKU_17,Category_3,35,1964.9909558152133,0,99,2,1,2,18.0,14.0,26.571428571428573,0
2023-01-12,SKU_17,Category_3,29,1964.9909558152133,0,29,3,1,2,35.0,28.0,29.571428571428573,1
2023-01-13,SKU_17,Category_3,28,1964.9909558152133,0,28,4,1,2,29.0,33.0,29.714285714285715,1
2023-01-14,SKU_17,Category_3,65,1964.9909558152133,1,65,5,1,2,28.0,27.0,29.0,1
2023-01-15,SKU_17,Category_3,56,1964.9909558152133,0,96,6,1,2,65.0,27.0,34.42857142857143,0
2023-01-16,SKU_17,Category_3,50,1964.9909558152133,0,91,0,1,3,56.0,39.0,38.57142857142857,0
2023-01-17,SKU_17,Category_3,41,1964.9909558152133,0,48,1,1,3,50.0,18.0,40.142857142857146,0
2023-01-18,SKU_17,Category_3,53,1964.9909558152133,0,70,2,1,3,41.0,35.0,43.42857142857143,0
2023-01-19,SKU_17,Category_3,31,1964.9909558152133,0,67,3,1,3,53.0,29.0,46.0,0
2023-01-20,SKU_17,Category_3,48,1964.9909558152133,0,83,4,1,3,31.0,28.0,46.285714285714285,0
2023-01-21,SKU_17,Category_3,60,1964.9909558152133,1,60,5,1,3,48.0,65.0,49.142857142857146,1
2023-01-22,SKU_17,Category_3,50,1964.9909558152133,0,82,6,1,3,60.0,56.0,48.42857142857143,0
2023-01-23,SKU_17,Category_3,55,1964.9909558152133,0,84,0,1,4,50.0,50.0,47.57142857142857,0
2023-01-24,SKU_17,Category_3,28,1964.9909558152133,1,28,1,1,4,55.0,41.0,48.285714285714285,1
2023-01-25,SKU_17,Category_3,55,1964.9909558152133,1,55,2,1,4,28.0,53.0,46.42857142857143,1
2023-01-26,SKU_17,Category_3,43,1964.9909558152133,0,84,3,1,4,55.0,31.0,46.714285714285715,0
2023-01-27,SKU_17,Category_3,43,1964.9909558152133,0,62,4,1,4,43.0,48.0,48.42857142857143,0
2023-01-28,SKU_17,Category_3,56,1964.9909558152133,0,62,5,1,4,43.0,60.0,47.714285714285715,0
2023-01-29,SKU_17,Category_3,61,1964.9909558152133,0,95,6,1,4,56.0,50.0,47.142857142857146,0
2023-01-30,SKU_17,Category_3,42,1964.9909558152133,0,42,0,1,5,61.0,55.0,48.714285714285715,1
2023-01-31,SKU_17,Category_3,42,1964.9909558152133,1,42,1,1,5,42.0,28.0,46.857142857142854,1
2023-02-01,SKU_17,Category_3,34,1964.9909558152133,0,49,2,2,5,42.0,55.0,48.857142857142854,0
2023-02-02,SKU_17,Category_3,49,1964.9909558152133,0,91,3,2,5,34.0,43.0,45.857142857142854,0
2023-02-03,SKU_17,Category_3,12,1964.9909558152133,0,12,4,2,5,49.0,43.0,46.714285714285715,1
2023-02-04,SKU_17,Category_3,67,1964.9909558152133,1,67,5,2,5,12.0,56.0,42.285714285714285,1
2023-02-05,SKU_17,Category_3,52,1964.9909558152133,0,66,6,2,5,67.0,61.0,43.857142857142854,0
2023-02-06,SKU_17,Category_3,44,1964.9909558152133,0,53,0,2,6,52.0,42.0,42.57142857142857,0
2023-02-07,SKU_17,Category_3,54,1964.9909558152133,0,89,1,2,6,44.0,42.0,42.857142857142854,0
2023-02-08,SKU_17,Category_3,25,1964.9909558152133,0,25,2,2,6,54.0,34.0,44.57142857142857,1
2023-02-09,SKU_17,Category_3,38,1964.9909558152133,0,39,3,2,6,25.0,49.0,43.285714285714285,0
2023-02-10,SKU_17,Category_3,37,1964.9909558152133,0,58,4,2,6,38.0,12.0,41.714285714285715,0
2023-02-11,SKU_17,Category_3,23,1964.9909558152133,0,23,5,2,6,37.0,67.0,45.285714285714285,1
2023-02-12,SKU_17,Category_3,43,1964.9909558152133,0,43,6,2,6,23.0,52.0,39.0,1
2023-02-13,SKU_17,Category_3,52,1964.9909558152133,0,69,0,2,7,43.0,44.0,37.714285714285715,0
2023-02-14,SKU_17,Category_3,46,1964.9909558152133,0,94,1,2,7,52.0,54.0,38.857142857142854,0
2023-02-15,SKU_17,Category_3,13,1964.9909558152133,1,13,2,2,7,46.0,25.0,37.714285714285715,1
2023-02-16,SKU_17,Category_3,47,1964.9909558152133,0,71,3,2,7,13.0,38.0,36.0,0
2023-02-17,SKU_17,Category_3,34,1964.9909558152133,1,34,4,2,7,47.0,37.0,37.285714285714285,1
2023-02-18,SKU_17,Category_3,24,1964.9909558152133,0,24,5,2,7,34.0,23.0,36.857142857142854,1
2023-02-19,SKU_17,Category_3,57,1964.9909558152133,0,89,6,2,7,24.0,43.0,37.0,0
2023-02-20,SKU_17,Category_3,41,1964.9909558152133,0,41,0,2,8,57.0,52.0,39.0,1
2023-02-21,SKU_17,Category_3,35,1964.9909558152133,0,35,1,2,8,41.0,46.0,37.42857142857143,1
2023-02-22,SKU_17,Category_3,38,1964.9909558152133,0,57,2,2,8,35.0,13.0,35.857142857142854,0
2023-02-23,SKU_17,Category_3,15,1964.9909558152133,0,15,3,2,8,38.0,47.0,39.42857142857143,1
2023-02-24,SKU_17,Category_3,20,1964.9909558152133,0,20,4,2,8,15.0,34.0,34.857142857142854,1
2023-02-25,SKU_17,Category_3,57,1964.9909558152133,0,75,5,2,8,20.0,24.0,32.857142857142854,0
2023-02-26,SKU_17,Category_3,65,1964.9909558152133,0,89,6,2,8,57.0,57.0,37.57142857142857,0
2023-02-27,SKU_17,Category_3,14,1964.9909558152133,0,14,0,2,9,65.0,41.0,38.714285714285715,1
2023-02-28,SKU_17,Category_3,60,1964.9909558152133,1,97,1,2,9,14.0,35.0,34.857142857142854,0
2023-03-01,SKU_17,Category_3,44,1964.9909558152133,0,82,2,3,9,60.0,38.0,38.42857142857143,0
2023-03-02,SKU_17,Category_3,33,1964.9909558152133,0,33,3,3,9,44.0,15.0,39.285714285714285,1
2023-03-03,SKU_17,Category_3,10,1964.9909558152133,1,10,4,3,9,33.0,20.0,41.857142857142854,1
2023-03-04,SKU_17,Category_3,64,1964.9909558152133,0,87,5,3,9,10.0,57.0,40.42857142857143,0
2023-03-05,SKU_17,Category_3,27,1964.9909558152133,0,27,6,3,9,64.0,65.0,41.42857142857143,1
2023-03-06,SKU_17,Category_3,44,1964.9909558152133,0,91,0,3,10,27.0,14.0,36.0,0
2023-03-07,SKU_17,Category_3,52,1964.9909558152133,0,94,1,3,10,44.0,60.0,40.285714285714285,0
2023-03-08,SKU_17,Category_3,48,1964.9909558152133,0,80,2,3,10,52.0,44.0,39.142857142857146,0
2023-03-09,SKU_17,Category_3,36,1964.9909558152133,0,36,3,3,10,48.0,33.0,39.714285714285715,1
2023-03-10,SKU_17,Category_3,53,1964.9909558152133,1,53,4,3,10,36.0,10.0,40.142857142857146,1
2023-03-11,SKU_17,Category_3,59,1964.9909558152133,0,82,5,3,10,53.0,64.0,46.285714285714285,0
2023-03-12,SKU_17,Category_3,45,1964.9909558152133,0,45,6,3,10,59.0,27.0,45.57142857142857,1
2023-03-13,SKU_17,Category_3,41,1964.9909558152133,0,64,0,3,11,45.0,44.0,48.142857142857146,0
2023-03-14,SKU_17,Category_3,40,1964.9909558152133,0,67,1,3,11,41.0,52.0,47.714285714285715,0
2023-03-15,SKU_17,Category_3,46,1964.9909558152133,0,66,2,3,11,40.0,48.0,46.0,0
2023-03-16,SKU_17,Category_3,44,1964.9909558152133,0,44,3,3,11,46.0,36.0,45.714285714285715,1
2023-03-17,SKU_17,Category_3,45,1964.9909558152133,0,76,4,3,11,44.0,53.0,46.857142857142854,0
2023-03-18,SKU_17,Category_3,64,1964.9909558152133,0,76,5,3,11,45.0,59.0,45.714285714285715,0
2023-03-19,SKU_17,Category_3,52,1964.9909558152133,0,87,6,3,11,64.0,45.0,46.42857142857143,0
2023-03-20,SKU_17,Category_3,49,1964.9909558152133,0,86,0,3,12,52.0,41.0,47.42857142857143,0
2023-03-21,SKU_17,Category_3,46,1964.9909558152133,0,83,1,3,12,49.0,40.0,48.57142857142857,0
2023-03-22,SKU_17,Category_3,34,1964.9909558152133,1,34,2,3,12,46.0,46.0,49.42857142857143,1
2023-03-23,SKU_17,Category_3,39,1964.9909558152133,0,64,3,3,12,34.0,44.0,47.714285714285715,0
2023-03-24,SKU_17,Category_3,45,1964.9909558152133,0,79,4,3,12,39.0,45.0,47.0,0
2023-03-25,SKU_17,Category_3,59,1964.9909558152133,0,82,5,3,12,45.0,64.0,47.0,0
2023-03-26,SKU_17,Category_3,47,1964.9909558152133,0,53,6,3,12,59.0,52.0,46.285714285714285,0
2023-03-27,SKU_17,Category_3,19,1964.9909558152133,0,19,0,3,13,47.0,49.0,45.57142857142857,1
2023-03-28,SKU_17,Category_3,41,1964.9909558152133,0,87,1,3,13,19.0,46.0,41.285714285714285,0
2023-03-29,SKU_17,Category_3,43,1964.9909558152133,0,43,2,3,13,41.0,34.0,40.57142857142857,1
2023-03-30,SKU_17,Category_3,40,1964.9909558152133,0,98,3,3,13,43.0,39.0,41.857142857142854,0
2023-03-31,SKU_17,Category_3,27,1964.9909558152133,0,27,4,3,13,40.0,45.0,42.0,1
2023-04-01,SKU_17,Category_3,47,1964.9909558152133,0,47,5,4,13,27.0,59.0,39.42857142857143,1
2023-04-02,SKU_17,Category_3,71,1964.9909558152133,1,71,6,4,13,47.0,47.0,37.714285714285715,1
2023-04-03,SKU_17,Category_3,32,1964.9909558152133,1,32,0,4,14,71.0,19.0,41.142857142857146,1
2023-04-04,SKU_17,Category_3,41,1964.9909558152133,0,91,1,4,14,32.0,41.0,43.0,0
2023-04-05,SKU_17,Category_3,44,1964.9909558152133,0,66,2,4,14,41.0,43.0,43.0,0
2023-04-06,SKU_17,Category_3,38,1964.9909558152133,0,98,3,4,14,44.0,40.0,43.142857142857146,0
2023-04-07,SKU_17,Category_3,40,1964.9909558152133,0,89,4,4,14,38.0,27.0,42.857142857142854,0
2023-04-08,SKU_17,Category_3,30,1964.9909558152133,0,30,5,4,14,40.0,47.0,44.714285714285715,1
2023-04-09,SKU_17,Category_3,38,1964.9909558152133,0,38,6,4,14,30.0,71.0,42.285714285714285,1
2023-04-10,SKU_17,Category_3,42,1964.9909558152133,1,42,0,4,15,38.0,32.0,37.57142857142857,1
2023-04-11,SKU_17,Category_3,40,1964.9909558152133,0,91,1,4,15,42.0,41.0,39.0,0
2023-04-12,SKU_17,Category_3,61,1964.9909558152133,1,61,2,4,15,40.0,44.0,38.857142857142854,1
2023-04-13,SKU_17,Category_3,22,1964.9909558152133,0,22,3,4,15,61.0,38.0,41.285714285714285,1
2023-04-14,SKU_17,Category_3,47,1964.9909558152133,0,98,4,4,15,22.0,40.0,39.0,0
2023-04-15,SKU_17,Category_3,35,1964.9909558152133,0,35,5,4,15,47.0,30.0,40.0,1
2023-04-16,SKU_17,Category_3,68,1964.9909558152133,1,68,6,4,15,35.0,38.0,40.714285714285715,1
2023-04-17,SKU_17,Category_3,38,1964.9909558152133,0,67,0,4,16,68.0,42.0,45.0,0
2023-04-18,SKU_17,Category_3,19,1964.9909558152133,0,19,1,4,16,38.0,40.0,44.42857142857143,1
2023-04-19,SKU_17,Category_3,12,1964.9909558152133,0,12,2,4,16,19.0,61.0,41.42857142857143,1
2023-04-20,SKU_17,Category_3,46,1964.9909558152133,0,94,3,4,16,12.0,22.0,34.42857142857143,0
2023-04-21,SKU_17,Category_3,39,1964.9909558152133,0,39,4,4,16,46.0,47.0,37.857142857142854,1
2023-04-22,SKU_17,Category_3,59,1964.9909558152133,0,77,5,4,16,39.0,35.0,36.714285714285715,0
2023-04-23,SKU_17,Category_3,59,1964.9909558152133,0,81,6,4,16,59.0,68.0,40.142857142857146,0
2023-04-24,SKU_17,Category_3,37,1964.9909558152133,0,37,0,4,17,59.0,38.0,38.857142857142854,1
2023-04-25,SKU_17,Category_3,42,1964.9909558152133,0,46,1,4,17,37.0,19.0,38.714285714285715,0
2023-04-26,SKU_17,Category_3,50,1964.9909558152133,0,94,2,4,17,42.0,12.0,42.0,0
2023-04-27,SKU_17,Category_3,44,1964.9909558152133,0,54,3,4,17,50.0,46.0,47.42857142857143,0
2023-04-28,SKU_17,Category_3,38,1964.9909558152133,0,62,4,4,17,44.0,39.0,47.142857142857146,0
2023-04-29,SKU_17,Category_3,23,1964.9909558152133,0,23,5,4,17,38.0,59.0,47.0,1
2023-04-30,SKU_17,Category_3,50,1964.9909558152133,0,63,6,4,17,23.0,59.0,41.857142857142854,0
2023-05-01,SKU_17,Category_3,50,1964.9909558152133,0,61,0,5,18,50.0,37.0,40.57142857142857,0
2023-05-02,SKU_17,Category_3,37,1964.9909558152133,0,37,1,5,18,50.0,42.0,42.42857142857143,1
2023-05-03,SKU_17,Category_3,48,1964.9909558152133,0,57,2,5,18,37.0,50.0,41.714285714285715,0
2023-05-04,SKU_17,Category_3,48,1964.9909558152133,0,69,3,5,18,48.0,44.0,41.42857142857143,0
2023-05-05,SKU_17,Category_3,34,1964.9909558152133,0,62,4,5,18,48.0,38.0,42.0,0
2023-05-06,SKU_17,Category_3,18,1964.9909558152133,0,18,5,5,18,34.0,23.0,41.42857142857143,1
2023-05-07,SKU_17,Category_3,61,1964.9909558152133,0,92,6,5,18,18.0,50.0,40.714285714285715,0
2023-05-08,SKU_17,Category_3,19,1964.9909558152133,0,19,0,5,19,61.0,50.0,42.285714285714285,1
2023-05-09,SKU_17,Category_3,13,1964.9909558152133,0,13,1,5,19,19.0,37.0,37.857142857142854,1
2023-05-10,SKU_17,Category_3,51,1964.9909558152133,0,55,2,5,19,13.0,48.0,34.42857142857143,0
2023-05-11,SKU_17,Category_3,44,1964.9909558152133,0,44,3,5,19,51.0,48.0,34.857142857142854,1
2023-05-12,SKU_17,Category_3,30,1964.9909558152133,0,30,4,5,19,44.0,34.0,34.285714285714285,1
2023-05-13,SKU_17,Category_3,44,1964.9909558152133,0,44,5,5,19,30.0,18.0,33.714285714285715,1
2023-05-14,SKU_17,Category_3,22,1964.9909558152133,0,22,6,5,19,44.0,61.0,37.42857142857143,1
2023-05-15,SKU_17,Category_3,38,1964.9909558152133,0,44,0,5,20,22.0,19.0,31.857142857142858,0
2023-05-16,SKU_17,Category_3,50,1964.9909558152133,0,62,1,5,20,38.0,13.0,34.57142857142857,0
2023-05-17,SKU_17,Category_3,47,1964.9909558152133,0,52,2,5,20,50.0,51.0,39.857142857142854,0
2023-05-18,SKU_17,Category_3,25,1964.9909558152133,0,25,3,5,20,47.0,44.0,39.285714285714285,1
2023-05-19,SKU_17,Category_3,32,1964.9909558152133,0,95,4,5,20,25.0,30.0,36.57142857142857,0
2023-05-20,SKU_17,Category_3,28,1964.9909558152133,0,28,5,5,20,32.0,44.0,36.857142857142854,1
2023-05-21,SKU_17,Category_3,67,1964.9909558152133,0,84,6,5,20,28.0,22.0,34.57142857142857,0
2023-05-22,SKU_17,Category_3,38,1964.9909558152133,0,56,0,5,21,67.0,38.0,41.0,0
2023-05-23,SKU_17,Category_3,39,1964.9909558152133,0,75,1,5,21,38.0,50.0,41.0,0
2023-05-24,SKU_17,Category_3,49,1964.9909558152133,1,49,2,5,21,39.0,47.0,39.42857142857143,1
2023-05-25,SKU_17,Category_3,43,1964.9909558152133,0,71,3,5,21,49.0,25.0,39.714285714285715,0
2023-05-26,SKU_17,Category_3,43,1964.9909558152133,0,58,4,5,21,43.0,32.0,42.285714285714285,0
2023-05-27,SKU_17,Category_3,41,1964.9909558152133,0,41,5,5,21,43.0,28.0,43.857142857142854,1
2023-05-28,SKU_17,Category_3,49,1964.9909558152133,0,69,6,5,21,41.0,67.0,45.714285714285715,0
2023-05-29,SKU_17,Category_3,41,1964.9909558152133,0,76,0,5,22,49.0,38.0,43.142857142857146,0
2023-05-30,SKU_17,Category_3,27,1964.9909558152133,0,27,1,5,22,41.0,39.0,43.57142857142857,1
2023-05-31,SKU_17,Category_3,41,1964.9909558152133,0,45,2,5,22,27.0,49.0,41.857142857142854,0
2023-06-01,SKU_17,Category_3,43,1964.9909558152133,0,43,3,6,22,41.0,43.0,40.714285714285715,1
2023-06-02,SKU_17,Category_3,49,1964.9909558152133,0,49,4,6,22,43.0,43.0,40.714285714285715,1
2023-06-03,SKU_17,Category_3,23,1964.9909558152133,0,23,5,6,22,49.0,41.0,41.57142857142857,1
2023-06-04,SKU_17,Category_3,64,1964.9909558152133,0,86,6,6,22,23.0,49.0,39.0,0
2023-06-05,SKU_17,Category_3,38,1964.9909558152133,0,38,0,6,23,64.0,41.0,41.142857142857146,1
2023-06-06,SKU_17,Category_3,43,1964.9909558152133,0,65,1,6,23,38.0,27.0,40.714285714285715,0
2023-06-07,SKU_17,Category_3,45,1964.9909558152133,0,85,2,6,23,43.0,41.0,43.0,0
2023-06-08,SKU_17,Category_3,25,1964.9909558152133,0,25,3,6,23,45.0,43.0,43.57142857142857,1
2023-06-09,SKU_17,Category_3,45,1964.9909558152133,0,95,4,6,23,25.0,49.0,41.0,0
2023-06-10,SKU_17,Category_3,56,1964.9909558152133,0,65,5,6,23,45.0,23.0,40.42857142857143,0
2023-06-11,SKU_17,Category_3,57,1964.9909558152133,0,87,6,6,23,56.0,64.0,45.142857142857146,0
2023-06-12,SKU_17,Category_3,48,1964.9909558152133,0,85,0,6,24,57.0,38.0,44.142857142857146,0
2023-06-13,SKU_17,Category_3,45,1964.9909558152133,0,61,1,6,24,48.0,43.0,45.57142857142857,0
2023-06-14,SKU_17,Category_3,14,1964.9909558152133,0,14,2,6,24,45.0,45.0,45.857142857142854,1
2023-06-15,SKU_17,Category_3,16,1964.9909558152133,0,16,3,6,24,14.0,25.0,41.42857142857143,1
2023-06-16,SKU_17,Category_3,68,1964.9909558152133,1,83,4,6,24,16.0,45.0,40.142857142857146,0
2023-06-17,SKU_17,Category_3,29,1964.9909558152133,0,29,5,6,24,68.0,56.0,43.42857142857143,1
2023-06-18,SKU_17,Category_3,48,1964.9909558152133,0,63,6,6,24,29.0,57.0,39.57142857142857,0
2023-06-19,SKU_17,Category_3,40,1964.9909558152133,0,89,0,6,25,48.0,48.0,38.285714285714285,0
2023-06-20,SKU_17,Category_3,32,1964.9909558152133,0,32,1,6,25,40.0,45.0,37.142857142857146,1
2023-06-21,SKU_17,Category_3,44,1964.9909558152133,0,97,2,6,25,32.0,14.0,35.285714285714285,0
2023-06-22,SKU_17,Category_3,42,1964.9909558152133,0,42,3,6,25,44.0,16.0,39.57142857142857,1
2023-06-23,SKU_17,Category_3,31,1964.9909558152133,0,31,4,6,25,42.0,68.0,43.285714285714285,1
2023-06-24,SKU_17,Category_3,60,1964.9909558152133,0,60,5,6,25,31.0,29.0,38.0,1
2023-06-25,SKU_17,Category_3,54,1964.9909558152133,0,54,6,6,25,60.0,48.0,42.42857142857143,1
2023-06-26,SKU_17,Category_3,22,1964.9909558152133,1,22,0,6,26,54.0,40.0,43.285714285714285,1
2023-06-27,SKU_17,Category_3,30,1964.9909558152133,0,30,1,6,26,22.0,32.0,40.714285714285715,1
2023-06-28,SKU_17,Category_3,30,1964.9909558152133,0,30,2,6,26,30.0,44.0,40.42857142857143,1
2023-06-29,SKU_17,Category_3,39,1964.9909558152133,0,85,3,6,26,30.0,42.0,38.42857142857143,0
2023-06-30,SKU_17,Category_3,47,1964.9909558152133,0,84,4,6,26,39.0,31.0,38.0,0
2023-07-01,SKU_17,Category_3,43,1964.9909558152133,0,88,5,7,26,47.0,60.0,40.285714285714285,0
2023-07-02,SKU_17,Category_3,28,1964.9909558152133,1,28,6,7,26,43.0,54.0,37.857142857142854,1
2023-07-03,SKU_17,Category_3,47,1964.9909558152133,0,90,0,7,27,28.0,22.0,34.142857142857146,0
2023-07-04,SKU_17,Category_3,43,1964.9909558152133,0,67,1,7,27,47.0,30.0,37.714285714285715,0
2023-07-05,SKU_17,Category_3,35,1964.9909558152133,0,35,2,7,27,43.0,30.0,39.57142857142857,1
2023-07-06,SKU_17,Category_3,49,1964.9909558152133,0,93,3,7,27,35.0,39.0,40.285714285714285,0
2023-07-07,SKU_17,Category_3,69,1964.9909558152133,1,78,4,7,27,49.0,47.0,41.714285714285715,0
2023-07-08,SKU_17,Category_3,20,1964.9909558152133,0,20,5,7,27,69.0,43.0,44.857142857142854,1
2023-07-09,SKU_17,Category_3,28,1964.9909558152133,0,28,6,7,27,20.0,28.0,41.57142857142857,1
2023-07-10,SKU_17,Category_3,10,1964.9909558152133,0,10,0,7,28,28.0,47.0,41.57142857142857,1
2023-07-11,SKU_17,Category_3,34,1964.9909558152133,0,75,1,7,28,10.0,43.0,36.285714285714285,0
2023-07-12,SKU_17,Category_3,52,1964.9909558152133,0,94,2,7,28,34.0,35.0,35.0,0
2023-07-13,SKU_17,Category_3,11,1964.9909558152133,0,11,3,7,28,52.0,49.0,37.42857142857143,1
2023-07-14,SKU_17,Category_3,28,1964.9909558152133,0,32,4,7,28,11.0,69.0,32.0,0
2023-07-15,SKU_17,Category_3,53,1964.9909558152133,0,99,5,7,28,28.0,20.0,26.142857142857142,0
2023-07-16,SKU_17,Category_3,60,1964.9909558152133,1,60,6,7,28,53.0,28.0,30.857142857142858,1
2023-07-17,SKU_17,Category_3,40,1964.9909558152133,0,90,0,7,29,60.0,10.0,35.42857142857143,0
2023-07-18,SKU_17,Category_3,18,1964.9909558152133,0,18,1,7,29,40.0,34.0,39.714285714285715,1
2023-07-19,SKU_17,Category_3,44,1964.9909558152133,0,59,2,7,29,18.0,52.0,37.42857142857143,0
2023-07-20,SKU_17,Category_3,45,1964.9909558152133,0,70,3,7,29,44.0,11.0,36.285714285714285,0
2023-07-21,SKU_17,Category_3,34,1964.9909558152133,0,34,4,7,29,45.0,28.0,41.142857142857146,1
2023-07-22,SKU_17,Category_3,28,1964.9909558152133,0,28,5,7,29,34.0,53.0,42.0,1
2023-07-23,SKU_17,Category_3,25,1964.9909558152133,0,25,6,7,29,28.0,60.0,38.42857142857143,1
2023-07-24,SKU_17,Category_3,49,1964.9909558152133,0,78,0,7,30,25.0,40.0,33.42857142857143,0
2023-07-25,SKU_17,Category_3,34,1964.9909558152133,0,34,1,7,30,49.0,18.0,34.714285714285715,1
2023-07-26,SKU_17,Category_3,21,1964.9909558152133,0,21,2,7,30,34.0,44.0,37.0,1
2023-07-27,SKU_17,Category_3,30,1964.9909558152133,0,30,3,7,30,21.0,45.0,33.714285714285715,1
2023-07-28,SKU_17,Category_3,42,1964.9909558152133,0,42,4,7,30,30.0,34.0,31.571428571428573,1
2023-07-29,SKU_17,Category_3,57,1964.9909558152133,0,86,5,7,30,42.0,28.0,32.714285714285715,0
2023-07-30,SKU_17,Category_3,55,1964.9909558152133,0,97,6,7,30,57.0,25.0,36.857142857142854,0
2023-07-31,SKU_17,Category_3,38,1964.9909558152133,0,55,0,7,31,55.0,49.0,41.142857142857146,0
2023-08-01,SKU_17,Category_3,16,1964.9909558152133,0,16,1,8,31,38.0,34.0,39.57142857142857,1
2023-08-02,SKU_17,Category_3,44,1964.9909558152133,0,63,2,8,31,16.0,21.0,37.0,0
2023-08-03,SKU_17,Category_3,36,1964.9909558152133,0,36,3,8,31,44.0,30.0,40.285714285714285,1
2023-08-04,SKU_17,Category_3,20,1964.9909558152133,0,20,4,8,31,36.0,42.0,41.142857142857146,1
2023-08-05,SKU_17,Category_3,23,1964.9909558152133,0,23,5,8,31,20.0,57.0,38.0,1
2023-08-06,SKU_17,Category_3,50,1964.9909558152133,0,50,6,8,31,23.0,55.0,33.142857142857146,1
2023-08-07,SKU_17,Category_3,13,1964.9909558152133,0,13,0,8,32,50.0,38.0,32.42857142857143,1
2023-08-08,SKU_17,Category_3,44,1964.9909558152133,0,67,1,8,32,13.0,16.0,28.857142857142858,0
2023-08-09,SKU_17,Category_3,28,1964.9909558152133,0,28,2,8,32,44.0,44.0,32.857142857142854,1
2023-08-10,SKU_17,Category_3,49,1964.9909558152133,0,71,3,8,32,28.0,36.0,30.571428571428573,0
2023-08-11,SKU_17,Category_3,64,1964.9909558152133,1,93,4,8,32,49.0,20.0,32.42857142857143,0
2023-08-12,SKU_17,Category_3,54,1964.9909558152133,0,70,5,8,32,64.0,23.0,38.714285714285715,0
2023-08-13,SKU_17,Category_3,52,1964.9909558152133,0,61,6,8,32,54.0,50.0,43.142857142857146,0
2023-08-14,SKU_17,Category_3,43,1964.9909558152133,0,47,0,8,33,52.0,13.0,43.42857142857143,0
2023-08-15,SKU_17,Category_3,53,1964.9909558152133,0,78,1,8,33,43.0,44.0,47.714285714285715,0
2023-08-16,SKU_17,Category_3,46,1964.9909558152133,0,58,2,8,33,53.0,28.0,49.0,0
2023-08-17,SKU_17,Category_3,48,1964.9909558152133,0,94,3,8,33,46.0,49.0,51.57142857142857,0
2023-08-18,SKU_17,Category_3,10,1964.9909558152133,0,10,4,8,33,48.0,64.0,51.42857142857143,1
2023-08-19,SKU_17,Category_3,76,1964.9909558152133,1,76,5,8,33,10.0,54.0,43.714285714285715,1
2023-08-20,SKU_17,Category_3,28,1964.9909558152133,0,28,6,8,33,76.0,52.0,46.857142857142854,1
2023-08-21,SKU_17,Category_3,45,1964.9909558152133,0,75,0,8,34,28.0,43.0,43.42857142857143,0
2023-08-22,SKU_17,Category_3,43,1964.9909558152133,0,90,1,8,34,45.0,53.0,43.714285714285715,0
2023-08-23,SKU_17,Category_3,15,1964.9909558152133,0,15,2,8,34,43.0,46.0,42.285714285714285,1
2023-08-24,SKU_17,Category_3,34,1964.9909558152133,0,76,3,8,34,15.0,48.0,37.857142857142854,0
2023-08-25,SKU_17,Category_3,30,1964.9909558152133,1,30,4,8,34,34.0,10.0,35.857142857142854,1
2023-08-26,SKU_17,Category_3,53,1964.9909558152133,0,89,5,8,34,30.0,76.0,38.714285714285715,0
2023-08-27,SKU_17,Category_3,13,1964.9909558152133,1,13,6,8,34,53.0,28.0,35.42857142857143,1
2023-08-28,SKU_17,Category_3,42,1964.9909558152133,0,42,0,8,35,13.0,45.0,33.285714285714285,1
2023-08-29,SKU_17,Category_3,38,1964.9909558152133,0,88,1,8,35,42.0,43.0,32.857142857142854,0
2023-08-30,SKU_17,Category_3,27,1964.9909558152133,0,27,2,8,35,38.0,15.0,32.142857142857146,1
2023-08-31,SKU_17,Category_3,28,1964.9909558152133,0,28,3,8,35,27.0,34.0,33.857142857142854,1
2023-09-01,SKU_17,Category_3,38,1964.9909558152133,0,38,4,9,35,28.0,30.0,33.0,1
2023-09-02,SKU_17,Category_3,36,1964.9909558152133,0,36,5,9,35,38.0,53.0,34.142857142857146,1
2023-09-03,SKU_17,Category_3,61,1964.9909558152133,0,79,6,9,35,36.0,13.0,31.714285714285715,0
2023-09-04,SKU_17,Category_3,27,1964.9909558152133,0,27,0,9,36,61.0,42.0,38.57142857142857,1
2023-09-05,SKU_17,Category_3,32,1964.9909558152133,1,32,1,9,36,27.0,38.0,36.42857142857143,1
2023-09-06,SKU_17,Category_3,42,1964.9909558152133,0,42,2,9,36,32.0,27.0,35.57142857142857,1
2023-09-07,SKU_17,Category_3,42,1964.9909558152133,0,74,3,9,36,42.0,28.0,37.714285714285715,0
2023-09-08,SKU_17,Category_3,40,1964.9909558152133,0,46,4,9,36,42.0,38.0,39.714285714285715,0
2023-09-09,SKU_17,Category_3,55,1964.9909558152133,0,82,5,9,36,40.0,36.0,40.0,0
2023-09-10,SKU_17,Category_3,21,1964.9909558152133,0,21,6,9,36,55.0,61.0,42.714285714285715,1
2023-09-11,SKU_17,Category_3,28,1964.9909558152133,0,28,0,9,37,21.0,27.0,37.0,1
2023-09-12,SKU_17,Category_3,48,1964.9909558152133,0,71,1,9,37,28.0,32.0,37.142857142857146,0
2023-09-13,SKU_17,Category_3,40,1964.9909558152133,0,40,2,9,37,48.0,42.0,39.42857142857143,1
2023-09-14,SKU_17,Category_3,47,1964.9909558152133,1,47,3,9,37,40.0,42.0,39.142857142857146,1
2023-09-15,SKU_17,Category_3,38,1964.9909558152133,0,38,4,9,37,47.0,40.0,39.857142857142854,1
2023-09-16,SKU_17,Category_3,57,1964.9909558152133,0,77,5,9,37,38.0,55.0,39.57142857142857,0
2023-09-17,SKU_17,Category_3,29,1964.9909558152133,0,29,6,9,37,57.0,21.0,39.857142857142854,1
2023-09-18,SKU_17,Category_3,61,1964.9909558152133,1,61,0,9,38,29.0,28.0,41.0,1
2023-09-19,SKU_17,Category_3,35,1964.9909558152133,0,45,1,9,38,61.0,48.0,45.714285714285715,0
2023-09-20,SKU_17,Category_3,34,1964.9909558152133,0,82,2,9,38,35.0,40.0,43.857142857142854,0
2023-09-21,SKU_17,Category_3,52,1964.9909558152133,0,55,3,9,38,34.0,47.0,43.0,0
2023-09-22,SKU_17,Category_3,24,1964.9909558152133,0,24,4,9,38,52.0,38.0,43.714285714285715,1
2023-09-23,SKU_17,Category_3,54,1964.9909558152133,0,89,5,9,38,24.0,57.0,41.714285714285715,0
2023-09-24,SKU_17,Category_3,37,1964.9909558152133,0,37,6,9,38,54.0,29.0,41.285714285714285,1
2023-09-25,SKU_17,Category_3,59,1964.9909558152133,1,69,0,9,39,37.0,61.0,42.42857142857143,0
2023-09-26,SKU_17,Category_3,20,1964.9909558152133,0,20,1,9,39,59.0,35.0,42.142857142857146,1
2023-09-27,SKU_17,Category_3,40,1964.9909558152133,0,98,2,9,39,20.0,34.0,40.0,0
2023-09-28,SKU_17,Category_3,54,1964.9909558152133,0,98,3,9,39,40.0,52.0,40.857142857142854,0
2023-09-29,SKU_17,Category_3,41,1964.9909558152133,0,85,4,9,39,54.0,24.0,41.142857142857146,0
2023-09-30,SKU_17,Category_3,51,1964.9909558152133,0,59,5,9,39,41.0,54.0,43.57142857142857,0
2023-10-01,SKU_17,Category_3,54,1964.9909558152133,0,91,6,10,39,51.0,37.0,43.142857142857146,0
2023-10-02,SKU_17,Category_3,38,1964.9909558152133,0,79,0,10,40,54.0,59.0,45.57142857142857,0
2023-10-03,SKU_17,Category_3,50,1964.9909558152133,0,94,1,10,40,38.0,20.0,42.57142857142857,0
2023-10-04,SKU_17,Category_3,51,1964.9909558152133,0,94,2,10,40,50.0,40.0,46.857142857142854,0
2023-10-05,SKU_17,Category_3,36,1964.9909558152133,0,36,3,10,40,51.0,54.0,48.42857142857143,1
2023-10-06,SKU_17,Category_3,46,1964.9909558152133,0,46,4,10,40,36.0,41.0,45.857142857142854,1
2023-10-07,SKU_17,Category_3,57,1964.9909558152133,0,57,5,10,40,46.0,51.0,46.57142857142857,1
2023-10-08,SKU_17,Category_3,13,1964.9909558152133,0,13,6,10,40,57.0,54.0,47.42857142857143,1
2023-10-09,SKU_17,Category_3,49,1964.9909558152133,0,70,0,10,41,13.0,38.0,41.57142857142857,0
2023-10-10,SKU_17,Category_3,42,1964.9909558152133,0,68,1,10,41,49.0,50.0,43.142857142857146,0
2023-10-11,SKU_17,Category_3,42,1964.9909558152133,0,82,2,10,41,42.0,51.0,42.0,0
2023-10-12,SKU_17,Category_3,17,1964.9909558152133,0,17,3,10,41,42.0,36.0,40.714285714285715,1
2023-10-13,SKU_17,Category_3,47,1964.9909558152133,0,52,4,10,41,17.0,46.0,38.0,0
2023-10-14,SKU_17,Category_3,48,1964.9909558152133,0,48,5,10,41,47.0,57.0,38.142857142857146,1
2023-10-15,SKU_17,Category_3,11,1964.9909558152133,0,11,6,10,41,48.0,13.0,36.857142857142854,1
2023-10-16,SKU_17,Category_3,49,1964.9909558152133,0,78,0,10,42,11.0,49.0,36.57142857142857,0
2023-10-17,SKU_17,Category_3,40,1964.9909558152133,0,42,1,10,42,49.0,42.0,36.57142857142857,0
2023-10-18,SKU_17,Category_3,20,1964.9909558152133,0,20,2,10,42,40.0,42.0,36.285714285714285,1
2023-10-19,SKU_17,Category_3,37,1964.9909558152133,0,81,3,10,42,20.0,17.0,33.142857142857146,0
2023-10-20,SKU_17,Category_3,30,1964.9909558152133,0,30,4,10,42,37.0,47.0,36.0,1
2023-10-21,SKU_17,Category_3,53,1964.9909558152133,0,79,5,10,42,30.0,48.0,33.57142857142857,0
2023-10-22,SKU_17,Category_3,25,1964.9909558152133,0,25,6,10,42,53.0,11.0,34.285714285714285,1
2023-10-23,SKU_17,Category_3,44,1964.9909558152133,0,44,0,10,43,25.0,49.0,36.285714285714285,1
2023-10-24,SKU_17,Category_3,43,1964.9909558152133,0,47,1,10,43,44.0,40.0,35.57142857142857,0
2023-10-25,SKU_17,Category_3,39,1964.9909558152133,0,86,2,10,43,43.0,20.0,36.0,0
2023-10-26,SKU_17,Category_3,26,1964.9909558152133,0,26,3,10,43,39.0,37.0,38.714285714285715,1
2023-10-27,SKU_17,Category_3,45,1964.9909558152133,0,66,4,10,43,26.0,30.0,37.142857142857146,0
2023-10-28,SKU_17,Category_3,39,1964.9909558152133,0,39,5,10,43,45.0,53.0,39.285714285714285,1
2023-10-29,SKU_17,Category_3,56,1964.9909558152133,0,80,6,10,43,39.0,25.0,37.285714285714285,0
2023-10-30,SKU_17,Category_3,31,1964.9909558152133,0,31,0,10,44,56.0,44.0,41.714285714285715,1
2023-10-31,SKU_17,Category_3,15,1964.9909558152133,0,15,1,10,44,31.0,43.0,39.857142857142854,1
2023-11-01,SKU_17,Category_3,44,1964.9909558152133,0,83,2,11,44,15.0,39.0,35.857142857142854,0
2023-11-02,SKU_17,Category_3,39,1964.9909558152133,0,95,3,11,44,44.0,26.0,36.57142857142857,0
2023-11-03,SKU_17,Category_3,20,1964.9909558152133,0,20,4,11,44,39.0,45.0,38.42857142857143,1
2023-11-04,SKU_17,Category_3,17,1964.9909558152133,0,17,5,11,44,20.0,39.0,34.857142857142854,1
2023-11-05,SKU_17,Category_3,54,1964.9909558152133,0,71,6,11,44,17.0,56.0,31.714285714285715,0
2023-11-06,SKU_17,Category_3,72,1964.9909558152133,1,85,0,11,45,54.0,31.0,31.428571428571427,0
2023-11-07,SKU_17,Category_3,41,1964.9909558152133,0,53,1,11,45,72.0,15.0,37.285714285714285,0
2023-11-08,SKU_17,Category_3,38,1964.9909558152133,0,38,2,11,45,41.0,44.0,41.0,1
2023-11-09,SKU_17,Category_3,48,1964.9909558152133,0,53,3,11,45,38.0,39.0,40.142857142857146,0
2023-11-10,SKU_17,Category_3,35,1964.9909558152133,0,93,4,11,45,48.0,20.0,41.42857142857143,0
2023-11-11,SKU_17,Category_3,47,1964.9909558152133,0,47,5,11,45,35.0,17.0,43.57142857142857,1
2023-11-12,SKU_17,Category_3,36,1964.9909558152133,0,36,6,11,45,47.0,54.0,47.857142857142854,1
2023-11-13,SKU_17,Category_3,38,1964.9909558152133,1,38,0,11,46,36.0,72.0,45.285714285714285,1
2023-11-14,SKU_17,Category_3,43,1964.9909558152133,0,97,1,11,46,38.0,41.0,40.42857142857143,0
2023-11-15,SKU_17,Category_3,46,1964.9909558152133,0,65,2,11,46,43.0,38.0,40.714285714285715,0
2023-11-16,SKU_17,Category_3,42,1964.9909558152133,0,87,3,11,46,46.0,48.0,41.857142857142854,0
2023-11-17,SKU_17,Category_3,42,1964.9909558152133,0,42,4,11,46,42.0,35.0,41.0,1
2023-11-18,SKU_17,Category_3,35,1964.9909558152133,0,35,5,11,46,42.0,47.0,42.0,1
2023-11-19,SKU_17,Category_3,54,1964.9909558152133,0,76,6,11,46,35.0,36.0,40.285714285714285,0
2023-11-20,SKU_17,Category_3,33,1964.9909558152133,0,76,0,11,47,54.0,38.0,42.857142857142854,0
2023-11-21,SKU_17,Category_3,10,1964.9909558152133,1,10,1,11,47,33.0,43.0,42.142857142857146,1
2023-11-22,SKU_17,Category_3,40,1964.9909558152133,0,46,2,11,47,10.0,46.0,37.42857142857143,0
2023-11-23,SKU_17,Category_3,45,1964.9909558152133,0,66,3,11,47,40.0,42.0,36.57142857142857,0
2023-11-24,SKU_17,Category_3,23,1964.9909558152133,0,23,4,11,47,45.0,42.0,37.0,1
2023-11-25,SKU_17,Category_3,53,1964.9909558152133,0,80,5,11,47,23.0,35.0,34.285714285714285,0
2023-11-26,SKU_17,Category_3,51,1964.9909558152133,0,51,6,11,47,53.0,54.0,36.857142857142854,1
2023-11-27,SKU_17,Category_3,16,1964.9909558152133,0,16,0,11,48,51.0,33.0,36.42857142857143,1
2023-11-28,SKU_17,Category_3,47,1964.9909558152133,0,47,1,11,48,16.0,10.0,34.0,1
2023-11-29,SKU_17,Category_3,41,1964.9909558152133,1,41,2,11,48,47.0,40.0,39.285714285714285,1
2023-11-30,SKU_17,Category_3,47,1964.9909558152133,0,60,3,11,48,41.0,45.0,39.42857142857143,0
2023-12-01,SKU_17,Category_3,30,1964.9909558152133,0,30,4,12,48,47.0,23.0,39.714285714285715,1
2023-12-02,SKU_17,Category_3,25,1964.9909558152133,0,25,5,12,48,30.0,53.0,40.714285714285715,1
2023-12-03,SKU_17,Category_3,62,1964.9909558152133,0,79,6,12,48,25.0,51.0,36.714285714285715,0
2023-12-04,SKU_17,Category_3,38,1964.9909558152133,0,89,0,12,49,62.0,16.0,38.285714285714285,0
2023-12-05,SKU_17,Category_3,41,1964.9909558152133,0,41,1,12,49,38.0,47.0,41.42857142857143,1
2023-12-06,SKU_17,Category_3,49,1964.9909558152133,0,52,2,12,49,41.0,41.0,40.57142857142857,0
2023-12-07,SKU_17,Category_3,42,1964.9909558152133,0,77,3,12,49,49.0,47.0,41.714285714285715,0
2023-12-08,SKU_17,Category_3,55,1964.9909558152133,0,98,4,12,49,42.0,30.0,41.0,0
2023-12-09,SKU_17,Category_3,41,1964.9909558152133,1,41,5,12,49,55.0,25.0,44.57142857142857,1
2023-12-10,SKU_17,Category_3,26,1964.9909558152133,1,26,6,12,49,41.0,62.0,46.857142857142854,1
2023-12-11,SKU_17,Category_3,21,1964.9909558152133,0,21,0,12,50,26.0,38.0,41.714285714285715,1
2023-12-12,SKU_17,Category_3,28,1964.9909558152133,0,28,1,12,50,21.0,41.0,39.285714285714285,1
2023-12-13,SKU_17,Category_3,36,1964.9909558152133,0,82,2,12,50,28.0,49.0,37.42857142857143,0
2023-12-14,SKU_17,Category_3,36,1964.9909558152133,0,69,3,12,50,36.0,42.0,35.57142857142857,0
2023-12-15,SKU_17,Category_3,50,1964.9909558152133,0,91,4,12,50,36.0,55.0,34.714285714285715,0
2023-12-16,SKU_17,Category_3,49,1964.9909558152133,0,95,5,12,50,50.0,41.0,34.0,0
2023-12-17,SKU_17,Category_3,57,1964.9909558152133,0,57,6,12,50,49.0,26.0,35.142857142857146,1
2023-12-18,SKU_17,Category_3,38,1964.9909558152133,0,84,0,12,51,57.0,21.0,39.57142857142857,0
2023-12-19,SKU_17,Category_3,22,1964.9909558152133,1,22,1,12,51,38.0,28.0,42.0,1
2023-12-20,SKU_17,Category_3,44,1964.9909558152133,0,79,2,12,51,22.0,36.0,41.142857142857146,0
2023-12-21,SKU_17,Category_3,41,1964.9909558152133,0,79,3,12,51,44.0,36.0,42.285714285714285,0
2023-12-22,SKU_17,Category_3,12,1964.9909558152133,0,12,4,12,51,41.0,50.0,43.0,1
2023-12-23,SKU_17,Category_3,55,1964.9909558152133,0,83,5,12,51,12.0,49.0,37.57142857142857,0
2023-12-24,SKU_17,Category_3,29,1964.9909558152133,0,29,6,12,51,55.0,57.0,38.42857142857143,1
2023-12-25,SKU_17,Category_3,39,1964.9909558152133,0,62,0,12,52,29.0,38.0,34.42857142857143,0
2023-12-26,SKU_17,Category_3,45,1964.9909558152133,0,94,1,12,52,39.0,22.0,34.57142857142857,0
2023-12-27,SKU_17,Category_3,42,1964.9909558152133,0,82,2,12,52,45.0,44.0,37.857142857142854,0
2023-12-28,SKU_17,Category_3,39,1964.9909558152133,0,84,3,12,52,42.0,41.0,37.57142857142857,0
2023-12-29,SKU_17,Category_3,16,1964.9909558152133,0,16,4,12,52,39.0,12.0,37.285714285714285,1
2023-12-30,SKU_17,Category_3,47,1964.9909558152133,0,47,5,12,52,16.0,55.0,37.857142857142854,1
2023-12-31,SKU_17,Category_3,54,1964.9909558152133,0,92,6,12,52,47.0,29.0,36.714285714285715,0
2023-01-08,SKU_18,Category_4,40,1986.0433488487708,0,72,6,1,1,29.0,30.0,29.714285714285715,0
2023-01-09,SKU_18,Category_4,42,1986.0433488487708,1,55,0,1,2,40.0,22.0,31.142857142857142,0
2023-01-10,SKU_18,Category_4,26,1986.0433488487708,0,26,1,1,2,42.0,24.0,34.0,1
2023-01-11,SKU_18,Category_4,14,1986.0433488487708,0,59,2,1,2,26.0,37.0,34.285714285714285,0
2023-01-12,SKU_18,Category_4,36,1986.0433488487708,1,95,3,1,2,14.0,26.0,31.0,0
2023-01-13,SKU_18,Category_4,31,1986.0433488487708,0,81,4,1,2,36.0,40.0,32.42857142857143,0
2023-01-14,SKU_18,Category_4,30,1986.0433488487708,0,45,5,1,2,31.0,29.0,31.142857142857142,0
2023-01-15,SKU_18,Category_4,32,1986.0433488487708,0,42,6,1,2,30.0,40.0,31.285714285714285,0
2023-01-16,SKU_18,Category_4,25,1986.0433488487708,0,42,0,1,3,32.0,42.0,30.142857142857142,0
2023-01-17,SKU_18,Category_4,23,1986.0433488487708,0,23,1,1,3,25.0,26.0,27.714285714285715,1
2023-01-18,SKU_18,Category_4,29,1986.0433488487708,0,41,2,1,3,23.0,14.0,27.285714285714285,0
2023-01-19,SKU_18,Category_4,25,1986.0433488487708,0,85,3,1,3,29.0,36.0,29.428571428571427,0
2023-01-20,SKU_18,Category_4,29,1986.0433488487708,0,65,4,1,3,25.0,31.0,27.857142857142858,0
2023-01-21,SKU_18,Category_4,32,1986.0433488487708,0,69,5,1,3,29.0,30.0,27.571428571428573,0
2023-01-22,SKU_18,Category_4,17,1986.0433488487708,0,17,6,1,3,32.0,32.0,27.857142857142858,1
2023-01-23,SKU_18,Category_4,18,1986.0433488487708,0,35,0,1,4,17.0,25.0,25.714285714285715,0
2023-01-24,SKU_18,Category_4,26,1986.0433488487708,0,55,1,1,4,18.0,23.0,24.714285714285715,0
2023-01-25,SKU_18,Category_4,31,1986.0433488487708,0,74,2,1,4,26.0,29.0,25.142857142857142,0
2023-01-26,SKU_18,Category_4,40,1986.0433488487708,1,97,3,1,4,31.0,25.0,25.428571428571427,0
2023-01-27,SKU_18,Category_4,25,1986.0433488487708,1,25,4,1,4,40.0,29.0,27.571428571428573,1
2023-01-28,SKU_18,Category_4,32,1986.0433488487708,0,50,5,1,4,25.0,32.0,27.0,0
2023-01-29,SKU_18,Category_4,29,1986.0433488487708,0,48,6,1,4,32.0,17.0,27.0,0
2023-01-30,SKU_18,Category_4,29,1986.0433488487708,0,52,0,1,5,29.0,18.0,28.714285714285715,0
2023-01-31,SKU_18,Category_4,32,1986.0433488487708,0,55,1,1,5,29.0,26.0,30.285714285714285,0
2023-02-01,SKU_18,Category_4,22,1986.0433488487708,0,62,2,2,5,32.0,31.0,31.142857142857142,0
2023-02-02,SKU_18,Category_4,12,1986.0433488487708,0,12,3,2,5,22.0,40.0,29.857142857142858,1
2023-02-03,SKU_18,Category_4,23,1986.0433488487708,0,46,4,2,5,12.0,25.0,25.857142857142858,0
2023-02-04,SKU_18,Category_4,29,1986.0433488487708,0,90,5,2,5,23.0,32.0,25.571428571428573,0
2023-02-05,SKU_18,Category_4,36,1986.0433488487708,0,61,6,2,5,29.0,29.0,25.142857142857142,0
2023-02-06,SKU_18,Category_4,21,1986.0433488487708,0,21,0,2,6,36.0,29.0,26.142857142857142,1
2023-02-07,SKU_18,Category_4,23,1986.0433488487708,0,88,1,2,6,21.0,32.0,25.0,0
2023-02-08,SKU_18,Category_4,24,1986.0433488487708,0,80,2,2,6,23.0,22.0,23.714285714285715,0
2023-02-09,SKU_18,Category_4,22,1986.0433488487708,0,70,3,2,6,24.0,12.0,24.0,0
2023-02-10,SKU_18,Category_4,24,1986.0433488487708,0,44,4,2,6,22.0,23.0,25.428571428571427,0
2023-02-11,SKU_18,Category_4,31,1986.0433488487708,0,75,5,2,6,24.0,29.0,25.571428571428573,0
2023-02-12,SKU_18,Category_4,13,1986.0433488487708,0,13,6,2,6,31.0,36.0,25.857142857142858,1
2023-02-13,SKU_18,Category_4,10,1986.0433488487708,0,64,0,2,7,13.0,21.0,22.571428571428573,0
2023-02-14,SKU_18,Category_4,25,1986.0433488487708,0,90,1,2,7,10.0,23.0,21.0,0
2023-02-15,SKU_18,Category_4,18,1986.0433488487708,0,71,2,2,7,25.0,24.0,21.285714285714285,0
2023-02-16,SKU_18,Category_4,34,1986.0433488487708,0,57,3,2,7,18.0,22.0,20.428571428571427,0
2023-02-17,SKU_18,Category_4,26,1986.0433488487708,0,75,4,2,7,34.0,24.0,22.142857142857142,0
2023-02-18,SKU_18,Category_4,37,1986.0433488487708,0,57,5,2,7,26.0,31.0,22.428571428571427,0
2023-02-19,SKU_18,Category_4,12,1986.0433488487708,0,12,6,2,7,37.0,13.0,23.285714285714285,1
2023-02-20,SKU_18,Category_4,25,1986.0433488487708,0,41,0,2,8,12.0,10.0,23.142857142857142,0
2023-02-21,SKU_18,Category_4,24,1986.0433488487708,0,24,1,2,8,25.0,25.0,25.285714285714285,1
2023-02-22,SKU_18,Category_4,28,1986.0433488487708,0,73,2,2,8,24.0,18.0,25.142857142857142,0
2023-02-23,SKU_18,Category_4,36,1986.0433488487708,0,99,3,2,8,28.0,34.0,26.571428571428573,0
2023-02-24,SKU_18,Category_4,30,1986.0433488487708,0,40,4,2,8,36.0,26.0,26.857142857142858,0
2023-02-25,SKU_18,Category_4,35,1986.0433488487708,0,51,5,2,8,30.0,37.0,27.428571428571427,0
2023-02-26,SKU_18,Category_4,35,1986.0433488487708,0,45,6,2,8,35.0,12.0,27.142857142857142,0
2023-02-27,SKU_18,Category_4,16,1986.0433488487708,0,16,0,2,9,35.0,25.0,30.428571428571427,1
2023-02-28,SKU_18,Category_4,17,1986.0433488487708,0,73,1,2,9,16.0,24.0,29.142857142857142,0
2023-03-01,SKU_18,Category_4,28,1986.0433488487708,0,37,2,3,9,17.0,28.0,28.142857142857142,0
2023-03-02,SKU_18,Category_4,22,1986.0433488487708,0,22,3,3,9,28.0,36.0,28.142857142857142,1
2023-03-03,SKU_18,Category_4,25,1986.0433488487708,0,34,4,3,9,22.0,30.0,26.142857142857142,0
2023-03-04,SKU_18,Category_4,36,1986.0433488487708,0,57,5,3,9,25.0,35.0,25.428571428571427,0
2023-03-05,SKU_18,Category_4,27,1986.0433488487708,0,28,6,3,9,36.0,35.0,25.571428571428573,0
2023-03-06,SKU_18,Category_4,27,1986.0433488487708,0,43,0,3,10,27.0,16.0,24.428571428571427,0
2023-03-07,SKU_18,Category_4,15,1986.0433488487708,0,15,1,3,10,27.0,17.0,26.0,1
2023-03-08,SKU_18,Category_4,30,1986.0433488487708,0,95,2,3,10,15.0,28.0,25.714285714285715,0
2023-03-09,SKU_18,Category_4,28,1986.0433488487708,0,74,3,3,10,30.0,22.0,26.0,0
2023-03-10,SKU_18,Category_4,29,1986.0433488487708,0,56,4,3,10,28.0,25.0,26.857142857142858,0
2023-03-11,SKU_18,Category_4,52,1986.0433488487708,1,60,5,3,10,29.0,36.0,27.428571428571427,0
2023-03-12,SKU_18,Category_4,31,1986.0433488487708,0,31,6,3,10,52.0,27.0,29.714285714285715,1
2023-03-13,SKU_18,Category_4,31,1986.0433488487708,0,53,0,3,11,31.0,27.0,30.285714285714285,0
2023-03-14,SKU_18,Category_4,11,1986.0433488487708,0,11,1,3,11,31.0,15.0,30.857142857142858,1
2023-03-15,SKU_18,Category_4,35,1986.0433488487708,0,35,2,3,11,11.0,30.0,30.285714285714285,1
2023-03-16,SKU_18,Category_4,23,1986.0433488487708,0,84,3,3,11,35.0,28.0,31.0,0
2023-03-17,SKU_18,Category_4,32,1986.0433488487708,0,67,4,3,11,23.0,29.0,30.285714285714285,0
2023-03-18,SKU_18,Category_4,30,1986.0433488487708,0,30,5,3,11,32.0,52.0,30.714285714285715,1
2023-03-19,SKU_18,Category_4,34,1986.0433488487708,0,94,6,3,11,30.0,31.0,27.571428571428573,0
2023-03-20,SKU_18,Category_4,23,1986.0433488487708,0,62,0,3,12,34.0,31.0,28.0,0
2023-03-21,SKU_18,Category_4,39,1986.0433488487708,1,71,1,3,12,23.0,11.0,26.857142857142858,0
2023-03-22,SKU_18,Category_4,18,1986.0433488487708,0,59,2,3,12,39.0,35.0,30.857142857142858,0
2023-03-23,SKU_18,Category_4,21,1986.0433488487708,0,89,3,3,12,18.0,23.0,28.428571428571427,0
2023-03-24,SKU_18,Category_4,14,1986.0433488487708,0,14,4,3,12,21.0,32.0,28.142857142857142,1
2023-03-25,SKU_18,Category_4,23,1986.0433488487708,0,29,5,3,12,14.0,30.0,25.571428571428573,0
2023-03-26,SKU_18,Category_4,34,1986.0433488487708,0,94,6,3,12,23.0,34.0,24.571428571428573,0
2023-03-27,SKU_18,Category_4,25,1986.0433488487708,0,79,0,3,13,34.0,23.0,24.571428571428573,0
2023-03-28,SKU_18,Category_4,30,1986.0433488487708,0,51,1,3,13,25.0,39.0,24.857142857142858,0
2023-03-29,SKU_18,Category_4,17,1986.0433488487708,0,61,2,3,13,30.0,18.0,23.571428571428573,0
2023-03-30,SKU_18,Category_4,28,1986.0433488487708,0,47,3,3,13,17.0,21.0,23.428571428571427,0
2023-03-31,SKU_18,Category_4,23,1986.0433488487708,0,50,4,3,13,28.0,14.0,24.428571428571427,0
2023-04-01,SKU_18,Category_4,35,1986.0433488487708,0,97,5,4,13,23.0,23.0,25.714285714285715,0
2023-04-02,SKU_18,Category_4,36,1986.0433488487708,0,90,6,4,13,35.0,34.0,27.428571428571427,0
2023-04-03,SKU_18,Category_4,21,1986.0433488487708,0,68,0,4,14,36.0,25.0,27.714285714285715,0
2023-04-04,SKU_18,Category_4,29,1986.0433488487708,0,57,1,4,14,21.0,30.0,27.142857142857142,0
2023-04-05,SKU_18,Category_4,29,1986.0433488487708,0,87,2,4,14,29.0,17.0,27.0,0
2023-04-06,SKU_18,Category_4,25,1986.0433488487708,0,72,3,4,14,29.0,28.0,28.714285714285715,0
2023-04-07,SKU_18,Category_4,30,1986.0433488487708,0,30,4,4,14,25.0,23.0,28.285714285714285,1
2023-04-08,SKU_18,Category_4,35,1986.0433488487708,0,51,5,4,14,30.0,35.0,29.285714285714285,0
2023-04-09,SKU_18,Category_4,31,1986.0433488487708,0,36,6,4,14,35.0,36.0,29.285714285714285,0
2023-04-10,SKU_18,Category_4,35,1986.0433488487708,0,65,0,4,15,31.0,21.0,28.571428571428573,0
2023-04-11,SKU_18,Category_4,19,1986.0433488487708,0,94,1,4,15,35.0,29.0,30.571428571428573,0
2023-04-12,SKU_18,Category_4,20,1986.0433488487708,0,27,2,4,15,19.0,29.0,29.142857142857142,0
2023-04-13,SKU_18,Category_4,11,1986.0433488487708,0,11,3,4,15,20.0,25.0,27.857142857142858,1
2023-04-14,SKU_18,Category_4,30,1986.0433488487708,0,84,4,4,15,11.0,30.0,25.857142857142858,0
2023-04-15,SKU_18,Category_4,27,1986.0433488487708,0,56,5,4,15,30.0,35.0,25.857142857142858,0
2023-04-16,SKU_18,Category_4,20,1986.0433488487708,0,20,6,4,15,27.0,31.0,24.714285714285715,1
2023-04-17,SKU_18,Category_4,30,1986.0433488487708,0,95,0,4,16,20.0,35.0,23.142857142857142,0
2023-04-18,SKU_18,Category_4,25,1986.0433488487708,0,78,1,4,16,30.0,19.0,22.428571428571427,0
2023-04-19,SKU_18,Category_4,23,1986.0433488487708,0,77,2,4,16,25.0,20.0,23.285714285714285,0
2023-04-20,SKU_18,Category_4,17,1986.0433488487708,0,71,3,4,16,23.0,11.0,23.714285714285715,0
2023-04-21,SKU_18,Category_4,17,1986.0433488487708,0,82,4,4,16,17.0,30.0,24.571428571428573,0
2023-04-22,SKU_18,Category_4,23,1986.0433488487708,0,23,5,4,16,17.0,27.0,22.714285714285715,1
2023-04-23,SKU_18,Category_4,23,1986.0433488487708,0,23,6,4,16,23.0,20.0,22.142857142857142,1
2023-04-24,SKU_18,Category_4,12,1986.0433488487708,0,12,0,4,17,23.0,30.0,22.571428571428573,1
2023-04-25,SKU_18,Category_4,27,1986.0433488487708,0,30,1,4,17,12.0,25.0,20.0,0
2023-04-26,SKU_18,Category_4,24,1986.0433488487708,0,24,2,4,17,27.0,23.0,20.285714285714285,1
2023-04-27,SKU_18,Category_4,20,1986.0433488487708,0,20,3,4,17,24.0,17.0,20.428571428571427,1
2023-04-28,SKU_18,Category_4,39,1986.0433488487708,1,90,4,4,17,20.0,17.0,20.857142857142858,0
2023-04-29,SKU_18,Category_4,22,1986.0433488487708,0,22,5,4,17,39.0,23.0,24.0,1
2023-04-30,SKU_18,Category_4,33,1986.0433488487708,0,74,6,4,17,22.0,23.0,23.857142857142858,0
2023-05-01,SKU_18,Category_4,20,1986.0433488487708,0,46,0,5,18,33.0,12.0,25.285714285714285,0
2023-05-02,SKU_18,Category_4,23,1986.0433488487708,0,71,1,5,18,20.0,27.0,26.428571428571427,0
2023-05-03,SKU_18,Category_4,26,1986.0433488487708,0,95,2,5,18,23.0,24.0,25.857142857142858,0
2023-05-04,SKU_18,Category_4,29,1986.0433488487708,0,77,3,5,18,26.0,20.0,26.142857142857142,0
2023-05-05,SKU_18,Category_4,17,1986.0433488487708,0,26,4,5,18,29.0,39.0,27.428571428571427,0
2023-05-06,SKU_18,Category_4,22,1986.0433488487708,0,79,5,5,18,17.0,22.0,24.285714285714285,0
2023-05-07,SKU_18,Category_4,39,1986.0433488487708,0,86,6,5,18,22.0,33.0,24.285714285714285,0
2023-05-08,SKU_18,Category_4,36,1986.0433488487708,1,41,0,5,19,39.0,20.0,25.142857142857142,0
2023-05-09,SKU_18,Category_4,24,1986.0433488487708,0,96,1,5,19,36.0,23.0,27.428571428571427,0
2023-05-10,SKU_18,Category_4,30,1986.0433488487708,0,97,2,5,19,24.0,26.0,27.571428571428573,0
2023-05-11,SKU_18,Category_4,14,1986.0433488487708,0,14,3,5,19,30.0,29.0,28.142857142857142,1
2023-05-12,SKU_18,Category_4,24,1986.0433488487708,0,58,4,5,19,14.0,17.0,26.0,0
2023-05-13,SKU_18,Category_4,24,1986.0433488487708,0,45,5,5,19,24.0,22.0,27.0,0
2023-05-14,SKU_18,Category_4,41,1986.0433488487708,0,71,6,5,19,24.0,39.0,27.285714285714285,0
2023-05-15,SKU_18,Category_4,24,1986.0433488487708,0,92,0,5,20,41.0,36.0,27.571428571428573,0
2023-05-16,SKU_18,Category_4,25,1986.0433488487708,0,98,1,5,20,24.0,24.0,25.857142857142858,0
2023-05-17,SKU_18,Category_4,30,1986.0433488487708,0,66,2,5,20,25.0,30.0,26.0,0
2023-05-18,SKU_18,Category_4,26,1986.0433488487708,0,54,3,5,20,30.0,14.0,26.0,0
2023-05-19,SKU_18,Category_4,33,1986.0433488487708,0,74,4,5,20,26.0,24.0,27.714285714285715,0
2023-05-20,SKU_18,Category_4,57,1986.0433488487708,1,99,5,5,20,33.0,24.0,29.0,0
2023-05-21,SKU_18,Category_4,38,1986.0433488487708,0,67,6,5,20,57.0,41.0,33.714285714285715,0
2023-05-22,SKU_18,Category_4,27,1986.0433488487708,0,32,0,5,21,38.0,24.0,33.285714285714285,0
2023-05-23,SKU_18,Category_4,18,1986.0433488487708,1,18,1,5,21,27.0,25.0,33.714285714285715,1
2023-05-24,SKU_18,Category_4,22,1986.0433488487708,0,83,2,5,21,18.0,30.0,32.714285714285715,0
2023-05-25,SKU_18,Category_4,19,1986.0433488487708,0,59,3,5,21,22.0,26.0,31.571428571428573,0
2023-05-26,SKU_18,Category_4,19,1986.0433488487708,0,65,4,5,21,19.0,33.0,30.571428571428573,0
2023-05-27,SKU_18,Category_4,25,1986.0433488487708,0,25,5,5,21,19.0,57.0,28.571428571428573,1
2023-05-28,SKU_18,Category_4,15,1986.0433488487708,0,15,6,5,21,25.0,38.0,24.0,1
2023-05-29,SKU_18,Category_4,35,1986.0433488487708,1,60,0,5,22,15.0,27.0,20.714285714285715,0
2023-05-30,SKU_18,Category_4,22,1986.0433488487708,0,63,1,5,22,35.0,18.0,21.857142857142858,0
2023-05-31,SKU_18,Category_4,27,1986.0433488487708,0,47,2,5,22,22.0,22.0,22.428571428571427,0
2023-06-01,SKU_18,Category_4,29,1986.0433488487708,0,96,3,6,22,27.0,19.0,23.142857142857142,0
2023-06-02,SKU_18,Category_4,34,1986.0433488487708,0,79,4,6,22,29.0,19.0,24.571428571428573,0
2023-06-03,SKU_18,Category_4,31,1986.0433488487708,0,31,5,6,22,34.0,25.0,26.714285714285715,1
2023-06-04,SKU_18,Category_4,37,1986.0433488487708,0,42,6,6,22,31.0,15.0,27.571428571428573,0
2023-06-05,SKU_18,Category_4,23,1986.0433488487708,0,88,0,6,23,37.0,35.0,30.714285714285715,0
2023-06-06,SKU_18,Category_4,32,1986.0433488487708,0,97,1,6,23,23.0,22.0,29.0,0
2023-06-07,SKU_18,Category_4,20,1986.0433488487708,0,88,2,6,23,32.0,27.0,30.428571428571427,0
2023-06-08,SKU_18,Category_4,28,1986.0433488487708,0,54,3,6,23,20.0,29.0,29.428571428571427,0
2023-06-09,SKU_18,Category_4,25,1986.0433488487708,0,42,4,6,23,28.0,34.0,29.285714285714285,0
2023-06-10,SKU_18,Category_4,37,1986.0433488487708,0,96,5,6,23,25.0,31.0,28.0,0
2023-06-11,SKU_18,Category_4,27,1986.0433488487708,0,95,6,6,23,37.0,37.0,28.857142857142858,0
2023-06-12,SKU_18,Category_4,30,1986.0433488487708,0,71,0,6,24,27.0,23.0,27.428571428571427,0
2023-06-13,SKU_18,Category_4,26,1986.0433488487708,0,73,1,6,24,30.0,32.0,28.428571428571427,0
2023-06-14,SKU_18,Category_4,16,1986.0433488487708,0,68,2,6,24,26.0,20.0,27.571428571428573,0
2023-06-15,SKU_18,Category_4,34,1986.0433488487708,0,43,3,6,24,16.0,28.0,27.0,0
2023-06-16,SKU_18,Category_4,16,1986.0433488487708,1,16,4,6,24,34.0,25.0,27.857142857142858,1
2023-06-17,SKU_18,Category_4,33,1986.0433488487708,0,56,5,6,24,16.0,37.0,26.571428571428573,0
2023-06-18,SKU_18,Category_4,50,1986.0433488487708,1,57,6,6,24,33.0,27.0,26.0,0
2023-06-19,SKU_18,Category_4,20,1986.0433488487708,0,20,0,6,25,50.0,30.0,29.285714285714285,1
2023-06-20,SKU_18,Category_4,11,1986.0433488487708,0,11,1,6,25,20.0,26.0,27.857142857142858,1
2023-06-21,SKU_18,Category_4,26,1986.0433488487708,0,81,2,6,25,11.0,16.0,25.714285714285715,0
2023-06-22,SKU_18,Category_4,25,1986.0433488487708,0,80,3,6,25,26.0,34.0,27.142857142857142,0
2023-06-23,SKU_18,Category_4,23,1986.0433488487708,0,23,4,6,25,25.0,16.0,25.857142857142858,1
2023-06-24,SKU_18,Category_4,33,1986.0433488487708,0,33,5,6,25,23.0,33.0,26.857142857142858,1
2023-06-25,SKU_18,Category_4,27,1986.0433488487708,0,27,6,6,25,33.0,50.0,26.857142857142858,1
2023-06-26,SKU_18,Category_4,13,1986.0433488487708,0,13,0,6,26,27.0,20.0,23.571428571428573,1
2023-06-27,SKU_18,Category_4,25,1986.0433488487708,0,60,1,6,26,13.0,11.0,22.571428571428573,0
2023-06-28,SKU_18,Category_4,28,1986.0433488487708,0,29,2,6,26,25.0,26.0,24.571428571428573,0
2023-06-29,SKU_18,Category_4,30,1986.0433488487708,0,56,3,6,26,28.0,25.0,24.857142857142858,0
2023-06-30,SKU_18,Category_4,19,1986.0433488487708,0,68,4,6,26,30.0,23.0,25.571428571428573,0
2023-07-01,SKU_18,Category_4,31,1986.0433488487708,0,61,5,7,26,19.0,33.0,25.0,0
2023-07-02,SKU_18,Category_4,44,1986.0433488487708,0,51,6,7,26,31.0,27.0,24.714285714285715,0
2023-07-03,SKU_18,Category_4,29,1986.0433488487708,0,89,0,7,27,44.0,13.0,27.142857142857142,0
2023-07-04,SKU_18,Category_4,23,1986.0433488487708,0,55,1,7,27,29.0,25.0,29.428571428571427,0
2023-07-05,SKU_18,Category_4,43,1986.0433488487708,1,61,2,7,27,23.0,28.0,29.142857142857142,0
2023-07-06,SKU_18,Category_4,20,1986.0433488487708,0,90,3,7,27,43.0,30.0,31.285714285714285,0
2023-07-07,SKU_18,Category_4,27,1986.0433488487708,0,62,4,7,27,20.0,19.0,29.857142857142858,0
2023-07-08,SKU_18,Category_4,30,1986.0433488487708,0,79,5,7,27,27.0,31.0,31.0,0
2023-07-09,SKU_18,Category_4,15,1986.0433488487708,1,15,6,7,27,30.0,44.0,30.857142857142858,1
2023-07-10,SKU_18,Category_4,36,1986.0433488487708,0,48,0,7,28,15.0,29.0,26.714285714285715,0
2023-07-11,SKU_18,Category_4,22,1986.0433488487708,0,89,1,7,28,36.0,23.0,27.714285714285715,0
2023-07-12,SKU_18,Category_4,19,1986.0433488487708,0,19,2,7,28,22.0,43.0,27.571428571428573,1
2023-07-13,SKU_18,Category_4,21,1986.0433488487708,0,21,3,7,28,19.0,20.0,24.142857142857142,1
2023-07-14,SKU_18,Category_4,28,1986.0433488487708,0,41,4,7,28,21.0,27.0,24.285714285714285,0
2023-07-15,SKU_18,Category_4,36,1986.0433488487708,0,99,5,7,28,28.0,30.0,24.428571428571427,0
2023-07-16,SKU_18,Category_4,48,1986.0433488487708,1,70,6,7,28,36.0,15.0,25.285714285714285,0
2023-07-17,SKU_18,Category_4,10,1986.0433488487708,0,10,0,7,29,48.0,36.0,30.0,1
2023-07-18,SKU_18,Category_4,28,1986.0433488487708,0,76,1,7,29,10.0,22.0,26.285714285714285,0
2023-07-19,SKU_18,Category_4,22,1986.0433488487708,0,22,2,7,29,28.0,19.0,27.142857142857142,1
2023-07-20,SKU_18,Category_4,21,1986.0433488487708,0,45,3,7,29,22.0,21.0,27.571428571428573,0
2023-07-21,SKU_18,Category_4,25,1986.0433488487708,0,85,4,7,29,21.0,28.0,27.571428571428573,0
2023-07-22,SKU_18,Category_4,52,1986.0433488487708,1,63,5,7,29,25.0,36.0,27.142857142857142,0
2023-07-23,SKU_18,Category_4,33,1986.0433488487708,0,95,6,7,29,52.0,48.0,29.428571428571427,0
2023-07-24,SKU_18,Category_4,30,1986.0433488487708,0,43,0,7,30,33.0,10.0,27.285714285714285,0
2023-07-25,SKU_18,Category_4,22,1986.0433488487708,0,37,1,7,30,30.0,28.0,30.142857142857142,0
2023-07-26,SKU_18,Category_4,23,1986.0433488487708,0,86,2,7,30,22.0,22.0,29.285714285714285,0
2023-07-27,SKU_18,Category_4,26,1986.0433488487708,0,91,3,7,30,23.0,21.0,29.428571428571427,0
2023-07-28,SKU_18,Category_4,32,1986.0433488487708,0,51,4,7,30,26.0,25.0,30.142857142857142,0
2023-07-29,SKU_18,Category_4,39,1986.0433488487708,0,92,5,7,30,32.0,52.0,31.142857142857142,0
2023-07-30,SKU_18,Category_4,23,1986.0433488487708,0,23,6,7,30,39.0,33.0,29.285714285714285,1
2023-07-31,SKU_18,Category_4,29,1986.0433488487708,0,80,0,7,31,23.0,30.0,27.857142857142858,0
2023-08-01,SKU_18,Category_4,39,1986.0433488487708,1,92,1,8,31,29.0,22.0,27.714285714285715,0
2023-08-02,SKU_18,Category_4,19,1986.0433488487708,0,52,2,8,31,39.0,23.0,30.142857142857142,0
2023-08-03,SKU_18,Category_4,21,1986.0433488487708,0,21,3,8,31,19.0,26.0,29.571428571428573,1
2023-08-04,SKU_18,Category_4,30,1986.0433488487708,0,87,4,8,31,21.0,32.0,28.857142857142858,0
2023-08-05,SKU_18,Category_4,39,1986.0433488487708,0,64,5,8,31,30.0,39.0,28.571428571428573,0
2023-08-06,SKU_18,Category_4,20,1986.0433488487708,0,20,6,8,31,39.0,23.0,28.571428571428573,1
2023-08-07,SKU_18,Category_4,24,1986.0433488487708,0,62,0,8,32,20.0,29.0,28.142857142857142,0
2023-08-08,SKU_18,Category_4,23,1986.0433488487708,0,96,1,8,32,24.0,39.0,27.428571428571427,0
2023-08-09,SKU_18,Category_4,40,1986.0433488487708,1,69,2,8,32,23.0,19.0,25.142857142857142,0
2023-08-10,SKU_18,Category_4,23,1986.0433488487708,0,91,3,8,32,40.0,21.0,28.142857142857142,0
2023-08-11,SKU_18,Category_4,26,1986.0433488487708,0,82,4,8,32,23.0,30.0,28.428571428571427,0
2023-08-12,SKU_18,Category_4,17,1986.0433488487708,0,17,5,8,32,26.0,39.0,27.857142857142858,1
2023-08-13,SKU_18,Category_4,13,1986.0433488487708,0,13,6,8,32,17.0,20.0,24.714285714285715,1
2023-08-14,SKU_18,Category_4,28,1986.0433488487708,0,55,0,8,33,13.0,24.0,23.714285714285715,0
2023-08-15,SKU_18,Category_4,26,1986.0433488487708,0,87,1,8,33,28.0,23.0,24.285714285714285,0
2023-08-16,SKU_18,Category_4,30,1986.0433488487708,0,46,2,8,33,26.0,40.0,24.714285714285715,0
2023-08-17,SKU_18,Category_4,30,1986.0433488487708,0,69,3,8,33,30.0,23.0,23.285714285714285,0
2023-08-18,SKU_18,Category_4,23,1986.0433488487708,0,52,4,8,33,30.0,26.0,24.285714285714285,0
2023-08-19,SKU_18,Category_4,23,1986.0433488487708,0,95,5,8,33,23.0,17.0,23.857142857142858,0
2023-08-20,SKU_18,Category_4,30,1986.0433488487708,0,30,6,8,33,23.0,13.0,24.714285714285715,1
2023-08-21,SKU_18,Category_4,26,1986.0433488487708,0,26,0,8,34,30.0,28.0,27.142857142857142,1
2023-08-22,SKU_18,Category_4,17,1986.0433488487708,0,31,1,8,34,26.0,26.0,26.857142857142858,0
2023-08-23,SKU_18,Category_4,19,1986.0433488487708,0,19,2,8,34,17.0,30.0,25.571428571428573,1
2023-08-24,SKU_18,Category_4,28,1986.0433488487708,0,45,3,8,34,19.0,30.0,24.0,0
2023-08-25,SKU_18,Category_4,16,1986.0433488487708,0,77,4,8,34,28.0,23.0,23.714285714285715,0
2023-08-26,SKU_18,Category_4,41,1986.0433488487708,0,78,5,8,34,16.0,23.0,22.714285714285715,0
2023-08-27,SKU_18,Category_4,31,1986.0433488487708,0,44,6,8,34,41.0,30.0,25.285714285714285,0
2023-08-28,SKU_18,Category_4,15,1986.0433488487708,0,15,0,8,35,31.0,26.0,25.428571428571427,1
2023-08-29,SKU_18,Category_4,32,1986.0433488487708,0,37,1,8,35,15.0,17.0,23.857142857142858,0
2023-08-30,SKU_18,Category_4,27,1986.0433488487708,0,27,2,8,35,32.0,19.0,26.0,1
2023-08-31,SKU_18,Category_4,24,1986.0433488487708,0,98,3,8,35,27.0,28.0,27.142857142857142,0
2023-09-01,SKU_18,Category_4,34,1986.0433488487708,1,92,4,9,35,24.0,16.0,26.571428571428573,0
2023-09-02,SKU_18,Category_4,31,1986.0433488487708,0,53,5,9,35,34.0,41.0,29.142857142857142,0
2023-09-03,SKU_18,Category_4,29,1986.0433488487708,0,67,6,9,35,31.0,31.0,27.714285714285715,0
2023-09-04,SKU_18,Category_4,32,1986.0433488487708,0,45,0,9,36,29.0,15.0,27.428571428571427,0
2023-09-05,SKU_18,Category_4,25,1986.0433488487708,0,56,1,9,36,32.0,32.0,29.857142857142858,0
2023-09-06,SKU_18,Category_4,34,1986.0433488487708,0,55,2,9,36,25.0,27.0,28.857142857142858,0
2023-09-07,SKU_18,Category_4,22,1986.0433488487708,0,97,3,9,36,34.0,24.0,29.857142857142858,0
2023-09-08,SKU_18,Category_4,16,1986.0433488487708,0,16,4,9,36,22.0,34.0,29.571428571428573,1
2023-09-09,SKU_18,Category_4,24,1986.0433488487708,0,24,5,9,36,16.0,31.0,27.0,1
2023-09-10,SKU_18,Category_4,32,1986.0433488487708,0,32,6,9,36,24.0,29.0,26.0,1
2023-09-11,SKU_18,Category_4,22,1986.0433488487708,0,69,0,9,37,32.0,32.0,26.428571428571427,0
2023-09-12,SKU_18,Category_4,28,1986.0433488487708,0,67,1,9,37,22.0,25.0,25.0,0
2023-09-13,SKU_18,Category_4,24,1986.0433488487708,0,45,2,9,37,28.0,34.0,25.428571428571427,0
2023-09-14,SKU_18,Category_4,24,1986.0433488487708,0,90,3,9,37,24.0,22.0,24.0,0
2023-09-15,SKU_18,Category_4,12,1986.0433488487708,0,12,4,9,37,24.0,16.0,24.285714285714285,1
2023-09-16,SKU_18,Category_4,39,1986.0433488487708,0,95,5,9,37,12.0,24.0,23.714285714285715,0
2023-09-17,SKU_18,Category_4,31,1986.0433488487708,0,65,6,9,37,39.0,32.0,25.857142857142858,0
2023-09-18,SKU_18,Category_4,19,1986.0433488487708,0,40,0,9,38,31.0,22.0,25.714285714285715,0
2023-09-19,SKU_18,Category_4,20,1986.0433488487708,0,20,1,9,38,19.0,28.0,25.285714285714285,1
2023-09-20,SKU_18,Category_4,23,1986.0433488487708,0,36,2,9,38,20.0,24.0,24.142857142857142,0
2023-09-21,SKU_18,Category_4,32,1986.0433488487708,0,56,3,9,38,23.0,24.0,24.0,0
2023-09-22,SKU_18,Category_4,30,1986.0433488487708,0,88,4,9,38,32.0,12.0,25.142857142857142,0
2023-09-23,SKU_18,Category_4,47,1986.0433488487708,1,57,5,9,38,30.0,39.0,27.714285714285715,0
2023-09-24,SKU_18,Category_4,24,1986.0433488487708,0,24,6,9,38,47.0,31.0,28.857142857142858,1
2023-09-25,SKU_18,Category_4,19,1986.0433488487708,0,19,0,9,39,24.0,19.0,27.857142857142858,1
2023-09-26,SKU_18,Category_4,25,1986.0433488487708,0,87,1,9,39,19.0,20.0,27.857142857142858,0
2023-09-27,SKU_18,Category_4,30,1986.0433488487708,0,64,2,9,39,25.0,23.0,28.571428571428573,0
2023-09-28,SKU_18,Category_4,21,1986.0433488487708,0,27,3,9,39,30.0,32.0,29.571428571428573,0
2023-09-29,SKU_18,Category_4,47,1986.0433488487708,1,66,4,9,39,21.0,30.0,28.0,0
2023-09-30,SKU_18,Category_4,31,1986.0433488487708,0,35,5,9,39,47.0,47.0,30.428571428571427,0
2023-10-01,SKU_18,Category_4,34,1986.0433488487708,0,76,6,10,39,31.0,24.0,28.142857142857142,0
2023-10-02,SKU_18,Category_4,31,1986.0433488487708,0,43,0,10,40,34.0,19.0,29.571428571428573,0
2023-10-03,SKU_18,Category_4,29,1986.0433488487708,0,82,1,10,40,31.0,25.0,31.285714285714285,0
2023-10-04,SKU_18,Category_4,23,1986.0433488487708,0,86,2,10,40,29.0,30.0,31.857142857142858,0
2023-10-05,SKU_18,Category_4,30,1986.0433488487708,0,39,3,10,40,23.0,21.0,30.857142857142858,0
2023-10-06,SKU_18,Category_4,20,1986.0433488487708,0,26,4,10,40,30.0,47.0,32.142857142857146,0
2023-10-07,SKU_18,Category_4,10,1986.0433488487708,1,10,5,10,40,20.0,31.0,28.285714285714285,1
2023-10-08,SKU_18,Category_4,34,1986.0433488487708,0,40,6,10,40,10.0,34.0,25.285714285714285,0
2023-10-09,SKU_18,Category_4,31,1986.0433488487708,0,94,0,10,41,34.0,31.0,25.285714285714285,0
2023-10-10,SKU_18,Category_4,17,1986.0433488487708,0,65,1,10,41,31.0,29.0,25.285714285714285,0
2023-10-11,SKU_18,Category_4,25,1986.0433488487708,0,59,2,10,41,17.0,23.0,23.571428571428573,0
2023-10-12,SKU_18,Category_4,22,1986.0433488487708,0,87,3,10,41,25.0,30.0,23.857142857142858,0
2023-10-13,SKU_18,Category_4,38,1986.0433488487708,1,80,4,10,41,22.0,20.0,22.714285714285715,0
2023-10-14,SKU_18,Category_4,13,1986.0433488487708,0,13,5,10,41,38.0,10.0,25.285714285714285,1
2023-10-15,SKU_18,Category_4,36,1986.0433488487708,0,53,6,10,41,13.0,34.0,25.714285714285715,0
2023-10-16,SKU_18,Category_4,25,1986.0433488487708,0,46,0,10,42,36.0,31.0,26.0,0
2023-10-17,SKU_18,Category_4,25,1986.0433488487708,0,58,1,10,42,25.0,17.0,25.142857142857142,0
2023-10-18,SKU_18,Category_4,17,1986.0433488487708,0,17,2,10,42,25.0,25.0,26.285714285714285,1
2023-10-19,SKU_18,Category_4,28,1986.0433488487708,0,47,3,10,42,17.0,22.0,25.142857142857142,0
2023-10-20,SKU_18,Category_4,33,1986.0433488487708,0,87,4,10,42,28.0,38.0,26.0,0
2023-10-21,SKU_18,Category_4,28,1986.0433488487708,0,90,5,10,42,33.0,13.0,25.285714285714285,0
2023-10-22,SKU_18,Category_4,39,1986.0433488487708,0,57,6,10,42,28.0,36.0,27.428571428571427,0
2023-10-23,SKU_18,Category_4,17,1986.0433488487708,1,17,0,10,43,39.0,25.0,27.857142857142858,1
2023-10-24,SKU_18,Category_4,39,1986.0433488487708,1,85,1,10,43,17.0,25.0,26.714285714285715,0
2023-10-25,SKU_18,Category_4,21,1986.0433488487708,0,21,2,10,43,39.0,17.0,28.714285714285715,1
2023-10-26,SKU_18,Category_4,16,1986.0433488487708,0,16,3,10,43,21.0,28.0,29.285714285714285,1
2023-10-27,SKU_18,Category_4,19,1986.0433488487708,0,74,4,10,43,16.0,33.0,27.571428571428573,0
2023-10-28,SKU_18,Category_4,26,1986.0433488487708,0,26,5,10,43,19.0,28.0,25.571428571428573,1
2023-10-29,SKU_18,Category_4,13,1986.0433488487708,0,13,6,10,43,26.0,39.0,25.285714285714285,1
2023-10-30,SKU_18,Category_4,26,1986.0433488487708,0,38,0,10,44,13.0,17.0,21.571428571428573,0
2023-10-31,SKU_18,Category_4,25,1986.0433488487708,0,91,1,10,44,26.0,39.0,22.857142857142858,0
2023-11-01,SKU_18,Category_4,28,1986.0433488487708,0,69,2,11,44,25.0,21.0,20.857142857142858,0
2023-11-02,SKU_18,Category_4,10,1986.0433488487708,0,26,3,11,44,28.0,16.0,21.857142857142858,0
2023-11-03,SKU_18,Category_4,23,1986.0433488487708,0,77,4,11,44,10.0,19.0,21.0,0
2023-11-04,SKU_18,Category_4,30,1986.0433488487708,0,37,5,11,44,23.0,26.0,21.571428571428573,0
2023-11-05,SKU_18,Category_4,24,1986.0433488487708,0,80,6,11,44,30.0,13.0,22.142857142857142,0
2023-11-06,SKU_18,Category_4,23,1986.0433488487708,0,89,0,11,45,24.0,26.0,23.714285714285715,0
2023-11-07,SKU_18,Category_4,36,1986.0433488487708,1,81,1,11,45,23.0,25.0,23.285714285714285,0
2023-11-08,SKU_18,Category_4,22,1986.0433488487708,0,65,2,11,45,36.0,28.0,24.857142857142858,0
2023-11-09,SKU_18,Category_4,22,1986.0433488487708,0,49,3,11,45,22.0,10.0,24.0,0
2023-11-10,SKU_18,Category_4,14,1986.0433488487708,0,15,4,11,45,22.0,23.0,25.714285714285715,0
2023-11-11,SKU_18,Category_4,33,1986.0433488487708,0,74,5,11,45,14.0,30.0,24.428571428571427,0
2023-11-12,SKU_18,Category_4,40,1986.0433488487708,0,96,6,11,45,33.0,24.0,24.857142857142858,0
2023-11-13,SKU_18,Category_4,20,1986.0433488487708,0,62,0,11,46,40.0,23.0,27.142857142857142,0
2023-11-14,SKU_18,Category_4,26,1986.0433488487708,0,49,1,11,46,20.0,36.0,26.714285714285715,0
2023-11-15,SKU_18,Category_4,25,1986.0433488487708,0,60,2,11,46,26.0,22.0,25.285714285714285,0
2023-11-16,SKU_18,Category_4,31,1986.0433488487708,0,74,3,11,46,25.0,22.0,25.714285714285715,0
2023-11-17,SKU_18,Category_4,26,1986.0433488487708,0,86,4,11,46,31.0,14.0,27.0,0
2023-11-18,SKU_18,Category_4,10,1986.0433488487708,0,10,5,11,46,26.0,33.0,28.714285714285715,1
2023-11-19,SKU_18,Category_4,43,1986.0433488487708,1,52,6,11,46,10.0,40.0,25.428571428571427,0
2023-11-20,SKU_18,Category_4,34,1986.0433488487708,0,98,0,11,47,43.0,20.0,25.857142857142858,0
2023-11-21,SKU_18,Category_4,15,1986.0433488487708,0,58,1,11,47,34.0,26.0,27.857142857142858,0
2023-11-22,SKU_18,Category_4,12,1986.0433488487708,0,12,2,11,47,15.0,25.0,26.285714285714285,1
2023-11-23,SKU_18,Category_4,30,1986.0433488487708,0,61,3,11,47,12.0,31.0,24.428571428571427,0
2023-11-24,SKU_18,Category_4,35,1986.0433488487708,1,78,4,11,47,30.0,26.0,24.285714285714285,0
2023-11-25,SKU_18,Category_4,17,1986.0433488487708,0,17,5,11,47,35.0,10.0,25.571428571428573,1
2023-11-26,SKU_18,Category_4,30,1986.0433488487708,0,30,6,11,47,17.0,43.0,26.571428571428573,1
2023-11-27,SKU_18,Category_4,30,1986.0433488487708,0,99,0,11,48,30.0,34.0,24.714285714285715,0
2023-11-28,SKU_18,Category_4,16,1986.0433488487708,0,16,1,11,48,30.0,15.0,24.142857142857142,1
2023-11-29,SKU_18,Category_4,20,1986.0433488487708,0,41,2,11,48,16.0,12.0,24.285714285714285,0
2023-11-30,SKU_18,Category_4,28,1986.0433488487708,0,33,3,11,48,20.0,30.0,25.428571428571427,0
2023-12-01,SKU_18,Category_4,24,1986.0433488487708,0,55,4,12,48,28.0,35.0,25.142857142857142,0
2023-12-02,SKU_18,Category_4,28,1986.0433488487708,0,75,5,12,48,24.0,17.0,23.571428571428573,0
2023-12-03,SKU_18,Category_4,39,1986.0433488487708,0,40,6,12,48,28.0,30.0,25.142857142857142,0
2023-12-04,SKU_18,Category_4,21,1986.0433488487708,0,98,0,12,49,39.0,30.0,26.428571428571427,0
2023-12-05,SKU_18,Category_4,22,1986.0433488487708,0,62,1,12,49,21.0,16.0,25.142857142857142,0
2023-12-06,SKU_18,Category_4,29,1986.0433488487708,0,95,2,12,49,22.0,20.0,26.0,0
2023-12-07,SKU_18,Category_4,20,1986.0433488487708,0,44,3,12,49,29.0,28.0,27.285714285714285,0
2023-12-08,SKU_18,Category_4,30,1986.0433488487708,0,30,4,12,49,20.0,24.0,26.142857142857142,1
2023-12-09,SKU_18,Category_4,38,1986.0433488487708,0,84,5,12,49,30.0,28.0,27.0,0
2023-12-10,SKU_18,Category_4,41,1986.0433488487708,1,41,6,12,49,38.0,39.0,28.428571428571427,1
2023-12-11,SKU_18,Category_4,27,1986.0433488487708,0,27,0,12,50,41.0,21.0,28.714285714285715,1
2023-12-12,SKU_18,Category_4,18,1986.0433488487708,0,18,1,12,50,27.0,22.0,29.571428571428573,1
2023-12-13,SKU_18,Category_4,22,1986.0433488487708,0,60,2,12,50,18.0,29.0,29.0,0
2023-12-14,SKU_18,Category_4,25,1986.0433488487708,0,71,3,12,50,22.0,20.0,28.0,0
2023-12-15,SKU_18,Category_4,20,1986.0433488487708,0,20,4,12,50,25.0,30.0,28.714285714285715,1
2023-12-16,SKU_18,Category_4,19,1986.0433488487708,1,19,5,12,50,20.0,38.0,27.285714285714285,1
2023-12-17,SKU_18,Category_4,27,1986.0433488487708,0,48,6,12,50,19.0,41.0,24.571428571428573,0
2023-12-18,SKU_18,Category_4,25,1986.0433488487708,0,70,0,12,51,27.0,27.0,22.571428571428573,0
2023-12-19,SKU_18,Category_4,17,1986.0433488487708,0,17,1,12,51,25.0,18.0,22.285714285714285,1
2023-12-20,SKU_18,Category_4,35,1986.0433488487708,0,60,2,12,51,17.0,22.0,22.142857142857142,0
2023-12-21,SKU_18,Category_4,22,1986.0433488487708,0,75,3,12,51,35.0,25.0,24.0,0
2023-12-22,SKU_18,Category_4,13,1986.0433488487708,0,13,4,12,51,22.0,20.0,23.571428571428573,1
2023-12-23,SKU_18,Category_4,28,1986.0433488487708,0,51,5,12,51,13.0,19.0,22.571428571428573,0
2023-12-24,SKU_18,Category_4,13,1986.0433488487708,1,13,6,12,51,28.0,27.0,23.857142857142858,1
2023-12-25,SKU_18,Category_4,28,1986.0433488487708,0,93,0,12,52,13.0,25.0,21.857142857142858,0
2023-12-26,SKU_18,Category_4,19,1986.0433488487708,0,41,1,12,52,28.0,17.0,22.285714285714285,0
2023-12-27,SKU_18,Category_4,21,1986.0433488487708,0,21,2,12,52,19.0,35.0,22.571428571428573,1
2023-12-28,SKU_18,Category_4,28,1986.0433488487708,0,87,3,12,52,21.0,22.0,20.571428571428573,0
2023-12-29,SKU_18,Category_4,24,1986.0433488487708,0,97,4,12,52,28.0,13.0,21.428571428571427,0
2023-12-30,SKU_18,Category_4,28,1986.0433488487708,0,85,5,12,52,24.0,28.0,23.0,0
2023-12-31,SKU_18,Category_4,27,1986.0433488487708,0,28,6,12,52,28.0,13.0,23.0,0
2023-01-08,SKU_19,Category_5,11,1342.132516997518,0,11,6,1,1,42.0,46.0,38.0,1
2023-01-09,SKU_19,Category_5,29,1342.132516997518,1,29,0,1,2,11.0,30.0,33.0,1
2023-01-10,SKU_19,Category_5,30,1342.132516997518,0,65,1,1,2,29.0,30.0,32.857142857142854,0
2023-01-11,SKU_19,Category_5,33,1342.132516997518,0,37,2,1,2,30.0,43.0,32.857142857142854,0
2023-01-12,SKU_19,Category_5,14,1342.132516997518,0,14,3,1,2,33.0,43.0,31.428571428571427,1
2023-01-13,SKU_19,Category_5,16,1342.132516997518,0,16,4,1,2,14.0,32.0,27.285714285714285,1
2023-01-14,SKU_19,Category_5,48,1342.132516997518,0,48,5,1,2,16.0,42.0,25.0,1
2023-01-15,SKU_19,Category_5,42,1342.132516997518,1,42,6,1,2,48.0,11.0,25.857142857142858,1
2023-01-16,SKU_19,Category_5,11,1342.132516997518,0,11,0,1,3,42.0,29.0,30.285714285714285,1
2023-01-17,SKU_19,Category_5,38,1342.132516997518,0,52,1,1,3,11.0,30.0,27.714285714285715,0
2023-01-18,SKU_19,Category_5,23,1342.132516997518,0,58,2,1,3,38.0,33.0,28.857142857142858,0
2023-01-19,SKU_19,Category_5,23,1342.132516997518,0,80,3,1,3,23.0,14.0,27.428571428571427,0
2023-01-20,SKU_19,Category_5,26,1342.132516997518,0,63,4,1,3,23.0,16.0,28.714285714285715,0
2023-01-21,SKU_19,Category_5,48,1342.132516997518,0,70,5,1,3,26.0,48.0,30.142857142857142,0
2023-01-22,SKU_19,Category_5,42,1342.132516997518,0,85,6,1,3,48.0,42.0,30.142857142857142,0
2023-01-23,SKU_19,Category_5,39,1342.132516997518,0,61,0,1,4,42.0,11.0,30.142857142857142,0
2023-01-24,SKU_19,Category_5,15,1342.132516997518,0,15,1,1,4,39.0,38.0,34.142857142857146,1
2023-01-25,SKU_19,Category_5,32,1342.132516997518,0,87,2,1,4,15.0,23.0,30.857142857142858,0
2023-01-26,SKU_19,Category_5,32,1342.132516997518,0,79,3,1,4,32.0,23.0,32.142857142857146,0
2023-01-27,SKU_19,Category_5,38,1342.132516997518,0,49,4,1,4,32.0,26.0,33.42857142857143,0
2023-01-28,SKU_19,Category_5,51,1342.132516997518,0,79,5,1,4,38.0,48.0,35.142857142857146,0
2023-01-29,SKU_19,Category_5,40,1342.132516997518,0,48,6,1,4,51.0,42.0,35.57142857142857,0
2023-01-30,SKU_19,Category_5,36,1342.132516997518,0,91,0,1,5,40.0,39.0,35.285714285714285,0
2023-01-31,SKU_19,Category_5,38,1342.132516997518,0,49,1,1,5,36.0,15.0,34.857142857142854,0
2023-02-01,SKU_19,Category_5,13,1342.132516997518,0,13,2,2,5,38.0,32.0,38.142857142857146,1
2023-02-02,SKU_19,Category_5,33,1342.132516997518,0,36,3,2,5,13.0,32.0,35.42857142857143,0
2023-02-03,SKU_19,Category_5,32,1342.132516997518,0,72,4,2,5,33.0,38.0,35.57142857142857,0
2023-02-04,SKU_19,Category_5,43,1342.132516997518,0,95,5,2,5,32.0,51.0,34.714285714285715,0
2023-02-05,SKU_19,Category_5,37,1342.132516997518,0,47,6,2,5,43.0,40.0,33.57142857142857,0
2023-02-06,SKU_19,Category_5,32,1342.132516997518,1,32,0,2,6,37.0,36.0,33.142857142857146,1
2023-02-07,SKU_19,Category_5,23,1342.132516997518,0,23,1,2,6,32.0,38.0,32.57142857142857,1
2023-02-08,SKU_19,Category_5,27,1342.132516997518,0,27,2,2,6,23.0,13.0,30.428571428571427,1
2023-02-09,SKU_19,Category_5,31,1342.132516997518,0,86,3,2,6,27.0,33.0,32.42857142857143,0
2023-02-10,SKU_19,Category_5,30,1342.132516997518,0,30,4,2,6,31.0,32.0,32.142857142857146,1
2023-02-11,SKU_19,Category_5,35,1342.132516997518,0,89,5,2,6,30.0,43.0,31.857142857142858,0
2023-02-12,SKU_19,Category_5,47,1342.132516997518,0,50,6,2,6,35.0,37.0,30.714285714285715,0
2023-02-13,SKU_19,Category_5,23,1342.132516997518,0,23,0,2,7,47.0,32.0,32.142857142857146,1
2023-02-14,SKU_19,Category_5,34,1342.132516997518,0,34,1,2,7,23.0,23.0,30.857142857142858,1
2023-02-15,SKU_19,Category_5,37,1342.132516997518,0,95,2,2,7,34.0,27.0,32.42857142857143,0
2023-02-16,SKU_19,Category_5,26,1342.132516997518,0,26,3,2,7,37.0,31.0,33.857142857142854,1
2023-02-17,SKU_19,Category_5,24,1342.132516997518,0,62,4,2,7,26.0,30.0,33.142857142857146,0
2023-02-18,SKU_19,Category_5,41,1342.132516997518,0,73,5,2,7,24.0,35.0,32.285714285714285,0
2023-02-19,SKU_19,Category_5,37,1342.132516997518,0,62,6,2,7,41.0,47.0,33.142857142857146,0
2023-02-20,SKU_19,Category_5,26,1342.132516997518,0,55,0,2,8,37.0,23.0,31.714285714285715,0
2023-02-21,SKU_19,Category_5,26,1342.132516997518,0,26,1,2,8,26.0,34.0,32.142857142857146,1
2023-02-22,SKU_19,Category_5,30,1342.132516997518,0,30,2,2,8,26.0,37.0,31.0,1
2023-02-23,SKU_19,Category_5,34,1342.132516997518,0,75,3,2,8,30.0,26.0,30.0,0
2023-02-24,SKU_19,Category_5,47,1342.132516997518,1,91,4,2,8,34.0,24.0,31.142857142857142,0
2023-02-25,SKU_19,Category_5,40,1342.132516997518,0,40,5,2,8,47.0,41.0,34.42857142857143,1
2023-02-26,SKU_19,Category_5,44,1342.132516997518,0,48,6,2,8,40.0,37.0,34.285714285714285,0
2023-02-27,SKU_19,Category_5,47,1342.132516997518,1,48,0,2,9,44.0,26.0,35.285714285714285,0
2023-02-28,SKU_19,Category_5,50,1342.132516997518,1,96,1,2,9,47.0,26.0,38.285714285714285,0
2023-03-01,SKU_19,Category_5,42,1342.132516997518,0,84,2,3,9,50.0,30.0,41.714285714285715,0
2023-03-02,SKU_19,Category_5,29,1342.132516997518,0,41,3,3,9,42.0,34.0,43.42857142857143,0
2023-03-03,SKU_19,Category_5,34,1342.132516997518,0,71,4,3,9,29.0,47.0,42.714285714285715,0
2023-03-04,SKU_19,Category_5,53,1342.132516997518,0,90,5,3,9,34.0,40.0,40.857142857142854,0
2023-03-05,SKU_19,Category_5,17,1342.132516997518,0,17,6,3,9,53.0,44.0,42.714285714285715,1
2023-03-06,SKU_19,Category_5,28,1342.132516997518,0,67,0,3,10,17.0,47.0,38.857142857142854,0
2023-03-07,SKU_19,Category_5,34,1342.132516997518,0,47,1,3,10,28.0,50.0,36.142857142857146,0
2023-03-08,SKU_19,Category_5,39,1342.132516997518,0,78,2,3,10,34.0,42.0,33.857142857142854,0
2023-03-09,SKU_19,Category_5,35,1342.132516997518,0,36,3,3,10,39.0,29.0,33.42857142857143,0
2023-03-10,SKU_19,Category_5,33,1342.132516997518,0,39,4,3,10,35.0,34.0,34.285714285714285,0
2023-03-11,SKU_19,Category_5,13,1342.132516997518,0,13,5,3,10,33.0,53.0,34.142857142857146,1
2023-03-12,SKU_19,Category_5,43,1342.132516997518,0,78,6,3,10,13.0,17.0,28.428571428571427,0
2023-03-13,SKU_19,Category_5,39,1342.132516997518,0,54,0,3,11,43.0,28.0,32.142857142857146,0
2023-03-14,SKU_19,Category_5,23,1342.132516997518,0,44,1,3,11,39.0,34.0,33.714285714285715,0
2023-03-15,SKU_19,Category_5,15,1342.132516997518,0,15,2,3,11,23.0,39.0,32.142857142857146,1
2023-03-16,SKU_19,Category_5,37,1342.132516997518,0,62,3,3,11,15.0,35.0,28.714285714285715,0
2023-03-17,SKU_19,Category_5,32,1342.132516997518,0,61,4,3,11,37.0,33.0,29.0,0
2023-03-18,SKU_19,Category_5,35,1342.132516997518,0,76,5,3,11,32.0,13.0,28.857142857142858,0
2023-03-19,SKU_19,Category_5,43,1342.132516997518,0,72,6,3,11,35.0,43.0,32.0,0
2023-03-20,SKU_19,Category_5,16,1342.132516997518,1,16,0,3,12,43.0,39.0,32.0,1
2023-03-21,SKU_19,Category_5,30,1342.132516997518,0,72,1,3,12,16.0,23.0,28.714285714285715,0
2023-03-22,SKU_19,Category_5,30,1342.132516997518,0,54,2,3,12,30.0,15.0,29.714285714285715,0
2023-03-23,SKU_19,Category_5,38,1342.132516997518,0,45,3,3,12,30.0,37.0,31.857142857142858,0
2023-03-24,SKU_19,Category_5,28,1342.132516997518,0,64,4,3,12,38.0,32.0,32.0,0
2023-03-25,SKU_19,Category_5,35,1342.132516997518,0,92,5,3,12,28.0,35.0,31.428571428571427,0
2023-03-26,SKU_19,Category_5,47,1342.132516997518,0,65,6,3,12,35.0,43.0,31.428571428571427,0
2023-03-27,SKU_19,Category_5,24,1342.132516997518,0,84,0,3,13,47.0,16.0,32.0,0
2023-03-28,SKU_19,Category_5,53,1342.132516997518,1,59,1,3,13,24.0,30.0,33.142857142857146,0
2023-03-29,SKU_19,Category_5,20,1342.132516997518,0,20,2,3,13,53.0,30.0,36.42857142857143,1
2023-03-30,SKU_19,Category_5,40,1342.132516997518,0,56,3,3,13,20.0,38.0,35.0,0
2023-03-31,SKU_19,Category_5,15,1342.132516997518,0,15,4,3,13,40.0,28.0,35.285714285714285,1
2023-04-01,SKU_19,Category_5,42,1342.132516997518,0,94,5,4,13,15.0,35.0,33.42857142857143,0
2023-04-02,SKU_19,Category_5,12,1342.132516997518,0,12,6,4,13,42.0,47.0,34.42857142857143,1
2023-04-03,SKU_19,Category_5,37,1342.132516997518,0,88,0,4,14,12.0,24.0,29.428571428571427,0
2023-04-04,SKU_19,Category_5,33,1342.132516997518,0,91,1,4,14,37.0,53.0,31.285714285714285,0
2023-04-05,SKU_19,Category_5,22,1342.132516997518,0,22,2,4,14,33.0,20.0,28.428571428571427,1
2023-04-06,SKU_19,Category_5,34,1342.132516997518,0,68,3,4,14,22.0,40.0,28.714285714285715,0
2023-04-07,SKU_19,Category_5,28,1342.132516997518,0,70,4,4,14,34.0,15.0,27.857142857142858,0
2023-04-08,SKU_19,Category_5,47,1342.132516997518,0,62,5,4,14,28.0,42.0,29.714285714285715,0
2023-04-09,SKU_19,Category_5,41,1342.132516997518,0,59,6,4,14,47.0,12.0,30.428571428571427,0
2023-04-10,SKU_19,Category_5,31,1342.132516997518,0,45,0,4,15,41.0,37.0,34.57142857142857,0
2023-04-11,SKU_19,Category_5,21,1342.132516997518,0,21,1,4,15,31.0,33.0,33.714285714285715,1
2023-04-12,SKU_19,Category_5,29,1342.132516997518,0,33,2,4,15,21.0,22.0,32.0,0
2023-04-13,SKU_19,Category_5,31,1342.132516997518,0,86,3,4,15,29.0,34.0,33.0,0
2023-04-14,SKU_19,Category_5,20,1342.132516997518,0,20,4,4,15,31.0,28.0,32.57142857142857,1
2023-04-15,SKU_19,Category_5,45,1342.132516997518,0,98,5,4,15,20.0,47.0,31.428571428571427,0
2023-04-16,SKU_19,Category_5,37,1342.132516997518,0,96,6,4,15,45.0,41.0,31.142857142857142,0
2023-04-17,SKU_19,Category_5,13,1342.132516997518,1,13,0,4,16,37.0,31.0,30.571428571428573,1
2023-04-18,SKU_19,Category_5,24,1342.132516997518,0,46,1,4,16,13.0,21.0,28.0,0
2023-04-19,SKU_19,Category_5,54,1342.132516997518,1,76,2,4,16,24.0,29.0,28.428571428571427,0
2023-04-20,SKU_19,Category_5,28,1342.132516997518,0,35,3,4,16,54.0,31.0,32.0,0
2023-04-21,SKU_19,Category_5,34,1342.132516997518,0,55,4,4,16,28.0,20.0,31.571428571428573,0
2023-04-22,SKU_19,Category_5,46,1342.132516997518,0,57,5,4,16,34.0,45.0,33.57142857142857,0
2023-04-23,SKU_19,Category_5,44,1342.132516997518,0,85,6,4,16,46.0,37.0,33.714285714285715,0
2023-04-24,SKU_19,Category_5,33,1342.132516997518,0,77,0,4,17,44.0,13.0,34.714285714285715,0
2023-04-25,SKU_19,Category_5,27,1342.132516997518,0,30,1,4,17,33.0,24.0,37.57142857142857,0
2023-04-26,SKU_19,Category_5,25,1342.132516997518,0,25,2,4,17,27.0,54.0,38.0,1
2023-04-27,SKU_19,Category_5,26,1342.132516997518,0,26,3,4,17,25.0,28.0,33.857142857142854,1
2023-04-28,SKU_19,Category_5,21,1342.132516997518,0,21,4,4,17,26.0,34.0,33.57142857142857,1
2023-04-29,SKU_19,Category_5,45,1342.132516997518,0,72,5,4,17,21.0,46.0,31.714285714285715,0
2023-04-30,SKU_19,Category_5,15,1342.132516997518,0,15,6,4,17,45.0,44.0,31.571428571428573,1
2023-05-01,SKU_19,Category_5,33,1342.132516997518,0,80,0,5,18,15.0,33.0,27.428571428571427,0
2023-05-02,SKU_19,Category_5,14,1342.132516997518,0,14,1,5,18,33.0,27.0,27.428571428571427,1
2023-05-03,SKU_19,Category_5,42,1342.132516997518,1,76,2,5,18,14.0,25.0,25.571428571428573,0
2023-05-04,SKU_19,Category_5,27,1342.132516997518,0,88,3,5,18,42.0,26.0,28.0,0
2023-05-05,SKU_19,Category_5,35,1342.132516997518,0,35,4,5,18,27.0,21.0,28.142857142857142,1
2023-05-06,SKU_19,Category_5,42,1342.132516997518,0,53,5,5,18,35.0,45.0,30.142857142857142,0
2023-05-07,SKU_19,Category_5,35,1342.132516997518,0,35,6,5,18,42.0,15.0,29.714285714285715,1
2023-05-08,SKU_19,Category_5,26,1342.132516997518,0,38,0,5,19,35.0,33.0,32.57142857142857,0
2023-05-09,SKU_19,Category_5,39,1342.132516997518,0,46,1,5,19,26.0,14.0,31.571428571428573,0
2023-05-10,SKU_19,Category_5,47,1342.132516997518,1,90,2,5,19,39.0,42.0,35.142857142857146,0
2023-05-11,SKU_19,Category_5,35,1342.132516997518,0,42,3,5,19,47.0,27.0,35.857142857142854,0
2023-05-12,SKU_19,Category_5,31,1342.132516997518,1,31,4,5,19,35.0,35.0,37.0,1
2023-05-13,SKU_19,Category_5,24,1342.132516997518,0,24,5,5,19,31.0,42.0,36.42857142857143,1
2023-05-14,SKU_19,Category_5,44,1342.132516997518,0,95,6,5,19,24.0,35.0,33.857142857142854,0
2023-05-15,SKU_19,Category_5,30,1342.132516997518,0,31,0,5,20,44.0,26.0,35.142857142857146,0
2023-05-16,SKU_19,Category_5,35,1342.132516997518,0,64,1,5,20,30.0,39.0,35.714285714285715,0
2023-05-17,SKU_19,Category_5,51,1342.132516997518,1,70,2,5,20,35.0,47.0,35.142857142857146,0
2023-05-18,SKU_19,Category_5,28,1342.132516997518,0,28,3,5,20,51.0,35.0,35.714285714285715,1
2023-05-19,SKU_19,Category_5,20,1342.132516997518,0,20,4,5,20,28.0,31.0,34.714285714285715,1
2023-05-20,SKU_19,Category_5,43,1342.132516997518,1,43,5,5,20,20.0,24.0,33.142857142857146,1
2023-05-21,SKU_19,Category_5,43,1342.132516997518,0,91,6,5,20,43.0,44.0,35.857142857142854,0
2023-05-22,SKU_19,Category_5,34,1342.132516997518,0,75,0,5,21,43.0,30.0,35.714285714285715,0
2023-05-23,SKU_19,Category_5,17,1342.132516997518,0,17,1,5,21,34.0,35.0,36.285714285714285,1
2023-05-24,SKU_19,Category_5,27,1342.132516997518,0,68,2,5,21,17.0,51.0,33.714285714285715,0
2023-05-25,SKU_19,Category_5,11,1342.132516997518,0,11,3,5,21,27.0,28.0,30.285714285714285,1
2023-05-26,SKU_19,Category_5,28,1342.132516997518,0,28,4,5,21,11.0,20.0,27.857142857142858,1
2023-05-27,SKU_19,Category_5,25,1342.132516997518,0,25,5,5,21,28.0,43.0,29.0,1
2023-05-28,SKU_19,Category_5,23,1342.132516997518,0,23,6,5,21,25.0,43.0,26.428571428571427,1
2023-05-29,SKU_19,Category_5,33,1342.132516997518,0,88,0,5,22,23.0,34.0,23.571428571428573,0
2023-05-30,SKU_19,Category_5,28,1342.132516997518,0,31,1,5,22,33.0,17.0,23.428571428571427,0
2023-05-31,SKU_19,Category_5,16,1342.132516997518,0,16,2,5,22,28.0,27.0,25.0,1
2023-06-01,SKU_19,Category_5,13,1342.132516997518,0,13,3,6,22,16.0,11.0,23.428571428571427,1
2023-06-02,SKU_19,Category_5,36,1342.132516997518,0,82,4,6,22,13.0,28.0,23.714285714285715,0
2023-06-03,SKU_19,Category_5,65,1342.132516997518,1,81,5,6,22,36.0,25.0,24.857142857142858,0
2023-06-04,SKU_19,Category_5,40,1342.132516997518,0,56,6,6,22,65.0,23.0,30.571428571428573,0
2023-06-05,SKU_19,Category_5,34,1342.132516997518,0,91,0,6,23,40.0,33.0,33.0,0
2023-06-06,SKU_19,Category_5,55,1342.132516997518,1,94,1,6,23,34.0,28.0,33.142857142857146,0
2023-06-07,SKU_19,Category_5,28,1342.132516997518,0,70,2,6,23,55.0,16.0,37.0,0
2023-06-08,SKU_19,Category_5,28,1342.132516997518,0,28,3,6,23,28.0,13.0,38.714285714285715,1
2023-06-09,SKU_19,Category_5,12,1342.132516997518,0,12,4,6,23,28.0,36.0,40.857142857142854,1
2023-06-10,SKU_19,Category_5,38,1342.132516997518,0,38,5,6,23,12.0,65.0,37.42857142857143,1
2023-06-11,SKU_19,Category_5,34,1342.132516997518,0,34,6,6,23,38.0,40.0,33.57142857142857,1
2023-06-12,SKU_19,Category_5,24,1342.132516997518,0,32,0,6,24,34.0,34.0,32.714285714285715,0
2023-06-13,SKU_19,Category_5,33,1342.132516997518,0,88,1,6,24,24.0,55.0,31.285714285714285,0
2023-06-14,SKU_19,Category_5,13,1342.132516997518,0,13,2,6,24,33.0,28.0,28.142857142857142,1
2023-06-15,SKU_19,Category_5,13,1342.132516997518,1,13,3,6,24,13.0,28.0,26.0,1
2023-06-16,SKU_19,Category_5,30,1342.132516997518,0,44,4,6,24,13.0,12.0,23.857142857142858,0
2023-06-17,SKU_19,Category_5,43,1342.132516997518,0,74,5,6,24,30.0,38.0,26.428571428571427,0
2023-06-18,SKU_19,Category_5,35,1342.132516997518,1,35,6,6,24,43.0,34.0,27.142857142857142,1
2023-06-19,SKU_19,Category_5,39,1342.132516997518,0,93,0,6,25,35.0,24.0,27.285714285714285,0
2023-06-20,SKU_19,Category_5,30,1342.132516997518,0,36,1,6,25,39.0,33.0,29.428571428571427,0
2023-06-21,SKU_19,Category_5,17,1342.132516997518,0,17,2,6,25,30.0,13.0,29.0,1
2023-06-22,SKU_19,Category_5,24,1342.132516997518,0,24,3,6,25,17.0,13.0,29.571428571428573,1
2023-06-23,SKU_19,Category_5,41,1342.132516997518,0,48,4,6,25,24.0,30.0,31.142857142857142,0
2023-06-24,SKU_19,Category_5,49,1342.132516997518,0,56,5,6,25,41.0,43.0,32.714285714285715,0
2023-06-25,SKU_19,Category_5,59,1342.132516997518,1,97,6,6,25,49.0,35.0,33.57142857142857,0
2023-06-26,SKU_19,Category_5,26,1342.132516997518,0,88,0,6,26,59.0,39.0,37.0,0
2023-06-27,SKU_19,Category_5,35,1342.132516997518,0,64,1,6,26,26.0,30.0,35.142857142857146,0
2023-06-28,SKU_19,Category_5,46,1342.132516997518,1,98,2,6,26,35.0,17.0,35.857142857142854,0
2023-06-29,SKU_19,Category_5,27,1342.132516997518,0,65,3,6,26,46.0,24.0,40.0,0
2023-06-30,SKU_19,Category_5,49,1342.132516997518,1,78,4,6,26,27.0,41.0,40.42857142857143,0
2023-07-01,SKU_19,Category_5,43,1342.132516997518,0,90,5,7,26,49.0,49.0,41.57142857142857,0
2023-07-02,SKU_19,Category_5,47,1342.132516997518,0,87,6,7,26,43.0,59.0,40.714285714285715,0
2023-07-03,SKU_19,Category_5,35,1342.132516997518,0,83,0,7,27,47.0,26.0,39.0,0
2023-07-04,SKU_19,Category_5,26,1342.132516997518,0,44,1,7,27,35.0,35.0,40.285714285714285,0
2023-07-05,SKU_19,Category_5,36,1342.132516997518,0,55,2,7,27,26.0,46.0,39.0,0
2023-07-06,SKU_19,Category_5,40,1342.132516997518,0,71,3,7,27,36.0,27.0,37.57142857142857,0
2023-07-07,SKU_19,Category_5,28,1342.132516997518,0,72,4,7,27,40.0,49.0,39.42857142857143,0
2023-07-08,SKU_19,Category_5,39,1342.132516997518,0,69,5,7,27,28.0,43.0,36.42857142857143,0
2023-07-09,SKU_19,Category_5,22,1342.132516997518,0,22,6,7,27,39.0,47.0,35.857142857142854,1
2023-07-10,SKU_19,Category_5,32,1342.132516997518,0,32,0,7,28,22.0,35.0,32.285714285714285,1
2023-07-11,SKU_19,Category_5,32,1342.132516997518,0,38,1,7,28,32.0,26.0,31.857142857142858,0
2023-07-12,SKU_19,Category_5,31,1342.132516997518,0,56,2,7,28,32.0,36.0,32.714285714285715,0
2023-07-13,SKU_19,Category_5,27,1342.132516997518,0,63,3,7,28,31.0,40.0,32.0,0
2023-07-14,SKU_19,Category_5,31,1342.132516997518,0,31,4,7,28,27.0,28.0,30.142857142857142,1
2023-07-15,SKU_19,Category_5,16,1342.132516997518,0,16,5,7,28,31.0,39.0,30.571428571428573,1
2023-07-16,SKU_19,Category_5,12,1342.132516997518,0,12,6,7,28,16.0,22.0,27.285714285714285,1
2023-07-17,SKU_19,Category_5,31,1342.132516997518,0,86,0,7,29,12.0,32.0,25.857142857142858,0
2023-07-18,SKU_19,Category_5,41,1342.132516997518,0,78,1,7,29,31.0,32.0,25.714285714285715,0
2023-07-19,SKU_19,Category_5,39,1342.132516997518,0,43,2,7,29,41.0,31.0,27.0,0
2023-07-20,SKU_19,Category_5,33,1342.132516997518,0,36,3,7,29,39.0,27.0,28.142857142857142,0
2023-07-21,SKU_19,Category_5,28,1342.132516997518,1,28,4,7,29,33.0,31.0,29.0,1
2023-07-22,SKU_19,Category_5,34,1342.132516997518,0,34,5,7,29,28.0,16.0,28.571428571428573,1
2023-07-23,SKU_19,Category_5,42,1342.132516997518,0,92,6,7,29,34.0,12.0,31.142857142857142,0
2023-07-24,SKU_19,Category_5,44,1342.132516997518,0,94,0,7,30,42.0,31.0,35.42857142857143,0
2023-07-25,SKU_19,Category_5,16,1342.132516997518,0,16,1,7,30,44.0,41.0,37.285714285714285,1
2023-07-26,SKU_19,Category_5,29,1342.132516997518,0,32,2,7,30,16.0,39.0,33.714285714285715,0
2023-07-27,SKU_19,Category_5,29,1342.132516997518,0,29,3,7,30,29.0,33.0,32.285714285714285,1
2023-07-28,SKU_19,Category_5,11,1342.132516997518,1,11,4,7,30,29.0,28.0,31.714285714285715,1
2023-07-29,SKU_19,Category_5,40,1342.132516997518,0,45,5,7,30,11.0,34.0,29.285714285714285,0
2023-07-30,SKU_19,Category_5,44,1342.132516997518,0,90,6,7,30,40.0,42.0,30.142857142857142,0
2023-07-31,SKU_19,Category_5,33,1342.132516997518,0,72,0,7,31,44.0,44.0,30.428571428571427,0
2023-08-01,SKU_19,Category_5,29,1342.132516997518,0,29,1,8,31,33.0,16.0,28.857142857142858,1
2023-08-02,SKU_19,Category_5,29,1342.132516997518,0,54,2,8,31,29.0,29.0,30.714285714285715,0
2023-08-03,SKU_19,Category_5,19,1342.132516997518,1,19,3,8,31,29.0,29.0,30.714285714285715,1
2023-08-04,SKU_19,Category_5,33,1342.132516997518,1,33,4,8,31,19.0,11.0,29.285714285714285,1
2023-08-05,SKU_19,Category_5,40,1342.132516997518,0,47,5,8,31,33.0,40.0,32.42857142857143,0
2023-08-06,SKU_19,Category_5,38,1342.132516997518,0,98,6,8,31,40.0,44.0,32.42857142857143,0
2023-08-07,SKU_19,Category_5,36,1342.132516997518,0,98,0,8,32,38.0,33.0,31.571428571428573,0
2023-08-08,SKU_19,Category_5,27,1342.132516997518,0,50,1,8,32,36.0,29.0,32.0,0
2023-08-09,SKU_19,Category_5,33,1342.132516997518,0,40,2,8,32,27.0,29.0,31.714285714285715,0
2023-08-10,SKU_19,Category_5,27,1342.132516997518,0,27,3,8,32,33.0,19.0,32.285714285714285,1
2023-08-11,SKU_19,Category_5,11,1342.132516997518,0,11,4,8,32,27.0,33.0,33.42857142857143,1
2023-08-12,SKU_19,Category_5,43,1342.132516997518,0,60,5,8,32,11.0,40.0,30.285714285714285,0
2023-08-13,SKU_19,Category_5,38,1342.132516997518,0,65,6,8,32,43.0,38.0,30.714285714285715,0
2023-08-14,SKU_19,Category_5,24,1342.132516997518,0,71,0,8,33,38.0,36.0,30.714285714285715,0
2023-08-15,SKU_19,Category_5,28,1342.132516997518,0,92,1,8,33,24.0,27.0,29.0,0
2023-08-16,SKU_19,Category_5,28,1342.132516997518,0,44,2,8,33,28.0,33.0,29.142857142857142,0
2023-08-17,SKU_19,Category_5,34,1342.132516997518,0,58,3,8,33,28.0,27.0,28.428571428571427,0
2023-08-18,SKU_19,Category_5,10,1342.132516997518,0,10,4,8,33,34.0,11.0,29.428571428571427,1
2023-08-19,SKU_19,Category_5,29,1342.132516997518,0,29,5,8,33,10.0,43.0,29.285714285714285,1
2023-08-20,SKU_19,Category_5,35,1342.132516997518,0,96,6,8,33,29.0,38.0,27.285714285714285,0
2023-08-21,SKU_19,Category_5,26,1342.132516997518,0,98,0,8,34,35.0,24.0,26.857142857142858,0
2023-08-22,SKU_19,Category_5,29,1342.132516997518,0,33,1,8,34,26.0,28.0,27.142857142857142,0
2023-08-23,SKU_19,Category_5,34,1342.132516997518,0,93,2,8,34,29.0,28.0,27.285714285714285,0
2023-08-24,SKU_19,Category_5,33,1342.132516997518,0,39,3,8,34,34.0,34.0,28.142857142857142,0
2023-08-25,SKU_19,Category_5,26,1342.132516997518,0,26,4,8,34,33.0,10.0,28.0,1
2023-08-26,SKU_19,Category_5,27,1342.132516997518,0,27,5,8,34,26.0,29.0,30.285714285714285,1
2023-08-27,SKU_19,Category_5,40,1342.132516997518,0,40,6,8,34,27.0,35.0,30.0,1
2023-08-28,SKU_19,Category_5,15,1342.132516997518,0,15,0,8,35,40.0,26.0,30.714285714285715,1
2023-08-29,SKU_19,Category_5,20,1342.132516997518,0,28,1,8,35,15.0,29.0,29.142857142857142,0
2023-08-30,SKU_19,Category_5,33,1342.132516997518,0,41,2,8,35,20.0,34.0,27.857142857142858,0
2023-08-31,SKU_19,Category_5,28,1342.132516997518,0,40,3,8,35,33.0,33.0,27.714285714285715,0
2023-09-01,SKU_19,Category_5,26,1342.132516997518,0,64,4,9,35,28.0,26.0,27.0,0
2023-09-02,SKU_19,Category_5,10,1342.132516997518,0,10,5,9,35,26.0,27.0,27.0,1
2023-09-03,SKU_19,Category_5,12,1342.132516997518,0,12,6,9,35,10.0,40.0,24.571428571428573,1
2023-09-04,SKU_19,Category_5,27,1342.132516997518,0,27,0,9,36,12.0,15.0,20.571428571428573,1
2023-09-05,SKU_19,Category_5,49,1342.132516997518,1,93,1,9,36,27.0,20.0,22.285714285714285,0
2023-09-06,SKU_19,Category_5,10,1342.132516997518,0,10,2,9,36,49.0,33.0,26.428571428571427,1
2023-09-07,SKU_19,Category_5,28,1342.132516997518,0,28,3,9,36,10.0,28.0,23.142857142857142,1
2023-09-08,SKU_19,Category_5,15,1342.132516997518,0,15,4,9,36,28.0,26.0,23.142857142857142,1
2023-09-09,SKU_19,Category_5,36,1342.132516997518,0,81,5,9,36,15.0,10.0,21.571428571428573,0
2023-09-10,SKU_19,Category_5,35,1342.132516997518,0,77,6,9,36,36.0,12.0,25.285714285714285,0
2023-09-11,SKU_19,Category_5,57,1342.132516997518,1,75,0,9,37,35.0,27.0,28.571428571428573,0
2023-09-12,SKU_19,Category_5,32,1342.132516997518,0,45,1,9,37,57.0,49.0,32.857142857142854,0
2023-09-13,SKU_19,Category_5,34,1342.132516997518,0,64,2,9,37,32.0,10.0,30.428571428571427,0
2023-09-14,SKU_19,Category_5,39,1342.132516997518,0,67,3,9,37,34.0,28.0,33.857142857142854,0
2023-09-15,SKU_19,Category_5,31,1342.132516997518,0,38,4,9,37,39.0,15.0,35.42857142857143,0
2023-09-16,SKU_19,Category_5,15,1342.132516997518,0,15,5,9,37,31.0,36.0,37.714285714285715,1
2023-09-17,SKU_19,Category_5,46,1342.132516997518,0,53,6,9,37,15.0,35.0,34.714285714285715,0
2023-09-18,SKU_19,Category_5,29,1342.132516997518,0,48,0,9,38,46.0,57.0,36.285714285714285,0
2023-09-19,SKU_19,Category_5,12,1342.132516997518,0,12,1,9,38,29.0,32.0,32.285714285714285,1
2023-09-20,SKU_19,Category_5,28,1342.132516997518,0,85,2,9,38,12.0,34.0,29.428571428571427,0
2023-09-21,SKU_19,Category_5,28,1342.132516997518,0,28,3,9,38,28.0,39.0,28.571428571428573,1
2023-09-22,SKU_19,Category_5,26,1342.132516997518,0,26,4,9,38,28.0,31.0,27.0,1
2023-09-23,SKU_19,Category_5,19,1342.132516997518,1,19,5,9,38,26.0,15.0,26.285714285714285,1
2023-09-24,SKU_19,Category_5,41,1342.132516997518,0,51,6,9,38,19.0,46.0,26.857142857142858,0
2023-09-25,SKU_19,Category_5,28,1342.132516997518,0,95,0,9,39,41.0,29.0,26.142857142857142,0
2023-09-26,SKU_19,Category_5,33,1342.132516997518,0,33,1,9,39,28.0,12.0,26.0,1
2023-09-27,SKU_19,Category_5,28,1342.132516997518,0,49,2,9,39,33.0,28.0,29.0,0
2023-09-28,SKU_19,Category_5,28,1342.132516997518,0,91,3,9,39,28.0,28.0,29.0,0
2023-09-29,SKU_19,Category_5,21,1342.132516997518,0,21,4,9,39,28.0,26.0,29.0,1
2023-09-30,SKU_19,Category_5,70,1342.132516997518,1,89,5,9,39,21.0,19.0,28.285714285714285,0
2023-10-01,SKU_19,Category_5,57,1342.132516997518,0,66,6,10,39,70.0,41.0,35.57142857142857,0
2023-10-02,SKU_19,Category_5,12,1342.132516997518,0,12,0,10,40,57.0,28.0,37.857142857142854,1
2023-10-03,SKU_19,Category_5,39,1342.132516997518,0,93,1,10,40,12.0,33.0,35.57142857142857,0
2023-10-04,SKU_19,Category_5,31,1342.132516997518,0,45,2,10,40,39.0,28.0,36.42857142857143,0
2023-10-05,SKU_19,Category_5,28,1342.132516997518,0,28,3,10,40,31.0,28.0,36.857142857142854,1
2023-10-06,SKU_19,Category_5,37,1342.132516997518,0,45,4,10,40,28.0,21.0,36.857142857142854,0
2023-10-07,SKU_19,Category_5,10,1342.132516997518,0,10,5,10,40,37.0,70.0,39.142857142857146,1
2023-10-08,SKU_19,Category_5,25,1342.132516997518,0,25,6,10,40,10.0,57.0,30.571428571428573,1
2023-10-09,SKU_19,Category_5,27,1342.132516997518,0,77,0,10,41,25.0,12.0,26.0,0
2023-10-10,SKU_19,Category_5,34,1342.132516997518,0,82,1,10,41,27.0,39.0,28.142857142857142,0
2023-10-11,SKU_19,Category_5,32,1342.132516997518,0,98,2,10,41,34.0,31.0,27.428571428571427,0
2023-10-12,SKU_19,Category_5,36,1342.132516997518,0,75,3,10,41,32.0,28.0,27.571428571428573,0
2023-10-13,SKU_19,Category_5,31,1342.132516997518,0,62,4,10,41,36.0,37.0,28.714285714285715,0
2023-10-14,SKU_19,Category_5,45,1342.132516997518,0,71,5,10,41,31.0,10.0,27.857142857142858,0
2023-10-15,SKU_19,Category_5,41,1342.132516997518,0,77,6,10,41,45.0,25.0,32.857142857142854,0
2023-10-16,SKU_19,Category_5,13,1342.132516997518,0,13,0,10,42,41.0,27.0,35.142857142857146,1
2023-10-17,SKU_19,Category_5,31,1342.132516997518,0,58,1,10,42,13.0,34.0,33.142857142857146,0
2023-10-18,SKU_19,Category_5,26,1342.132516997518,0,83,2,10,42,31.0,32.0,32.714285714285715,0
2023-10-19,SKU_19,Category_5,32,1342.132516997518,0,32,3,10,42,26.0,36.0,31.857142857142858,1
2023-10-20,SKU_19,Category_5,32,1342.132516997518,0,77,4,10,42,32.0,31.0,31.285714285714285,0
2023-10-21,SKU_19,Category_5,37,1342.132516997518,0,37,5,10,42,32.0,45.0,31.428571428571427,1
2023-10-22,SKU_19,Category_5,46,1342.132516997518,0,94,6,10,42,37.0,41.0,30.285714285714285,0
2023-10-23,SKU_19,Category_5,52,1342.132516997518,1,53,0,10,43,46.0,13.0,31.0,0
2023-10-24,SKU_19,Category_5,30,1342.132516997518,0,90,1,10,43,52.0,31.0,36.57142857142857,0
2023-10-25,SKU_19,Category_5,34,1342.132516997518,0,53,2,10,43,30.0,26.0,36.42857142857143,0
2023-10-26,SKU_19,Category_5,32,1342.132516997518,0,32,3,10,43,34.0,32.0,37.57142857142857,1
2023-10-27,SKU_19,Category_5,29,1342.132516997518,0,63,4,10,43,32.0,32.0,37.57142857142857,0
2023-10-28,SKU_19,Category_5,22,1342.132516997518,0,22,5,10,43,29.0,37.0,37.142857142857146,1
2023-10-29,SKU_19,Category_5,61,1342.132516997518,1,89,6,10,43,22.0,46.0,35.0,0
2023-10-30,SKU_19,Category_5,32,1342.132516997518,0,66,0,10,44,61.0,52.0,37.142857142857146,0
2023-10-31,SKU_19,Category_5,28,1342.132516997518,1,28,1,10,44,32.0,30.0,34.285714285714285,1
2023-11-01,SKU_19,Category_5,30,1342.132516997518,0,72,2,11,44,28.0,34.0,34.0,0
2023-11-02,SKU_19,Category_5,34,1342.132516997518,0,40,3,11,44,30.0,32.0,33.42857142857143,0
2023-11-03,SKU_19,Category_5,41,1342.132516997518,1,59,4,11,44,34.0,29.0,33.714285714285715,0
2023-11-04,SKU_19,Category_5,42,1342.132516997518,0,43,5,11,44,41.0,22.0,35.42857142857143,0
2023-11-05,SKU_19,Category_5,38,1342.132516997518,0,97,6,11,44,42.0,61.0,38.285714285714285,0
2023-11-06,SKU_19,Category_5,21,1342.132516997518,0,46,0,11,45,38.0,32.0,35.0,0
2023-11-07,SKU_19,Category_5,33,1342.132516997518,0,35,1,11,45,21.0,28.0,33.42857142857143,0
2023-11-08,SKU_19,Category_5,31,1342.132516997518,0,68,2,11,45,33.0,30.0,34.142857142857146,0
2023-11-09,SKU_19,Category_5,27,1342.132516997518,0,27,3,11,45,31.0,34.0,34.285714285714285,1
2023-11-10,SKU_19,Category_5,59,1342.132516997518,1,59,4,11,45,27.0,41.0,33.285714285714285,1
2023-11-11,SKU_19,Category_5,40,1342.132516997518,0,93,5,11,45,59.0,42.0,35.857142857142854,0
2023-11-12,SKU_19,Category_5,49,1342.132516997518,0,83,6,11,45,40.0,38.0,35.57142857142857,0
2023-11-13,SKU_19,Category_5,28,1342.132516997518,0,28,0,11,46,49.0,21.0,37.142857142857146,1
2023-11-14,SKU_19,Category_5,50,1342.132516997518,1,68,1,11,46,28.0,33.0,38.142857142857146,0
2023-11-15,SKU_19,Category_5,13,1342.132516997518,0,13,2,11,46,50.0,31.0,40.57142857142857,1
2023-11-16,SKU_19,Category_5,34,1342.132516997518,0,74,3,11,46,13.0,27.0,38.0,0
2023-11-17,SKU_19,Category_5,42,1342.132516997518,0,70,4,11,46,34.0,59.0,39.0,0
2023-11-18,SKU_19,Category_5,45,1342.132516997518,0,45,5,11,46,42.0,40.0,36.57142857142857,1
2023-11-19,SKU_19,Category_5,23,1342.132516997518,0,23,6,11,46,45.0,49.0,37.285714285714285,1
2023-11-20,SKU_19,Category_5,21,1342.132516997518,0,59,0,11,47,23.0,28.0,33.57142857142857,0
2023-11-21,SKU_19,Category_5,19,1342.132516997518,0,19,1,11,47,21.0,50.0,32.57142857142857,1
2023-11-22,SKU_19,Category_5,33,1342.132516997518,0,54,2,11,47,19.0,13.0,28.142857142857142,0
2023-11-23,SKU_19,Category_5,43,1342.132516997518,0,43,3,11,47,33.0,34.0,31.0,1
2023-11-24,SKU_19,Category_5,39,1342.132516997518,0,98,4,11,47,43.0,42.0,32.285714285714285,0
2023-11-25,SKU_19,Category_5,24,1342.132516997518,0,24,5,11,47,39.0,45.0,31.857142857142858,1
2023-11-26,SKU_19,Category_5,13,1342.132516997518,1,13,6,11,47,24.0,23.0,28.857142857142858,1
2023-11-27,SKU_19,Category_5,35,1342.132516997518,0,99,0,11,48,13.0,21.0,27.428571428571427,0
2023-11-28,SKU_19,Category_5,27,1342.132516997518,0,88,1,11,48,35.0,19.0,29.428571428571427,0
2023-11-29,SKU_19,Category_5,35,1342.132516997518,0,46,2,11,48,27.0,33.0,30.571428571428573,0
2023-11-30,SKU_19,Category_5,38,1342.132516997518,0,95,3,11,48,35.0,43.0,30.857142857142858,0
2023-12-01,SKU_19,Category_5,43,1342.132516997518,1,74,4,12,48,38.0,39.0,30.142857142857142,0
2023-12-02,SKU_19,Category_5,51,1342.132516997518,0,67,5,12,48,43.0,24.0,30.714285714285715,0
2023-12-03,SKU_19,Category_5,42,1342.132516997518,0,68,6,12,48,51.0,13.0,34.57142857142857,0
2023-12-04,SKU_19,Category_5,16,1342.132516997518,0,99,0,12,49,42.0,35.0,38.714285714285715,0
2023-12-05,SKU_19,Category_5,36,1342.132516997518,0,36,1,12,49,16.0,27.0,36.0,1
2023-12-06,SKU_19,Category_5,35,1342.132516997518,0,69,2,12,49,36.0,35.0,37.285714285714285,0
2023-12-07,SKU_19,Category_5,53,1342.132516997518,1,86,3,12,49,35.0,38.0,37.285714285714285,0
2023-12-08,SKU_19,Category_5,31,1342.132516997518,0,72,4,12,49,53.0,43.0,39.42857142857143,0
2023-12-09,SKU_19,Category_5,28,1342.132516997518,0,28,5,12,49,31.0,51.0,37.714285714285715,1
2023-12-10,SKU_19,Category_5,38,1342.132516997518,0,48,6,12,49,28.0,42.0,34.42857142857143,0
2023-12-11,SKU_19,Category_5,40,1342.132516997518,0,61,0,12,50,38.0,16.0,33.857142857142854,0
2023-12-12,SKU_19,Category_5,39,1342.132516997518,0,44,1,12,50,40.0,36.0,37.285714285714285,0
2023-12-13,SKU_19,Category_5,32,1342.132516997518,0,58,2,12,50,39.0,35.0,37.714285714285715,0
2023-12-14,SKU_19,Category_5,27,1342.132516997518,0,96,3,12,50,32.0,53.0,37.285714285714285,0
2023-12-15,SKU_19,Category_5,25,1342.132516997518,0,49,4,12,50,27.0,31.0,33.57142857142857,0
2023-12-16,SKU_19,Category_5,43,1342.132516997518,0,78,5,12,50,25.0,28.0,32.714285714285715,0
2023-12-17,SKU_19,Category_5,67,1342.132516997518,1,77,6,12,50,43.0,38.0,34.857142857142854,0
2023-12-18,SKU_19,Category_5,45,1342.132516997518,0,87,0,12,51,67.0,40.0,39.0,0
2023-12-19,SKU_19,Category_5,13,1342.132516997518,0,13,1,12,51,45.0,39.0,39.714285714285715,1
2023-12-20,SKU_19,Category_5,30,1342.132516997518,0,42,2,12,51,13.0,32.0,36.0,0
2023-12-21,SKU_19,Category_5,30,1342.132516997518,0,34,3,12,51,30.0,27.0,35.714285714285715,0
2023-12-22,SKU_19,Category_5,13,1342.132516997518,0,13,4,12,51,30.0,25.0,36.142857142857146,1
2023-12-23,SKU_19,Category_5,43,1342.132516997518,0,68,5,12,51,13.0,43.0,34.42857142857143,0
2023-12-24,SKU_19,Category_5,31,1342.132516997518,0,31,6,12,51,43.0,67.0,34.42857142857143,1
2023-12-25,SKU_19,Category_5,23,1342.132516997518,0,61,0,12,52,31.0,45.0,29.285714285714285,0
2023-12-26,SKU_19,Category_5,35,1342.132516997518,0,52,1,12,52,23.0,13.0,26.142857142857142,0
2023-12-27,SKU_19,Category_5,33,1342.132516997518,0,54,2,12,52,35.0,30.0,29.285714285714285,0
2023-12-28,SKU_19,Category_5,29,1342.132516997518,0,64,3,12,52,33.0,30.0,29.714285714285715,0
2023-12-29,SKU_19,Category_5,28,1342.132516997518,0,95,4,12,52,29.0,13.0,29.571428571428573,0
2023-12-30,SKU_19,Category_5,34,1342.132516997518,0,86,5,12,52,28.0,43.0,31.714285714285715,0
2023-12-31,SKU_19,Category_5,44,1342.132516997518,0,44,6,12,52,34.0,31.0,30.428571428571427,1
2023-01-08,SKU_2,Category_3,14,586.7640148450946,0,14,6,1,1,32.0,43.0,29.571428571428573,1
2023-01-09,SKU_2,Category_3,29,586.7640148450946,0,97,0,1,2,14.0,27.0,25.428571428571427,0
2023-01-10,SKU_2,Category_3,24,586.7640148450946,0,46,1,1,2,29.0,36.0,25.714285714285715,0
2023-01-11,SKU_2,Category_3,20,586.7640148450946,0,86,2,1,2,24.0,22.0,24.0,0
2023-01-12,SKU_2,Category_3,24,586.7640148450946,0,67,3,1,2,20.0,28.0,23.714285714285715,0
2023-01-13,SKU_2,Category_3,29,586.7640148450946,0,49,4,1,2,24.0,19.0,23.142857142857142,0
2023-01-14,SKU_2,Category_3,15,586.7640148450946,0,15,5,1,2,29.0,32.0,24.571428571428573,1
2023-01-15,SKU_2,Category_3,33,586.7640148450946,0,89,6,1,2,15.0,14.0,22.142857142857142,0
2023-01-16,SKU_2,Category_3,28,586.7640148450946,0,98,0,1,3,33.0,29.0,24.857142857142858,0
2023-01-17,SKU_2,Category_3,38,586.7640148450946,1,72,1,1,3,28.0,24.0,24.714285714285715,0
2023-01-18,SKU_2,Category_3,24,586.7640148450946,0,54,2,1,3,38.0,20.0,26.714285714285715,0
2023-01-19,SKU_2,Category_3,23,586.7640148450946,0,40,3,1,3,24.0,24.0,27.285714285714285,0
2023-01-20,SKU_2,Category_3,22,586.7640148450946,0,39,4,1,3,23.0,29.0,27.142857142857142,0
2023-01-21,SKU_2,Category_3,42,586.7640148450946,1,91,5,1,3,22.0,15.0,26.142857142857142,0
2023-01-22,SKU_2,Category_3,31,586.7640148450946,0,48,6,1,3,42.0,33.0,30.0,0
2023-01-23,SKU_2,Category_3,22,586.7640148450946,0,22,0,1,4,31.0,28.0,29.714285714285715,1
2023-01-24,SKU_2,Category_3,24,586.7640148450946,0,69,1,1,4,22.0,38.0,28.857142857142858,0
2023-01-25,SKU_2,Category_3,24,586.7640148450946,0,44,2,1,4,24.0,24.0,26.857142857142858,0
2023-01-26,SKU_2,Category_3,29,586.7640148450946,0,37,3,1,4,24.0,23.0,26.857142857142858,0
2023-01-27,SKU_2,Category_3,22,586.7640148450946,0,46,4,1,4,29.0,22.0,27.714285714285715,0
2023-01-28,SKU_2,Category_3,32,586.7640148450946,0,77,5,1,4,22.0,42.0,27.714285714285715,0
2023-01-29,SKU_2,Category_3,26,586.7640148450946,0,26,6,1,4,32.0,31.0,26.285714285714285,1
2023-01-30,SKU_2,Category_3,22,586.7640148450946,0,31,0,1,5,26.0,22.0,25.571428571428573,0
2023-01-31,SKU_2,Category_3,33,586.7640148450946,0,91,1,1,5,22.0,24.0,25.571428571428573,0
2023-02-01,SKU_2,Category_3,21,586.7640148450946,0,85,2,2,5,33.0,24.0,26.857142857142858,0
2023-02-02,SKU_2,Category_3,20,586.7640148450946,0,20,3,2,5,21.0,29.0,26.428571428571427,1
2023-02-03,SKU_2,Category_3,29,586.7640148450946,0,84,4,2,5,20.0,22.0,25.142857142857142,0
2023-02-04,SKU_2,Category_3,28,586.7640148450946,0,35,5,2,5,29.0,32.0,26.142857142857142,0
2023-02-05,SKU_2,Category_3,22,586.7640148450946,0,22,6,2,5,28.0,26.0,25.571428571428573,1
2023-02-06,SKU_2,Category_3,23,586.7640148450946,0,24,0,2,6,22.0,22.0,25.0,0
2023-02-07,SKU_2,Category_3,11,586.7640148450946,0,11,1,2,6,23.0,33.0,25.142857142857142,1
2023-02-08,SKU_2,Category_3,27,586.7640148450946,0,93,2,2,6,11.0,21.0,22.0,0
2023-02-09,SKU_2,Category_3,22,586.7640148450946,0,30,3,2,6,27.0,20.0,22.857142857142858,0
2023-02-10,SKU_2,Category_3,30,586.7640148450946,1,68,4,2,6,22.0,29.0,23.142857142857142,0
2023-02-11,SKU_2,Category_3,10,586.7640148450946,1,10,5,2,6,30.0,28.0,23.285714285714285,1
2023-02-12,SKU_2,Category_3,38,586.7640148450946,0,47,6,2,6,10.0,22.0,20.714285714285715,0
2023-02-13,SKU_2,Category_3,17,586.7640148450946,0,24,0,2,7,38.0,23.0,23.0,0
2023-02-14,SKU_2,Category_3,31,586.7640148450946,0,36,1,2,7,17.0,11.0,22.142857142857142,0
2023-02-15,SKU_2,Category_3,37,586.7640148450946,1,62,2,2,7,31.0,27.0,25.0,0
2023-02-16,SKU_2,Category_3,22,586.7640148450946,0,36,3,2,7,37.0,22.0,26.428571428571427,0
2023-02-17,SKU_2,Category_3,27,586.7640148450946,0,73,4,2,7,22.0,30.0,26.428571428571427,0
2023-02-18,SKU_2,Category_3,33,586.7640148450946,0,33,5,2,7,27.0,10.0,26.0,1
2023-02-19,SKU_2,Category_3,34,586.7640148450946,1,34,6,2,7,33.0,38.0,29.285714285714285,1
2023-02-20,SKU_2,Category_3,26,586.7640148450946,0,80,0,2,8,34.0,17.0,28.714285714285715,0
2023-02-21,SKU_2,Category_3,20,586.7640148450946,0,47,1,2,8,26.0,31.0,30.0,0
2023-02-22,SKU_2,Category_3,33,586.7640148450946,0,69,2,2,8,20.0,37.0,28.428571428571427,0
2023-02-23,SKU_2,Category_3,16,586.7640148450946,0,97,3,2,8,33.0,22.0,27.857142857142858,0
2023-02-24,SKU_2,Category_3,26,586.7640148450946,0,73,4,2,8,16.0,27.0,27.0,0
2023-02-25,SKU_2,Category_3,28,586.7640148450946,0,47,5,2,8,26.0,33.0,26.857142857142858,0
2023-02-26,SKU_2,Category_3,19,586.7640148450946,0,54,6,2,8,28.0,34.0,26.142857142857142,0
2023-02-27,SKU_2,Category_3,28,586.7640148450946,0,50,0,2,9,19.0,26.0,24.0,0
2023-02-28,SKU_2,Category_3,28,586.7640148450946,0,55,1,2,9,28.0,20.0,24.285714285714285,0
2023-03-01,SKU_2,Category_3,29,586.7640148450946,0,29,2,3,9,28.0,33.0,25.428571428571427,1
2023-03-02,SKU_2,Category_3,23,586.7640148450946,0,49,3,3,9,29.0,16.0,24.857142857142858,0
2023-03-03,SKU_2,Category_3,25,586.7640148450946,0,42,4,3,9,23.0,26.0,25.857142857142858,0
2023-03-04,SKU_2,Category_3,20,586.7640148450946,0,39,5,3,9,25.0,28.0,25.714285714285715,0
2023-03-05,SKU_2,Category_3,30,586.7640148450946,0,75,6,3,9,20.0,19.0,24.571428571428573,0
2023-03-06,SKU_2,Category_3,32,586.7640148450946,1,99,0,3,10,30.0,28.0,26.142857142857142,0
2023-03-07,SKU_2,Category_3,21,586.7640148450946,0,53,1,3,10,32.0,28.0,26.714285714285715,0
2023-03-08,SKU_2,Category_3,26,586.7640148450946,0,84,2,3,10,21.0,29.0,25.714285714285715,0
2023-03-09,SKU_2,Category_3,25,586.7640148450946,0,82,3,3,10,26.0,23.0,25.285714285714285,0
2023-03-10,SKU_2,Category_3,28,586.7640148450946,0,41,4,3,10,25.0,25.0,25.571428571428573,0
2023-03-11,SKU_2,Category_3,16,586.7640148450946,0,16,5,3,10,28.0,20.0,26.0,1
2023-03-12,SKU_2,Category_3,33,586.7640148450946,0,89,6,3,10,16.0,30.0,25.428571428571427,0
2023-03-13,SKU_2,Category_3,12,586.7640148450946,0,12,0,3,11,33.0,32.0,25.857142857142858,1
2023-03-14,SKU_2,Category_3,30,586.7640148450946,0,69,1,3,11,12.0,21.0,23.0,0
2023-03-15,SKU_2,Category_3,20,586.7640148450946,0,54,2,3,11,30.0,26.0,24.285714285714285,0
2023-03-16,SKU_2,Category_3,21,586.7640148450946,0,28,3,3,11,20.0,25.0,23.428571428571427,0
2023-03-17,SKU_2,Category_3,30,586.7640148450946,1,62,4,3,11,21.0,28.0,22.857142857142858,0
2023-03-18,SKU_2,Category_3,28,586.7640148450946,0,60,5,3,11,30.0,16.0,23.142857142857142,0
2023-03-19,SKU_2,Category_3,33,586.7640148450946,0,68,6,3,11,28.0,33.0,24.857142857142858,0
2023-03-20,SKU_2,Category_3,14,586.7640148450946,0,83,0,3,12,33.0,12.0,24.857142857142858,0
2023-03-21,SKU_2,Category_3,21,586.7640148450946,0,88,1,3,12,14.0,30.0,25.142857142857142,0
2023-03-22,SKU_2,Category_3,16,586.7640148450946,0,85,2,3,12,21.0,20.0,23.857142857142858,0
2023-03-23,SKU_2,Category_3,23,586.7640148450946,0,33,3,3,12,16.0,21.0,23.285714285714285,0
2023-03-24,SKU_2,Category_3,13,586.7640148450946,0,13,4,3,12,23.0,30.0,23.571428571428573,1
2023-03-25,SKU_2,Category_3,31,586.7640148450946,0,59,5,3,12,13.0,28.0,21.142857142857142,0
2023-03-26,SKU_2,Category_3,39,586.7640148450946,0,45,6,3,12,31.0,33.0,21.571428571428573,0
2023-03-27,SKU_2,Category_3,31,586.7640148450946,0,88,0,3,13,39.0,14.0,22.428571428571427,0
2023-03-28,SKU_2,Category_3,15,586.7640148450946,1,15,1,3,13,31.0,21.0,24.857142857142858,1
2023-03-29,SKU_2,Category_3,17,586.7640148450946,0,27,2,3,13,15.0,16.0,24.0,0
2023-03-30,SKU_2,Category_3,16,586.7640148450946,0,24,3,3,13,17.0,23.0,24.142857142857142,0
2023-03-31,SKU_2,Category_3,21,586.7640148450946,0,96,4,3,13,16.0,13.0,23.142857142857142,0
2023-04-01,SKU_2,Category_3,23,586.7640148450946,0,23,5,4,13,21.0,31.0,24.285714285714285,1
2023-04-02,SKU_2,Category_3,48,586.7640148450946,1,50,6,4,13,23.0,39.0,23.142857142857142,0
2023-04-03,SKU_2,Category_3,22,586.7640148450946,0,69,0,4,14,48.0,31.0,24.428571428571427,0
2023-04-04,SKU_2,Category_3,31,586.7640148450946,0,93,1,4,14,22.0,15.0,23.142857142857142,0
2023-04-05,SKU_2,Category_3,33,586.7640148450946,0,79,2,4,14,31.0,17.0,25.428571428571427,0
2023-04-06,SKU_2,Category_3,19,586.7640148450946,0,44,3,4,14,33.0,16.0,27.714285714285715,0
2023-04-07,SKU_2,Category_3,15,586.7640148450946,0,74,4,4,14,19.0,21.0,28.142857142857142,0
2023-04-08,SKU_2,Category_3,23,586.7640148450946,0,76,5,4,14,15.0,23.0,27.285714285714285,0
2023-04-09,SKU_2,Category_3,29,586.7640148450946,0,89,6,4,14,23.0,48.0,27.285714285714285,0
2023-04-10,SKU_2,Category_3,10,586.7640148450946,0,10,0,4,15,29.0,22.0,24.571428571428573,1
2023-04-11,SKU_2,Category_3,17,586.7640148450946,0,17,1,4,15,10.0,31.0,22.857142857142858,1
2023-04-12,SKU_2,Category_3,19,586.7640148450946,0,93,2,4,15,17.0,33.0,20.857142857142858,0
2023-04-13,SKU_2,Category_3,26,586.7640148450946,0,46,3,4,15,19.0,19.0,18.857142857142858,0
2023-04-14,SKU_2,Category_3,31,586.7640148450946,0,53,4,4,15,26.0,15.0,19.857142857142858,0
2023-04-15,SKU_2,Category_3,32,586.7640148450946,0,88,5,4,15,31.0,23.0,22.142857142857142,0
2023-04-16,SKU_2,Category_3,28,586.7640148450946,0,87,6,4,15,32.0,29.0,23.428571428571427,0
2023-04-17,SKU_2,Category_3,24,586.7640148450946,0,46,0,4,16,28.0,10.0,23.285714285714285,0
2023-04-18,SKU_2,Category_3,39,586.7640148450946,1,78,1,4,16,24.0,17.0,25.285714285714285,0
2023-04-19,SKU_2,Category_3,23,586.7640148450946,0,60,2,4,16,39.0,19.0,28.428571428571427,0
2023-04-20,SKU_2,Category_3,24,586.7640148450946,0,66,3,4,16,23.0,26.0,29.0,0
2023-04-21,SKU_2,Category_3,26,586.7640148450946,0,65,4,4,16,24.0,31.0,28.714285714285715,0
2023-04-22,SKU_2,Category_3,41,586.7640148450946,0,93,5,4,16,26.0,32.0,28.0,0
2023-04-23,SKU_2,Category_3,30,586.7640148450946,0,54,6,4,16,41.0,28.0,29.285714285714285,0
2023-04-24,SKU_2,Category_3,17,586.7640148450946,0,17,0,4,17,30.0,24.0,29.571428571428573,1
2023-04-25,SKU_2,Category_3,10,586.7640148450946,1,10,1,4,17,17.0,39.0,28.571428571428573,1
2023-04-26,SKU_2,Category_3,21,586.7640148450946,0,95,2,4,17,10.0,23.0,24.428571428571427,0
2023-04-27,SKU_2,Category_3,21,586.7640148450946,0,74,3,4,17,21.0,24.0,24.142857142857142,0
2023-04-28,SKU_2,Category_3,24,586.7640148450946,0,91,4,4,17,21.0,26.0,23.714285714285715,0
2023-04-29,SKU_2,Category_3,17,586.7640148450946,0,17,5,4,17,24.0,41.0,23.428571428571427,1
2023-04-30,SKU_2,Category_3,29,586.7640148450946,0,98,6,4,17,17.0,30.0,20.0,0
2023-05-01,SKU_2,Category_3,25,586.7640148450946,0,42,0,5,18,29.0,17.0,19.857142857142858,0
2023-05-02,SKU_2,Category_3,28,586.7640148450946,0,71,1,5,18,25.0,10.0,21.0,0
2023-05-03,SKU_2,Category_3,33,586.7640148450946,0,73,2,5,18,28.0,21.0,23.571428571428573,0
2023-05-04,SKU_2,Category_3,23,586.7640148450946,0,57,3,5,18,33.0,21.0,25.285714285714285,0
2023-05-05,SKU_2,Category_3,25,586.7640148450946,0,86,4,5,18,23.0,24.0,25.571428571428573,0
2023-05-06,SKU_2,Category_3,13,586.7640148450946,0,13,5,5,18,25.0,17.0,25.714285714285715,1
2023-05-07,SKU_2,Category_3,27,586.7640148450946,0,79,6,5,18,13.0,29.0,25.142857142857142,0
2023-05-08,SKU_2,Category_3,34,586.7640148450946,1,84,0,5,19,27.0,25.0,24.857142857142858,0
2023-05-09,SKU_2,Category_3,27,586.7640148450946,0,63,1,5,19,34.0,28.0,26.142857142857142,0
2023-05-10,SKU_2,Category_3,29,586.7640148450946,0,80,2,5,19,27.0,33.0,26.0,0
2023-05-11,SKU_2,Category_3,16,586.7640148450946,0,28,3,5,19,29.0,23.0,25.428571428571427,0
2023-05-12,SKU_2,Category_3,16,586.7640148450946,0,44,4,5,19,16.0,25.0,24.428571428571427,0
2023-05-13,SKU_2,Category_3,29,586.7640148450946,0,99,5,5,19,16.0,13.0,23.142857142857142,0
2023-05-14,SKU_2,Category_3,33,586.7640148450946,0,75,6,5,19,29.0,27.0,25.428571428571427,0
2023-05-15,SKU_2,Category_3,12,586.7640148450946,0,12,0,5,20,33.0,34.0,26.285714285714285,1
2023-05-16,SKU_2,Category_3,15,586.7640148450946,0,24,1,5,20,12.0,27.0,23.142857142857142,0
2023-05-17,SKU_2,Category_3,24,586.7640148450946,0,96,2,5,20,15.0,29.0,21.428571428571427,0
2023-05-18,SKU_2,Category_3,22,586.7640148450946,0,84,3,5,20,24.0,16.0,20.714285714285715,0
2023-05-19,SKU_2,Category_3,25,586.7640148450946,0,77,4,5,20,22.0,16.0,21.571428571428573,0
2023-05-20,SKU_2,Category_3,43,586.7640148450946,1,77,5,5,20,25.0,29.0,22.857142857142858,0
2023-05-21,SKU_2,Category_3,29,586.7640148450946,0,61,6,5,20,43.0,33.0,24.857142857142858,0
2023-05-22,SKU_2,Category_3,17,586.7640148450946,0,17,0,5,21,29.0,12.0,24.285714285714285,1
2023-05-23,SKU_2,Category_3,27,586.7640148450946,0,45,1,5,21,17.0,15.0,25.0,0
2023-05-24,SKU_2,Category_3,25,586.7640148450946,0,99,2,5,21,27.0,24.0,26.714285714285715,0
2023-05-25,SKU_2,Category_3,23,586.7640148450946,0,84,3,5,21,25.0,22.0,26.857142857142858,0
2023-05-26,SKU_2,Category_3,25,586.7640148450946,0,40,4,5,21,23.0,25.0,27.0,0
2023-05-27,SKU_2,Category_3,33,586.7640148450946,0,65,5,5,21,25.0,43.0,27.0,0
2023-05-28,SKU_2,Category_3,27,586.7640148450946,0,63,6,5,21,33.0,29.0,25.571428571428573,0
2023-05-29,SKU_2,Category_3,23,586.7640148450946,0,54,0,5,22,27.0,17.0,25.285714285714285,0
2023-05-30,SKU_2,Category_3,24,586.7640148450946,0,30,1,5,22,23.0,27.0,26.142857142857142,0
2023-05-31,SKU_2,Category_3,18,586.7640148450946,0,18,2,5,22,24.0,25.0,25.714285714285715,1
2023-06-01,SKU_2,Category_3,18,586.7640148450946,0,51,3,6,22,18.0,23.0,24.714285714285715,0
2023-06-02,SKU_2,Category_3,38,586.7640148450946,1,89,4,6,22,18.0,25.0,24.0,0
2023-06-03,SKU_2,Category_3,26,586.7640148450946,0,33,5,6,22,38.0,33.0,25.857142857142858,0
2023-06-04,SKU_2,Category_3,25,586.7640148450946,0,69,6,6,22,26.0,27.0,24.857142857142858,0
2023-06-05,SKU_2,Category_3,26,586.7640148450946,0,83,0,6,23,25.0,23.0,24.571428571428573,0
2023-06-06,SKU_2,Category_3,27,586.7640148450946,0,78,1,6,23,26.0,24.0,25.0,0
2023-06-07,SKU_2,Category_3,27,586.7640148450946,0,30,2,6,23,27.0,18.0,25.428571428571427,0
2023-06-08,SKU_2,Category_3,26,586.7640148450946,0,57,3,6,23,27.0,18.0,26.714285714285715,0
2023-06-09,SKU_2,Category_3,20,586.7640148450946,0,20,4,6,23,26.0,38.0,27.857142857142858,1
2023-06-10,SKU_2,Category_3,27,586.7640148450946,0,87,5,6,23,20.0,26.0,25.285714285714285,0
2023-06-11,SKU_2,Category_3,27,586.7640148450946,0,27,6,6,23,27.0,25.0,25.428571428571427,1
2023-06-12,SKU_2,Category_3,16,586.7640148450946,0,48,0,6,24,27.0,26.0,25.714285714285715,0
2023-06-13,SKU_2,Category_3,25,586.7640148450946,0,51,1,6,24,16.0,27.0,24.285714285714285,0
2023-06-14,SKU_2,Category_3,42,586.7640148450946,1,45,2,6,24,25.0,27.0,24.0,0
2023-06-15,SKU_2,Category_3,18,586.7640148450946,0,50,3,6,24,42.0,26.0,26.142857142857142,0
2023-06-16,SKU_2,Category_3,20,586.7640148450946,0,22,4,6,24,18.0,20.0,25.0,0
2023-06-17,SKU_2,Category_3,32,586.7640148450946,0,81,5,6,24,20.0,27.0,25.0,0
2023-06-18,SKU_2,Category_3,23,586.7640148450946,0,53,6,6,24,32.0,27.0,25.714285714285715,0
2023-06-19,SKU_2,Category_3,30,586.7640148450946,0,96,0,6,25,23.0,16.0,25.142857142857142,0
2023-06-20,SKU_2,Category_3,17,586.7640148450946,0,90,1,6,25,30.0,25.0,27.142857142857142,0
2023-06-21,SKU_2,Category_3,26,586.7640148450946,1,31,2,6,25,17.0,42.0,26.0,0
2023-06-22,SKU_2,Category_3,20,586.7640148450946,0,45,3,6,25,26.0,18.0,23.714285714285715,0
2023-06-23,SKU_2,Category_3,42,586.7640148450946,1,64,4,6,25,20.0,20.0,24.0,0
2023-06-24,SKU_2,Category_3,34,586.7640148450946,0,71,5,6,25,42.0,32.0,27.142857142857142,0
2023-06-25,SKU_2,Category_3,19,586.7640148450946,0,32,6,6,25,34.0,23.0,27.428571428571427,0
2023-06-26,SKU_2,Category_3,14,586.7640148450946,0,14,0,6,26,19.0,30.0,26.857142857142858,1
2023-06-27,SKU_2,Category_3,20,586.7640148450946,0,39,1,6,26,14.0,17.0,24.571428571428573,0
2023-06-28,SKU_2,Category_3,27,586.7640148450946,0,79,2,6,26,20.0,26.0,25.0,0
2023-06-29,SKU_2,Category_3,25,586.7640148450946,0,25,3,6,26,27.0,20.0,25.142857142857142,1
2023-06-30,SKU_2,Category_3,23,586.7640148450946,0,23,4,6,26,25.0,42.0,25.857142857142858,1
2023-07-01,SKU_2,Category_3,27,586.7640148450946,0,94,5,7,26,23.0,34.0,23.142857142857142,0
2023-07-02,SKU_2,Category_3,25,586.7640148450946,0,82,6,7,26,27.0,19.0,22.142857142857142,0
2023-07-03,SKU_2,Category_3,21,586.7640148450946,0,35,0,7,27,25.0,14.0,23.0,0
2023-07-04,SKU_2,Category_3,28,586.7640148450946,0,64,1,7,27,21.0,20.0,24.0,0
2023-07-05,SKU_2,Category_3,25,586.7640148450946,0,69,2,7,27,28.0,27.0,25.142857142857142,0
2023-07-06,SKU_2,Category_3,21,586.7640148450946,0,21,3,7,27,25.0,25.0,24.857142857142858,1
2023-07-07,SKU_2,Category_3,36,586.7640148450946,1,44,4,7,27,21.0,23.0,24.285714285714285,0
2023-07-08,SKU_2,Category_3,30,586.7640148450946,0,39,5,7,27,36.0,27.0,26.142857142857142,0
2023-07-09,SKU_2,Category_3,23,586.7640148450946,0,23,6,7,27,30.0,25.0,26.571428571428573,1
2023-07-10,SKU_2,Category_3,21,586.7640148450946,0,30,0,7,28,23.0,21.0,26.285714285714285,0
2023-07-11,SKU_2,Category_3,21,586.7640148450946,0,87,1,7,28,21.0,28.0,26.285714285714285,0
2023-07-12,SKU_2,Category_3,19,586.7640148450946,1,19,2,7,28,21.0,25.0,25.285714285714285,1
2023-07-13,SKU_2,Category_3,23,586.7640148450946,0,89,3,7,28,19.0,21.0,24.428571428571427,0
2023-07-14,SKU_2,Category_3,28,586.7640148450946,0,61,4,7,28,23.0,36.0,24.714285714285715,0
2023-07-15,SKU_2,Category_3,17,586.7640148450946,0,17,5,7,28,28.0,30.0,23.571428571428573,1
2023-07-16,SKU_2,Category_3,29,586.7640148450946,0,77,6,7,28,17.0,23.0,21.714285714285715,0
2023-07-17,SKU_2,Category_3,24,586.7640148450946,0,41,0,7,29,29.0,21.0,22.571428571428573,0
2023-07-18,SKU_2,Category_3,22,586.7640148450946,0,22,1,7,29,24.0,21.0,23.0,1
2023-07-19,SKU_2,Category_3,34,586.7640148450946,1,72,2,7,29,22.0,19.0,23.142857142857142,0
2023-07-20,SKU_2,Category_3,27,586.7640148450946,0,52,3,7,29,34.0,23.0,25.285714285714285,0
2023-07-21,SKU_2,Category_3,14,586.7640148450946,0,14,4,7,29,27.0,28.0,25.857142857142858,1
2023-07-22,SKU_2,Category_3,19,586.7640148450946,0,19,5,7,29,14.0,17.0,23.857142857142858,1
2023-07-23,SKU_2,Category_3,39,586.7640148450946,0,40,6,7,29,19.0,29.0,24.142857142857142,0
2023-07-24,SKU_2,Category_3,23,586.7640148450946,0,82,0,7,30,39.0,24.0,25.571428571428573,0
2023-07-25,SKU_2,Category_3,16,586.7640148450946,0,16,1,7,30,23.0,22.0,25.428571428571427,1
2023-07-26,SKU_2,Category_3,13,586.7640148450946,0,13,2,7,30,16.0,34.0,24.571428571428573,1
2023-07-27,SKU_2,Category_3,20,586.7640148450946,0,61,3,7,30,13.0,27.0,21.571428571428573,0
2023-07-28,SKU_2,Category_3,20,586.7640148450946,0,45,4,7,30,20.0,14.0,20.571428571428573,0
2023-07-29,SKU_2,Category_3,25,586.7640148450946,0,72,5,7,30,20.0,19.0,21.428571428571427,0
2023-07-30,SKU_2,Category_3,16,586.7640148450946,0,16,6,7,30,25.0,39.0,22.285714285714285,1
2023-07-31,SKU_2,Category_3,17,586.7640148450946,0,95,0,7,31,16.0,23.0,19.0,0
2023-08-01,SKU_2,Category_3,35,586.7640148450946,1,64,1,8,31,17.0,16.0,18.142857142857142,0
2023-08-02,SKU_2,Category_3,22,586.7640148450946,0,88,2,8,31,35.0,13.0,20.857142857142858,0
2023-08-03,SKU_2,Category_3,23,586.7640148450946,0,96,3,8,31,22.0,20.0,22.142857142857142,0
2023-08-04,SKU_2,Category_3,16,586.7640148450946,0,94,4,8,31,23.0,20.0,22.571428571428573,0
2023-08-05,SKU_2,Category_3,32,586.7640148450946,0,94,5,8,31,16.0,25.0,22.0,0
2023-08-06,SKU_2,Category_3,20,586.7640148450946,0,20,6,8,31,32.0,16.0,23.0,1
2023-08-07,SKU_2,Category_3,20,586.7640148450946,0,61,0,8,32,20.0,17.0,23.571428571428573,0
2023-08-08,SKU_2,Category_3,22,586.7640148450946,0,91,1,8,32,20.0,35.0,24.0,0
2023-08-09,SKU_2,Category_3,26,586.7640148450946,0,61,2,8,32,22.0,22.0,22.142857142857142,0
2023-08-10,SKU_2,Category_3,26,586.7640148450946,0,73,3,8,32,26.0,23.0,22.714285714285715,0
2023-08-11,SKU_2,Category_3,18,586.7640148450946,0,18,4,8,32,26.0,16.0,23.142857142857142,1
2023-08-12,SKU_2,Category_3,48,586.7640148450946,1,69,5,8,32,18.0,32.0,23.428571428571427,0
2023-08-13,SKU_2,Category_3,30,586.7640148450946,0,37,6,8,32,48.0,20.0,25.714285714285715,0
2023-08-14,SKU_2,Category_3,27,586.7640148450946,0,81,0,8,33,30.0,20.0,27.142857142857142,0
2023-08-15,SKU_2,Category_3,25,586.7640148450946,0,26,1,8,33,27.0,22.0,28.142857142857142,0
2023-08-16,SKU_2,Category_3,18,586.7640148450946,0,41,2,8,33,25.0,26.0,28.571428571428573,0
2023-08-17,SKU_2,Category_3,36,586.7640148450946,1,96,3,8,33,18.0,26.0,27.428571428571427,0
2023-08-18,SKU_2,Category_3,22,586.7640148450946,0,33,4,8,33,36.0,18.0,28.857142857142858,0
2023-08-19,SKU_2,Category_3,26,586.7640148450946,0,26,5,8,33,22.0,48.0,29.428571428571427,1
2023-08-20,SKU_2,Category_3,20,586.7640148450946,1,20,6,8,33,26.0,30.0,26.285714285714285,1
2023-08-21,SKU_2,Category_3,42,586.7640148450946,1,92,0,8,34,20.0,27.0,24.857142857142858,0
2023-08-22,SKU_2,Category_3,14,586.7640148450946,0,14,1,8,34,42.0,25.0,27.0,1
2023-08-23,SKU_2,Category_3,17,586.7640148450946,0,17,2,8,34,14.0,18.0,25.428571428571427,1
2023-08-24,SKU_2,Category_3,27,586.7640148450946,0,75,3,8,34,17.0,36.0,25.285714285714285,0
2023-08-25,SKU_2,Category_3,30,586.7640148450946,0,76,4,8,34,27.0,22.0,24.0,0
2023-08-26,SKU_2,Category_3,37,586.7640148450946,0,50,5,8,34,30.0,26.0,25.142857142857142,0
2023-08-27,SKU_2,Category_3,49,586.7640148450946,1,71,6,8,34,37.0,20.0,26.714285714285715,0
2023-08-28,SKU_2,Category_3,11,586.7640148450946,0,11,0,8,35,49.0,42.0,30.857142857142858,1
2023-08-29,SKU_2,Category_3,22,586.7640148450946,0,62,1,8,35,11.0,14.0,26.428571428571427,0
2023-08-30,SKU_2,Category_3,20,586.7640148450946,1,20,2,8,35,22.0,17.0,27.571428571428573,1
2023-08-31,SKU_2,Category_3,26,586.7640148450946,0,26,3,8,35,20.0,27.0,28.0,1
2023-09-01,SKU_2,Category_3,33,586.7640148450946,1,68,4,9,35,26.0,30.0,27.857142857142858,0
2023-09-02,SKU_2,Category_3,24,586.7640148450946,0,98,5,9,35,33.0,37.0,28.285714285714285,0
2023-09-03,SKU_2,Category_3,32,586.7640148450946,0,53,6,9,35,24.0,49.0,26.428571428571427,0
2023-09-04,SKU_2,Category_3,23,586.7640148450946,0,55,0,9,36,32.0,11.0,24.0,0
2023-09-05,SKU_2,Category_3,21,586.7640148450946,0,21,1,9,36,23.0,22.0,25.714285714285715,1
2023-09-06,SKU_2,Category_3,27,586.7640148450946,1,27,2,9,36,21.0,20.0,25.571428571428573,1
2023-09-07,SKU_2,Category_3,25,586.7640148450946,0,32,3,9,36,27.0,26.0,26.571428571428573,0
2023-09-08,SKU_2,Category_3,31,586.7640148450946,0,84,4,9,36,25.0,33.0,26.428571428571427,0
2023-09-09,SKU_2,Category_3,27,586.7640148450946,0,38,5,9,36,31.0,24.0,26.142857142857142,0
2023-09-10,SKU_2,Category_3,11,586.7640148450946,0,11,6,9,36,27.0,32.0,26.571428571428573,1
2023-09-11,SKU_2,Category_3,28,586.7640148450946,0,88,0,9,37,11.0,23.0,23.571428571428573,0
2023-09-12,SKU_2,Category_3,26,586.7640148450946,0,97,1,9,37,28.0,21.0,24.285714285714285,0
2023-09-13,SKU_2,Category_3,31,586.7640148450946,0,65,2,9,37,26.0,27.0,25.0,0
2023-09-14,SKU_2,Category_3,21,586.7640148450946,0,28,3,9,37,31.0,25.0,25.571428571428573,0
2023-09-15,SKU_2,Category_3,24,586.7640148450946,0,34,4,9,37,21.0,31.0,25.0,0
2023-09-16,SKU_2,Category_3,17,586.7640148450946,0,17,5,9,37,24.0,27.0,24.0,1
2023-09-17,SKU_2,Category_3,30,586.7640148450946,0,98,6,9,37,17.0,11.0,22.571428571428573,0
2023-09-18,SKU_2,Category_3,19,586.7640148450946,0,55,0,9,38,30.0,28.0,25.285714285714285,0
2023-09-19,SKU_2,Category_3,21,586.7640148450946,0,22,1,9,38,19.0,26.0,24.0,0
2023-09-20,SKU_2,Category_3,18,586.7640148450946,0,45,2,9,38,21.0,31.0,23.285714285714285,0
2023-09-21,SKU_2,Category_3,20,586.7640148450946,0,43,3,9,38,18.0,21.0,21.428571428571427,0
2023-09-22,SKU_2,Category_3,27,586.7640148450946,0,29,4,9,38,20.0,24.0,21.285714285714285,0
2023-09-23,SKU_2,Category_3,28,586.7640148450946,0,65,5,9,38,27.0,17.0,21.714285714285715,0
2023-09-24,SKU_2,Category_3,27,586.7640148450946,0,67,6,9,38,28.0,30.0,23.285714285714285,0
2023-09-25,SKU_2,Category_3,32,586.7640148450946,0,33,0,9,39,27.0,19.0,22.857142857142858,0
2023-09-26,SKU_2,Category_3,22,586.7640148450946,0,35,1,9,39,32.0,21.0,24.714285714285715,0
2023-09-27,SKU_2,Category_3,30,586.7640148450946,0,30,2,9,39,22.0,18.0,24.857142857142858,1
2023-09-28,SKU_2,Category_3,20,586.7640148450946,0,55,3,9,39,30.0,20.0,26.571428571428573,0
2023-09-29,SKU_2,Category_3,21,586.7640148450946,0,23,4,9,39,20.0,27.0,26.571428571428573,0
2023-09-30,SKU_2,Category_3,43,586.7640148450946,0,89,5,9,39,21.0,28.0,25.714285714285715,0
2023-10-01,SKU_2,Category_3,29,586.7640148450946,0,33,6,10,39,43.0,27.0,27.857142857142858,0
2023-10-02,SKU_2,Category_3,24,586.7640148450946,0,91,0,10,40,29.0,32.0,28.142857142857142,0
2023-10-03,SKU_2,Category_3,19,586.7640148450946,0,33,1,10,40,24.0,22.0,27.0,0
2023-10-04,SKU_2,Category_3,25,586.7640148450946,0,39,2,10,40,19.0,30.0,26.571428571428573,0
2023-10-05,SKU_2,Category_3,28,586.7640148450946,1,28,3,10,40,25.0,20.0,25.857142857142858,1
2023-10-06,SKU_2,Category_3,21,586.7640148450946,0,64,4,10,40,28.0,21.0,27.0,0
2023-10-07,SKU_2,Category_3,28,586.7640148450946,0,56,5,10,40,21.0,43.0,27.0,0
2023-10-08,SKU_2,Category_3,40,586.7640148450946,1,54,6,10,40,28.0,29.0,24.857142857142858,0
2023-10-09,SKU_2,Category_3,23,586.7640148450946,0,56,0,10,41,40.0,24.0,26.428571428571427,0
2023-10-10,SKU_2,Category_3,35,586.7640148450946,0,79,1,10,41,23.0,19.0,26.285714285714285,0
2023-10-11,SKU_2,Category_3,40,586.7640148450946,1,99,2,10,41,35.0,25.0,28.571428571428573,0
2023-10-12,SKU_2,Category_3,28,586.7640148450946,0,70,3,10,41,40.0,28.0,30.714285714285715,0
2023-10-13,SKU_2,Category_3,38,586.7640148450946,1,79,4,10,41,28.0,21.0,30.714285714285715,0
2023-10-14,SKU_2,Category_3,26,586.7640148450946,0,60,5,10,41,38.0,28.0,33.142857142857146,0
2023-10-15,SKU_2,Category_3,44,586.7640148450946,1,78,6,10,41,26.0,40.0,32.857142857142854,0
2023-10-16,SKU_2,Category_3,16,586.7640148450946,0,46,0,10,42,44.0,23.0,33.42857142857143,0
2023-10-17,SKU_2,Category_3,27,586.7640148450946,0,79,1,10,42,16.0,35.0,32.42857142857143,0
2023-10-18,SKU_2,Category_3,23,586.7640148450946,0,48,2,10,42,27.0,40.0,31.285714285714285,0
2023-10-19,SKU_2,Category_3,32,586.7640148450946,0,79,3,10,42,23.0,28.0,28.857142857142858,0
2023-10-20,SKU_2,Category_3,21,586.7640148450946,0,55,4,10,42,32.0,38.0,29.428571428571427,0
2023-10-21,SKU_2,Category_3,33,586.7640148450946,0,33,5,10,42,21.0,26.0,27.0,1
2023-10-22,SKU_2,Category_3,28,586.7640148450946,0,94,6,10,42,33.0,44.0,28.0,0
2023-10-23,SKU_2,Category_3,16,586.7640148450946,0,16,0,10,43,28.0,16.0,25.714285714285715,1
2023-10-24,SKU_2,Category_3,22,586.7640148450946,0,23,1,10,43,16.0,27.0,25.714285714285715,0
2023-10-25,SKU_2,Category_3,28,586.7640148450946,0,98,2,10,43,22.0,23.0,25.0,0
2023-10-26,SKU_2,Category_3,19,586.7640148450946,0,53,3,10,43,28.0,32.0,25.714285714285715,0
2023-10-27,SKU_2,Category_3,29,586.7640148450946,0,30,4,10,43,19.0,21.0,23.857142857142858,0
2023-10-28,SKU_2,Category_3,41,586.7640148450946,0,42,5,10,43,29.0,33.0,25.0,0
2023-10-29,SKU_2,Category_3,30,586.7640148450946,0,41,6,10,43,41.0,28.0,26.142857142857142,0
2023-10-30,SKU_2,Category_3,22,586.7640148450946,0,29,0,10,44,30.0,16.0,26.428571428571427,0
2023-10-31,SKU_2,Category_3,22,586.7640148450946,0,35,1,10,44,22.0,22.0,27.285714285714285,0
2023-11-01,SKU_2,Category_3,23,586.7640148450946,0,23,2,11,44,22.0,28.0,27.285714285714285,1
2023-11-02,SKU_2,Category_3,18,586.7640148450946,0,97,3,11,44,23.0,19.0,26.571428571428573,0
2023-11-03,SKU_2,Category_3,26,586.7640148450946,0,98,4,11,44,18.0,29.0,26.428571428571427,0
2023-11-04,SKU_2,Category_3,42,586.7640148450946,1,95,5,11,44,26.0,41.0,26.0,0
2023-11-05,SKU_2,Category_3,30,586.7640148450946,0,90,6,11,44,42.0,30.0,26.142857142857142,0
2023-11-06,SKU_2,Category_3,33,586.7640148450946,1,52,0,11,45,30.0,22.0,26.142857142857142,0
2023-11-07,SKU_2,Category_3,17,586.7640148450946,0,95,1,11,45,33.0,22.0,27.714285714285715,0
2023-11-08,SKU_2,Category_3,17,586.7640148450946,0,74,2,11,45,17.0,23.0,27.0,0
2023-11-09,SKU_2,Category_3,14,586.7640148450946,0,14,3,11,45,17.0,18.0,26.142857142857142,1
2023-11-10,SKU_2,Category_3,25,586.7640148450946,1,25,4,11,45,14.0,26.0,25.571428571428573,1
2023-11-11,SKU_2,Category_3,35,586.7640148450946,0,48,5,11,45,25.0,42.0,25.428571428571427,0
2023-11-12,SKU_2,Category_3,31,586.7640148450946,0,69,6,11,45,35.0,30.0,24.428571428571427,0
2023-11-13,SKU_2,Category_3,20,586.7640148450946,0,73,0,11,46,31.0,33.0,24.571428571428573,0
2023-11-14,SKU_2,Category_3,13,586.7640148450946,0,30,1,11,46,20.0,17.0,22.714285714285715,0
2023-11-15,SKU_2,Category_3,23,586.7640148450946,0,77,2,11,46,13.0,17.0,22.142857142857142,0
2023-11-16,SKU_2,Category_3,16,586.7640148450946,0,94,3,11,46,23.0,14.0,23.0,0
2023-11-17,SKU_2,Category_3,23,586.7640148450946,0,23,4,11,46,16.0,25.0,23.285714285714285,1
2023-11-18,SKU_2,Category_3,32,586.7640148450946,0,35,5,11,46,23.0,35.0,23.0,0
2023-11-19,SKU_2,Category_3,31,586.7640148450946,0,75,6,11,46,32.0,31.0,22.571428571428573,0
2023-11-20,SKU_2,Category_3,28,586.7640148450946,0,51,0,11,47,31.0,20.0,22.571428571428573,0
2023-11-21,SKU_2,Category_3,15,586.7640148450946,0,15,1,11,47,28.0,13.0,23.714285714285715,1
2023-11-22,SKU_2,Category_3,12,586.7640148450946,0,52,2,11,47,15.0,23.0,24.0,0
2023-11-23,SKU_2,Category_3,18,586.7640148450946,0,60,3,11,47,12.0,16.0,22.428571428571427,0
2023-11-24,SKU_2,Category_3,30,586.7640148450946,0,94,4,11,47,18.0,23.0,22.714285714285715,0
2023-11-25,SKU_2,Category_3,18,586.7640148450946,0,18,5,11,47,30.0,32.0,23.714285714285715,1
2023-11-26,SKU_2,Category_3,31,586.7640148450946,0,51,6,11,47,18.0,31.0,21.714285714285715,0
2023-11-27,SKU_2,Category_3,28,586.7640148450946,0,79,0,11,48,31.0,28.0,21.714285714285715,0
2023-11-28,SKU_2,Category_3,12,586.7640148450946,0,12,1,11,48,28.0,15.0,21.714285714285715,1
2023-11-29,SKU_2,Category_3,21,586.7640148450946,0,49,2,11,48,12.0,12.0,21.285714285714285,0
2023-11-30,SKU_2,Category_3,17,586.7640148450946,0,17,3,11,48,21.0,18.0,22.571428571428573,1
2023-12-01,SKU_2,Category_3,24,586.7640148450946,0,57,4,12,48,17.0,30.0,22.428571428571427,0
2023-12-02,SKU_2,Category_3,28,586.7640148450946,0,28,5,12,48,24.0,18.0,21.571428571428573,1
2023-12-03,SKU_2,Category_3,21,586.7640148450946,0,21,6,12,48,28.0,31.0,23.0,1
2023-12-04,SKU_2,Category_3,18,586.7640148450946,0,39,0,12,49,21.0,28.0,21.571428571428573,0
2023-12-05,SKU_2,Category_3,13,586.7640148450946,0,13,1,12,49,18.0,12.0,20.142857142857142,1
2023-12-06,SKU_2,Category_3,12,586.7640148450946,1,12,2,12,49,13.0,21.0,20.285714285714285,1
2023-12-07,SKU_2,Category_3,20,586.7640148450946,0,34,3,12,49,12.0,17.0,19.0,0
2023-12-08,SKU_2,Category_3,21,586.7640148450946,0,70,4,12,49,20.0,24.0,19.428571428571427,0
2023-12-09,SKU_2,Category_3,18,586.7640148450946,0,18,5,12,49,21.0,28.0,19.0,1
2023-12-10,SKU_2,Category_3,40,586.7640148450946,0,53,6,12,49,18.0,21.0,17.571428571428573,0
2023-12-11,SKU_2,Category_3,37,586.7640148450946,1,75,0,12,50,40.0,18.0,20.285714285714285,0
2023-12-12,SKU_2,Category_3,13,586.7640148450946,0,95,1,12,50,37.0,13.0,23.0,0
2023-12-13,SKU_2,Category_3,20,586.7640148450946,0,39,2,12,50,13.0,12.0,23.0,0
2023-12-14,SKU_2,Category_3,28,586.7640148450946,0,71,3,12,50,20.0,20.0,24.142857142857142,0
2023-12-15,SKU_2,Category_3,26,586.7640148450946,0,44,4,12,50,28.0,21.0,25.285714285714285,0
2023-12-16,SKU_2,Category_3,27,586.7640148450946,0,67,5,12,50,26.0,18.0,26.0,0
2023-12-17,SKU_2,Category_3,21,586.7640148450946,0,32,6,12,50,27.0,40.0,27.285714285714285,0
2023-12-18,SKU_2,Category_3,20,586.7640148450946,0,20,0,12,51,21.0,37.0,24.571428571428573,1
2023-12-19,SKU_2,Category_3,21,586.7640148450946,0,44,1,12,51,20.0,13.0,22.142857142857142,0
2023-12-20,SKU_2,Category_3,21,586.7640148450946,0,49,2,12,51,21.0,20.0,23.285714285714285,0
2023-12-21,SKU_2,Category_3,25,586.7640148450946,0,56,3,12,51,21.0,28.0,23.428571428571427,0
2023-12-22,SKU_2,Category_3,21,586.7640148450946,0,81,4,12,51,25.0,26.0,23.0,0
2023-12-23,SKU_2,Category_3,33,586.7640148450946,0,72,5,12,51,21.0,27.0,22.285714285714285,0
2023-12-24,SKU_2,Category_3,24,586.7640148450946,0,24,6,12,51,33.0,21.0,23.142857142857142,1
2023-12-25,SKU_2,Category_3,26,586.7640148450946,0,66,0,12,52,24.0,20.0,23.571428571428573,0
2023-12-26,SKU_2,Category_3,26,586.7640148450946,0,85,1,12,52,26.0,21.0,24.428571428571427,0
2023-12-27,SKU_2,Category_3,18,586.7640148450946,0,18,2,12,52,26.0,21.0,25.142857142857142,1
2023-12-28,SKU_2,Category_3,15,586.7640148450946,0,15,3,12,52,18.0,25.0,24.714285714285715,1
2023-12-29,SKU_2,Category_3,28,586.7640148450946,0,32,4,12,52,15.0,21.0,23.285714285714285,0
2023-12-30,SKU_2,Category_3,23,586.7640148450946,0,23,5,12,52,28.0,33.0,24.285714285714285,1
2023-12-31,SKU_2,Category_3,24,586.7640148450946,0,81,6,12,52,23.0,24.0,22.857142857142858,0
2023-01-08,SKU_20,Category_1,64,1366.5433815352326,0,95,6,1,1,72.0,51.0,39.0,0
2023-01-09,SKU_20,Category_1,48,1366.5433815352326,0,93,0,1,2,64.0,16.0,40.857142857142854,0
2023-01-10,SKU_20,Category_1,39,1366.5433815352326,0,59,1,1,2,48.0,32.0,45.42857142857143,0
2023-01-11,SKU_20,Category_1,46,1366.5433815352326,0,46,2,1,2,39.0,14.0,46.42857142857143,1
2023-01-12,SKU_20,Category_1,19,1366.5433815352326,0,19,3,1,2,46.0,37.0,51.0,1
2023-01-13,SKU_20,Category_1,46,1366.5433815352326,0,86,4,1,2,19.0,51.0,48.42857142857143,0
2023-01-14,SKU_20,Category_1,54,1366.5433815352326,0,74,5,1,2,46.0,72.0,47.714285714285715,0
2023-01-15,SKU_20,Category_1,27,1366.5433815352326,0,27,6,1,2,54.0,64.0,45.142857142857146,1
2023-01-16,SKU_20,Category_1,53,1366.5433815352326,0,61,0,1,3,27.0,48.0,39.857142857142854,0
2023-01-17,SKU_20,Category_1,18,1366.5433815352326,0,18,1,1,3,53.0,39.0,40.57142857142857,1
2023-01-18,SKU_20,Category_1,48,1366.5433815352326,0,65,2,1,3,18.0,46.0,37.57142857142857,0
2023-01-19,SKU_20,Category_1,11,1366.5433815352326,0,11,3,1,3,48.0,19.0,37.857142857142854,1
2023-01-20,SKU_20,Category_1,35,1366.5433815352326,0,35,4,1,3,11.0,46.0,36.714285714285715,1
2023-01-21,SKU_20,Category_1,65,1366.5433815352326,0,99,5,1,3,35.0,54.0,35.142857142857146,0
2023-01-22,SKU_20,Category_1,45,1366.5433815352326,0,45,6,1,3,65.0,27.0,36.714285714285715,1
2023-01-23,SKU_20,Category_1,24,1366.5433815352326,0,24,0,1,4,45.0,53.0,39.285714285714285,1
2023-01-24,SKU_20,Category_1,50,1366.5433815352326,0,70,1,1,4,24.0,18.0,35.142857142857146,0
2023-01-25,SKU_20,Category_1,41,1366.5433815352326,0,52,2,1,4,50.0,48.0,39.714285714285715,0
2023-01-26,SKU_20,Category_1,48,1366.5433815352326,0,48,3,1,4,41.0,11.0,38.714285714285715,1
2023-01-27,SKU_20,Category_1,47,1366.5433815352326,0,66,4,1,4,48.0,35.0,44.0,0
2023-01-28,SKU_20,Category_1,66,1366.5433815352326,0,91,5,1,4,47.0,65.0,45.714285714285715,0
2023-01-29,SKU_20,Category_1,31,1366.5433815352326,0,31,6,1,4,66.0,45.0,45.857142857142854,1
2023-01-30,SKU_20,Category_1,25,1366.5433815352326,0,25,0,1,5,31.0,24.0,43.857142857142854,1
2023-01-31,SKU_20,Category_1,24,1366.5433815352326,0,24,1,1,5,25.0,50.0,44.0,1
2023-02-01,SKU_20,Category_1,42,1366.5433815352326,0,45,2,2,5,24.0,41.0,40.285714285714285,0
2023-02-02,SKU_20,Category_1,49,1366.5433815352326,0,57,3,2,5,42.0,48.0,40.42857142857143,0
2023-02-03,SKU_20,Category_1,23,1366.5433815352326,0,23,4,2,5,49.0,47.0,40.57142857142857,1
2023-02-04,SKU_20,Category_1,63,1366.5433815352326,0,93,5,2,5,23.0,66.0,37.142857142857146,0
2023-02-05,SKU_20,Category_1,65,1366.5433815352326,0,93,6,2,5,63.0,31.0,36.714285714285715,0
2023-02-06,SKU_20,Category_1,51,1366.5433815352326,0,62,0,2,6,65.0,25.0,41.57142857142857,0
2023-02-07,SKU_20,Category_1,24,1366.5433815352326,0,24,1,2,6,51.0,24.0,45.285714285714285,1
2023-02-08,SKU_20,Category_1,31,1366.5433815352326,0,31,2,2,6,24.0,42.0,45.285714285714285,1
2023-02-09,SKU_20,Category_1,60,1366.5433815352326,1,60,3,2,6,31.0,49.0,43.714285714285715,1
2023-02-10,SKU_20,Category_1,40,1366.5433815352326,0,92,4,2,6,60.0,23.0,45.285714285714285,0
2023-02-11,SKU_20,Category_1,57,1366.5433815352326,0,58,5,2,6,40.0,63.0,47.714285714285715,0
2023-02-12,SKU_20,Category_1,39,1366.5433815352326,0,39,6,2,6,57.0,65.0,46.857142857142854,1
2023-02-13,SKU_20,Category_1,51,1366.5433815352326,0,59,0,2,7,39.0,51.0,43.142857142857146,0
2023-02-14,SKU_20,Category_1,56,1366.5433815352326,0,94,1,2,7,51.0,24.0,43.142857142857146,0
2023-02-15,SKU_20,Category_1,10,1366.5433815352326,0,10,2,2,7,56.0,31.0,47.714285714285715,1
2023-02-16,SKU_20,Category_1,65,1366.5433815352326,1,74,3,2,7,10.0,60.0,44.714285714285715,0
2023-02-17,SKU_20,Category_1,43,1366.5433815352326,0,51,4,2,7,65.0,40.0,45.42857142857143,0
2023-02-18,SKU_20,Category_1,65,1366.5433815352326,0,65,5,2,7,43.0,57.0,45.857142857142854,1
2023-02-19,SKU_20,Category_1,53,1366.5433815352326,1,53,6,2,7,65.0,39.0,47.0,1
2023-02-20,SKU_20,Category_1,48,1366.5433815352326,0,65,0,2,8,53.0,51.0,49.0,0
2023-02-21,SKU_20,Category_1,77,1366.5433815352326,1,77,1,2,8,48.0,56.0,48.57142857142857,1
2023-02-22,SKU_20,Category_1,54,1366.5433815352326,0,88,2,2,8,77.0,10.0,51.57142857142857,0
2023-02-23,SKU_20,Category_1,52,1366.5433815352326,0,58,3,2,8,54.0,65.0,57.857142857142854,0
2023-02-24,SKU_20,Category_1,37,1366.5433815352326,0,37,4,2,8,52.0,43.0,56.0,1
2023-02-25,SKU_20,Category_1,28,1366.5433815352326,0,28,5,2,8,37.0,65.0,55.142857142857146,1
2023-02-26,SKU_20,Category_1,13,1366.5433815352326,0,13,6,2,8,28.0,53.0,49.857142857142854,1
2023-02-27,SKU_20,Category_1,54,1366.5433815352326,0,63,0,2,9,13.0,48.0,44.142857142857146,0
2023-02-28,SKU_20,Category_1,41,1366.5433815352326,0,74,1,2,9,54.0,77.0,45.0,0
2023-03-01,SKU_20,Category_1,50,1366.5433815352326,0,55,2,3,9,41.0,54.0,39.857142857142854,0
2023-03-02,SKU_20,Category_1,39,1366.5433815352326,0,39,3,3,9,50.0,52.0,39.285714285714285,1
2023-03-03,SKU_20,Category_1,35,1366.5433815352326,0,35,4,3,9,39.0,37.0,37.42857142857143,1
2023-03-04,SKU_20,Category_1,25,1366.5433815352326,0,25,5,3,9,35.0,28.0,37.142857142857146,1
2023-03-05,SKU_20,Category_1,25,1366.5433815352326,0,25,6,3,9,25.0,13.0,36.714285714285715,1
2023-03-06,SKU_20,Category_1,43,1366.5433815352326,0,87,0,3,10,25.0,54.0,38.42857142857143,0
2023-03-07,SKU_20,Category_1,44,1366.5433815352326,0,76,1,3,10,43.0,41.0,36.857142857142854,0
2023-03-08,SKU_20,Category_1,58,1366.5433815352326,0,92,2,3,10,44.0,50.0,37.285714285714285,0
2023-03-09,SKU_20,Category_1,17,1366.5433815352326,1,17,3,3,10,58.0,39.0,38.42857142857143,1
2023-03-10,SKU_20,Category_1,48,1366.5433815352326,0,71,4,3,10,17.0,35.0,35.285714285714285,0
2023-03-11,SKU_20,Category_1,13,1366.5433815352326,0,13,5,3,10,48.0,25.0,37.142857142857146,1
2023-03-12,SKU_20,Category_1,67,1366.5433815352326,0,93,6,3,10,13.0,25.0,35.42857142857143,0
2023-03-13,SKU_20,Category_1,46,1366.5433815352326,0,95,0,3,11,67.0,43.0,41.42857142857143,0
2023-03-14,SKU_20,Category_1,48,1366.5433815352326,0,98,1,3,11,46.0,44.0,41.857142857142854,0
2023-03-15,SKU_20,Category_1,55,1366.5433815352326,0,63,2,3,11,48.0,58.0,42.42857142857143,0
2023-03-16,SKU_20,Category_1,53,1366.5433815352326,0,89,3,3,11,55.0,17.0,42.0,0
2023-03-17,SKU_20,Category_1,54,1366.5433815352326,0,78,4,3,11,53.0,48.0,47.142857142857146,0
2023-03-18,SKU_20,Category_1,15,1366.5433815352326,0,15,5,3,11,54.0,13.0,48.0,1
2023-03-19,SKU_20,Category_1,20,1366.5433815352326,0,20,6,3,11,15.0,67.0,48.285714285714285,1
2023-03-20,SKU_20,Category_1,50,1366.5433815352326,1,50,0,3,12,20.0,46.0,41.57142857142857,1
2023-03-21,SKU_20,Category_1,21,1366.5433815352326,0,21,1,3,12,50.0,48.0,42.142857142857146,1
2023-03-22,SKU_20,Category_1,45,1366.5433815352326,0,74,2,3,12,21.0,55.0,38.285714285714285,0
2023-03-23,SKU_20,Category_1,45,1366.5433815352326,1,45,3,3,12,45.0,53.0,36.857142857142854,1
2023-03-24,SKU_20,Category_1,42,1366.5433815352326,0,45,4,3,12,45.0,54.0,35.714285714285715,0
2023-03-25,SKU_20,Category_1,99,1366.5433815352326,1,99,5,3,12,42.0,15.0,34.0,1
2023-03-26,SKU_20,Category_1,16,1366.5433815352326,1,16,6,3,12,99.0,20.0,46.0,1
2023-03-27,SKU_20,Category_1,33,1366.5433815352326,0,33,0,3,13,16.0,50.0,45.42857142857143,1
2023-03-28,SKU_20,Category_1,13,1366.5433815352326,0,13,1,3,13,33.0,21.0,43.0,1
2023-03-29,SKU_20,Category_1,49,1366.5433815352326,1,49,2,3,13,13.0,45.0,41.857142857142854,1
2023-03-30,SKU_20,Category_1,51,1366.5433815352326,0,51,3,3,13,49.0,45.0,42.42857142857143,1
2023-03-31,SKU_20,Category_1,45,1366.5433815352326,0,64,4,3,13,51.0,42.0,43.285714285714285,0
2023-04-01,SKU_20,Category_1,18,1366.5433815352326,0,18,5,4,13,45.0,99.0,43.714285714285715,1
2023-04-02,SKU_20,Category_1,58,1366.5433815352326,1,58,6,4,13,18.0,16.0,32.142857142857146,1
2023-04-03,SKU_20,Category_1,51,1366.5433815352326,0,91,0,4,14,58.0,33.0,38.142857142857146,0
2023-04-04,SKU_20,Category_1,26,1366.5433815352326,0,26,1,4,14,51.0,13.0,40.714285714285715,1
2023-04-05,SKU_20,Category_1,41,1366.5433815352326,0,41,2,4,14,26.0,49.0,42.57142857142857,1
2023-04-06,SKU_20,Category_1,56,1366.5433815352326,0,96,3,4,14,41.0,51.0,41.42857142857143,0
2023-04-07,SKU_20,Category_1,47,1366.5433815352326,0,67,4,4,14,56.0,45.0,42.142857142857146,0
2023-04-08,SKU_20,Category_1,22,1366.5433815352326,1,22,5,4,14,47.0,18.0,42.42857142857143,1
2023-04-09,SKU_20,Category_1,36,1366.5433815352326,0,36,6,4,14,22.0,58.0,43.0,1
2023-04-10,SKU_20,Category_1,26,1366.5433815352326,0,26,0,4,15,36.0,51.0,39.857142857142854,1
2023-04-11,SKU_20,Category_1,26,1366.5433815352326,0,26,1,4,15,26.0,26.0,36.285714285714285,1
2023-04-12,SKU_20,Category_1,47,1366.5433815352326,0,80,2,4,15,26.0,41.0,36.285714285714285,0
2023-04-13,SKU_20,Category_1,45,1366.5433815352326,0,89,3,4,15,47.0,56.0,37.142857142857146,0
2023-04-14,SKU_20,Category_1,24,1366.5433815352326,0,24,4,4,15,45.0,47.0,35.57142857142857,1
2023-04-15,SKU_20,Category_1,66,1366.5433815352326,0,66,5,4,15,24.0,22.0,32.285714285714285,1
2023-04-16,SKU_20,Category_1,59,1366.5433815352326,0,81,6,4,15,66.0,36.0,38.57142857142857,0
2023-04-17,SKU_20,Category_1,52,1366.5433815352326,0,84,0,4,16,59.0,26.0,41.857142857142854,0
2023-04-18,SKU_20,Category_1,70,1366.5433815352326,1,80,1,4,16,52.0,26.0,45.57142857142857,0
2023-04-19,SKU_20,Category_1,55,1366.5433815352326,0,98,2,4,16,70.0,47.0,51.857142857142854,0
2023-04-20,SKU_20,Category_1,41,1366.5433815352326,0,48,3,4,16,55.0,45.0,53.0,0
2023-04-21,SKU_20,Category_1,50,1366.5433815352326,0,75,4,4,16,41.0,24.0,52.42857142857143,0
2023-04-22,SKU_20,Category_1,55,1366.5433815352326,0,93,5,4,16,50.0,66.0,56.142857142857146,0
2023-04-23,SKU_20,Category_1,32,1366.5433815352326,0,32,6,4,16,55.0,59.0,54.57142857142857,1
2023-04-24,SKU_20,Category_1,45,1366.5433815352326,0,57,0,4,17,32.0,52.0,50.714285714285715,0
2023-04-25,SKU_20,Category_1,49,1366.5433815352326,0,49,1,4,17,45.0,70.0,49.714285714285715,1
2023-04-26,SKU_20,Category_1,17,1366.5433815352326,0,17,2,4,17,49.0,55.0,46.714285714285715,1
2023-04-27,SKU_20,Category_1,26,1366.5433815352326,0,26,3,4,17,17.0,41.0,41.285714285714285,1
2023-04-28,SKU_20,Category_1,33,1366.5433815352326,0,33,4,4,17,26.0,50.0,39.142857142857146,1
2023-04-29,SKU_20,Category_1,20,1366.5433815352326,1,20,5,4,17,33.0,55.0,36.714285714285715,1
2023-04-30,SKU_20,Category_1,59,1366.5433815352326,0,59,6,4,17,20.0,32.0,31.714285714285715,1
2023-05-01,SKU_20,Category_1,46,1366.5433815352326,0,46,0,5,18,59.0,45.0,35.57142857142857,1
2023-05-02,SKU_20,Category_1,50,1366.5433815352326,0,64,1,5,18,46.0,49.0,35.714285714285715,0
2023-05-03,SKU_20,Category_1,47,1366.5433815352326,0,76,2,5,18,50.0,17.0,35.857142857142854,0
2023-05-04,SKU_20,Category_1,46,1366.5433815352326,0,94,3,5,18,47.0,26.0,40.142857142857146,0
2023-05-05,SKU_20,Category_1,56,1366.5433815352326,0,81,4,5,18,46.0,33.0,43.0,0
2023-05-06,SKU_20,Category_1,65,1366.5433815352326,0,78,5,5,18,56.0,20.0,46.285714285714285,0
2023-05-07,SKU_20,Category_1,64,1366.5433815352326,0,69,6,5,18,65.0,59.0,52.714285714285715,0
2023-05-08,SKU_20,Category_1,53,1366.5433815352326,0,82,0,5,19,64.0,46.0,53.42857142857143,0
2023-05-09,SKU_20,Category_1,44,1366.5433815352326,0,99,1,5,19,53.0,50.0,54.42857142857143,0
2023-05-10,SKU_20,Category_1,55,1366.5433815352326,0,69,2,5,19,44.0,47.0,53.57142857142857,0
2023-05-11,SKU_20,Category_1,47,1366.5433815352326,0,80,3,5,19,55.0,46.0,54.714285714285715,0
2023-05-12,SKU_20,Category_1,16,1366.5433815352326,0,16,4,5,19,47.0,56.0,54.857142857142854,1
2023-05-13,SKU_20,Category_1,37,1366.5433815352326,0,37,5,5,19,16.0,65.0,49.142857142857146,1
2023-05-14,SKU_20,Category_1,69,1366.5433815352326,0,93,6,5,19,37.0,64.0,45.142857142857146,0
2023-05-15,SKU_20,Category_1,45,1366.5433815352326,0,52,0,5,20,69.0,53.0,45.857142857142854,0
2023-05-16,SKU_20,Category_1,73,1366.5433815352326,1,76,1,5,20,45.0,44.0,44.714285714285715,0
2023-05-17,SKU_20,Category_1,47,1366.5433815352326,0,80,2,5,20,73.0,55.0,48.857142857142854,0
2023-05-18,SKU_20,Category_1,49,1366.5433815352326,0,97,3,5,20,47.0,47.0,47.714285714285715,0
2023-05-19,SKU_20,Category_1,50,1366.5433815352326,0,60,4,5,20,49.0,16.0,48.0,0
2023-05-20,SKU_20,Category_1,18,1366.5433815352326,0,18,5,5,20,50.0,37.0,52.857142857142854,1
2023-05-21,SKU_20,Category_1,56,1366.5433815352326,0,68,6,5,20,18.0,69.0,50.142857142857146,0
2023-05-22,SKU_20,Category_1,54,1366.5433815352326,0,57,0,5,21,56.0,45.0,48.285714285714285,0
2023-05-23,SKU_20,Category_1,41,1366.5433815352326,0,62,1,5,21,54.0,73.0,49.57142857142857,0
2023-05-24,SKU_20,Category_1,43,1366.5433815352326,0,43,2,5,21,41.0,47.0,45.0,1
2023-05-25,SKU_20,Category_1,54,1366.5433815352326,0,97,3,5,21,43.0,49.0,44.42857142857143,0
2023-05-26,SKU_20,Category_1,24,1366.5433815352326,0,24,4,5,21,54.0,50.0,45.142857142857146,1
2023-05-27,SKU_20,Category_1,24,1366.5433815352326,0,24,5,5,21,24.0,18.0,41.42857142857143,1
2023-05-28,SKU_20,Category_1,18,1366.5433815352326,0,18,6,5,21,24.0,56.0,42.285714285714285,1
2023-05-29,SKU_20,Category_1,27,1366.5433815352326,0,27,0,5,22,18.0,54.0,36.857142857142854,1
2023-05-30,SKU_20,Category_1,47,1366.5433815352326,0,73,1,5,22,27.0,41.0,33.0,0
2023-05-31,SKU_20,Category_1,47,1366.5433815352326,0,71,2,5,22,47.0,43.0,33.857142857142854,0
2023-06-01,SKU_20,Category_1,70,1366.5433815352326,1,70,3,6,22,47.0,54.0,34.42857142857143,1
2023-06-02,SKU_20,Category_1,46,1366.5433815352326,0,61,4,6,22,70.0,24.0,36.714285714285715,0
2023-06-03,SKU_20,Category_1,57,1366.5433815352326,0,57,5,6,22,46.0,24.0,39.857142857142854,1
2023-06-04,SKU_20,Category_1,21,1366.5433815352326,0,21,6,6,22,57.0,18.0,44.57142857142857,1
2023-06-05,SKU_20,Category_1,50,1366.5433815352326,0,56,0,6,23,21.0,27.0,45.0,0
2023-06-06,SKU_20,Category_1,30,1366.5433815352326,0,30,1,6,23,50.0,47.0,48.285714285714285,1
2023-06-07,SKU_20,Category_1,55,1366.5433815352326,0,80,2,6,23,30.0,47.0,45.857142857142854,0
2023-06-08,SKU_20,Category_1,50,1366.5433815352326,0,82,3,6,23,55.0,70.0,47.0,0
2023-06-09,SKU_20,Category_1,27,1366.5433815352326,0,27,4,6,23,50.0,46.0,44.142857142857146,1
2023-06-10,SKU_20,Category_1,10,1366.5433815352326,0,10,5,6,23,27.0,57.0,41.42857142857143,1
2023-06-11,SKU_20,Category_1,56,1366.5433815352326,0,60,6,6,23,10.0,21.0,34.714285714285715,0
2023-06-12,SKU_20,Category_1,51,1366.5433815352326,0,96,0,6,24,56.0,50.0,39.714285714285715,0
2023-06-13,SKU_20,Category_1,40,1366.5433815352326,0,77,1,6,24,51.0,30.0,39.857142857142854,0
2023-06-14,SKU_20,Category_1,23,1366.5433815352326,1,23,2,6,24,40.0,55.0,41.285714285714285,1
2023-06-15,SKU_20,Category_1,54,1366.5433815352326,0,83,3,6,24,23.0,50.0,36.714285714285715,0
2023-06-16,SKU_20,Category_1,44,1366.5433815352326,0,50,4,6,24,54.0,27.0,37.285714285714285,0
2023-06-17,SKU_20,Category_1,58,1366.5433815352326,0,87,5,6,24,44.0,10.0,39.714285714285715,0
2023-06-18,SKU_20,Category_1,65,1366.5433815352326,0,99,6,6,24,58.0,56.0,46.57142857142857,0
2023-06-19,SKU_20,Category_1,27,1366.5433815352326,0,27,0,6,25,65.0,51.0,47.857142857142854,1
2023-06-20,SKU_20,Category_1,49,1366.5433815352326,0,84,1,6,25,27.0,40.0,44.42857142857143,0
2023-06-21,SKU_20,Category_1,48,1366.5433815352326,0,48,2,6,25,49.0,23.0,45.714285714285715,1
2023-06-22,SKU_20,Category_1,46,1366.5433815352326,0,50,3,6,25,48.0,54.0,49.285714285714285,0
2023-06-23,SKU_20,Category_1,52,1366.5433815352326,0,84,4,6,25,46.0,44.0,48.142857142857146,0
2023-06-24,SKU_20,Category_1,58,1366.5433815352326,0,58,5,6,25,52.0,58.0,49.285714285714285,1
2023-06-25,SKU_20,Category_1,31,1366.5433815352326,0,31,6,6,25,58.0,65.0,49.285714285714285,1
2023-06-26,SKU_20,Category_1,46,1366.5433815352326,0,89,0,6,26,31.0,27.0,44.42857142857143,0
2023-06-27,SKU_20,Category_1,52,1366.5433815352326,0,55,1,6,26,46.0,49.0,47.142857142857146,0
2023-06-28,SKU_20,Category_1,20,1366.5433815352326,1,20,2,6,26,52.0,48.0,47.57142857142857,1
2023-06-29,SKU_20,Category_1,20,1366.5433815352326,1,20,3,6,26,20.0,46.0,43.57142857142857,1
2023-06-30,SKU_20,Category_1,52,1366.5433815352326,0,52,4,6,26,20.0,52.0,39.857142857142854,1
2023-07-01,SKU_20,Category_1,11,1366.5433815352326,0,11,5,7,26,52.0,58.0,39.857142857142854,1
2023-07-02,SKU_20,Category_1,31,1366.5433815352326,0,31,6,7,26,11.0,31.0,33.142857142857146,1
2023-07-03,SKU_20,Category_1,38,1366.5433815352326,0,38,0,7,27,31.0,46.0,33.142857142857146,1
2023-07-04,SKU_20,Category_1,48,1366.5433815352326,0,99,1,7,27,38.0,52.0,32.0,0
2023-07-05,SKU_20,Category_1,45,1366.5433815352326,0,46,2,7,27,48.0,20.0,31.428571428571427,0
2023-07-06,SKU_20,Category_1,44,1366.5433815352326,0,92,3,7,27,45.0,20.0,35.0,0
2023-07-07,SKU_20,Category_1,21,1366.5433815352326,0,21,4,7,27,44.0,52.0,38.42857142857143,1
2023-07-08,SKU_20,Category_1,56,1366.5433815352326,0,56,5,7,27,21.0,11.0,34.0,1
2023-07-09,SKU_20,Category_1,63,1366.5433815352326,0,68,6,7,27,56.0,31.0,40.42857142857143,0
2023-07-10,SKU_20,Category_1,22,1366.5433815352326,0,22,0,7,28,63.0,38.0,45.0,1
2023-07-11,SKU_20,Category_1,44,1366.5433815352326,0,66,1,7,28,22.0,48.0,42.714285714285715,0
2023-07-12,SKU_20,Category_1,42,1366.5433815352326,0,96,2,7,28,44.0,45.0,42.142857142857146,0
2023-07-13,SKU_20,Category_1,45,1366.5433815352326,0,58,3,7,28,42.0,44.0,41.714285714285715,0
2023-07-14,SKU_20,Category_1,47,1366.5433815352326,0,84,4,7,28,45.0,21.0,41.857142857142854,0
2023-07-15,SKU_20,Category_1,64,1366.5433815352326,0,73,5,7,28,47.0,56.0,45.57142857142857,0
2023-07-16,SKU_20,Category_1,62,1366.5433815352326,0,80,6,7,28,64.0,63.0,46.714285714285715,0
2023-07-17,SKU_20,Category_1,49,1366.5433815352326,1,49,0,7,29,62.0,22.0,46.57142857142857,1
2023-07-18,SKU_20,Category_1,55,1366.5433815352326,0,55,1,7,29,49.0,44.0,50.42857142857143,1
2023-07-19,SKU_20,Category_1,13,1366.5433815352326,0,13,2,7,29,55.0,42.0,52.0,1
2023-07-20,SKU_20,Category_1,23,1366.5433815352326,0,23,3,7,29,13.0,45.0,47.857142857142854,1
2023-07-21,SKU_20,Category_1,40,1366.5433815352326,0,40,4,7,29,23.0,47.0,44.714285714285715,1
2023-07-22,SKU_20,Category_1,63,1366.5433815352326,0,80,5,7,29,40.0,64.0,43.714285714285715,0
2023-07-23,SKU_20,Category_1,25,1366.5433815352326,1,25,6,7,29,63.0,62.0,43.57142857142857,1
2023-07-24,SKU_20,Category_1,15,1366.5433815352326,0,15,0,7,30,25.0,49.0,38.285714285714285,1
2023-07-25,SKU_20,Category_1,27,1366.5433815352326,0,27,1,7,30,15.0,55.0,33.42857142857143,1
2023-07-26,SKU_20,Category_1,25,1366.5433815352326,0,25,2,7,30,27.0,13.0,29.428571428571427,1
2023-07-27,SKU_20,Category_1,39,1366.5433815352326,0,39,3,7,30,25.0,23.0,31.142857142857142,1
2023-07-28,SKU_20,Category_1,45,1366.5433815352326,0,45,4,7,30,39.0,40.0,33.42857142857143,1
2023-07-29,SKU_20,Category_1,68,1366.5433815352326,0,77,5,7,30,45.0,63.0,34.142857142857146,0
2023-07-30,SKU_20,Category_1,22,1366.5433815352326,0,22,6,7,30,68.0,25.0,34.857142857142854,1
2023-07-31,SKU_20,Category_1,55,1366.5433815352326,0,57,0,7,31,22.0,15.0,34.42857142857143,0
2023-08-01,SKU_20,Category_1,59,1366.5433815352326,0,99,1,8,31,55.0,27.0,40.142857142857146,0
2023-08-02,SKU_20,Category_1,50,1366.5433815352326,0,51,2,8,31,59.0,25.0,44.714285714285715,0
2023-08-03,SKU_20,Category_1,60,1366.5433815352326,0,91,3,8,31,50.0,39.0,48.285714285714285,0
2023-08-04,SKU_20,Category_1,34,1366.5433815352326,0,34,4,8,31,60.0,45.0,51.285714285714285,1
2023-08-05,SKU_20,Category_1,12,1366.5433815352326,0,12,5,8,31,34.0,68.0,49.714285714285715,1
2023-08-06,SKU_20,Category_1,60,1366.5433815352326,0,60,6,8,31,12.0,22.0,41.714285714285715,1
2023-08-07,SKU_20,Category_1,52,1366.5433815352326,0,82,0,8,32,60.0,55.0,47.142857142857146,0
2023-08-08,SKU_20,Category_1,45,1366.5433815352326,0,48,1,8,32,52.0,59.0,46.714285714285715,0
2023-08-09,SKU_20,Category_1,46,1366.5433815352326,0,47,2,8,32,45.0,50.0,44.714285714285715,0
2023-08-10,SKU_20,Category_1,40,1366.5433815352326,0,40,3,8,32,46.0,60.0,44.142857142857146,1
2023-08-11,SKU_20,Category_1,54,1366.5433815352326,0,54,4,8,32,40.0,34.0,41.285714285714285,1
2023-08-12,SKU_20,Category_1,30,1366.5433815352326,0,30,5,8,32,54.0,12.0,44.142857142857146,1
2023-08-13,SKU_20,Category_1,16,1366.5433815352326,1,16,6,8,32,30.0,60.0,46.714285714285715,1
2023-08-14,SKU_20,Category_1,50,1366.5433815352326,0,86,0,8,33,16.0,52.0,40.42857142857143,0
2023-08-15,SKU_20,Category_1,43,1366.5433815352326,0,96,1,8,33,50.0,45.0,40.142857142857146,0
2023-08-16,SKU_20,Category_1,42,1366.5433815352326,0,42,2,8,33,43.0,46.0,39.857142857142854,1
2023-08-17,SKU_20,Category_1,38,1366.5433815352326,1,38,3,8,33,42.0,40.0,39.285714285714285,1
2023-08-18,SKU_20,Category_1,23,1366.5433815352326,1,23,4,8,33,38.0,54.0,39.0,1
2023-08-19,SKU_20,Category_1,64,1366.5433815352326,0,68,5,8,33,23.0,30.0,34.57142857142857,0
2023-08-20,SKU_20,Category_1,68,1366.5433815352326,0,77,6,8,33,64.0,16.0,39.42857142857143,0
2023-08-21,SKU_20,Category_1,50,1366.5433815352326,0,50,0,8,34,68.0,50.0,46.857142857142854,1
2023-08-22,SKU_20,Category_1,52,1366.5433815352326,0,96,1,8,34,50.0,43.0,46.857142857142854,0
2023-08-23,SKU_20,Category_1,38,1366.5433815352326,0,38,2,8,34,52.0,42.0,48.142857142857146,1
2023-08-24,SKU_20,Category_1,15,1366.5433815352326,0,15,3,8,34,38.0,38.0,47.57142857142857,1
2023-08-25,SKU_20,Category_1,70,1366.5433815352326,1,70,4,8,34,15.0,23.0,44.285714285714285,1
2023-08-26,SKU_20,Category_1,40,1366.5433815352326,0,40,5,8,34,70.0,64.0,51.0,1
2023-08-27,SKU_20,Category_1,70,1366.5433815352326,0,84,6,8,34,40.0,68.0,47.57142857142857,0
2023-08-28,SKU_20,Category_1,42,1366.5433815352326,0,57,0,8,35,70.0,50.0,47.857142857142854,0
2023-08-29,SKU_20,Category_1,43,1366.5433815352326,0,52,1,8,35,42.0,52.0,46.714285714285715,0
2023-08-30,SKU_20,Category_1,25,1366.5433815352326,0,25,2,8,35,43.0,38.0,45.42857142857143,1
2023-08-31,SKU_20,Category_1,46,1366.5433815352326,0,86,3,8,35,25.0,15.0,43.57142857142857,0
2023-09-01,SKU_20,Category_1,45,1366.5433815352326,0,91,4,9,35,46.0,70.0,48.0,0
2023-09-02,SKU_20,Category_1,34,1366.5433815352326,0,34,5,9,35,45.0,40.0,44.42857142857143,1
2023-09-03,SKU_20,Category_1,24,1366.5433815352326,0,24,6,9,35,34.0,70.0,43.57142857142857,1
2023-09-04,SKU_20,Category_1,49,1366.5433815352326,0,62,0,9,36,24.0,42.0,37.0,0
2023-09-05,SKU_20,Category_1,49,1366.5433815352326,0,98,1,9,36,49.0,43.0,38.0,0
2023-09-06,SKU_20,Category_1,41,1366.5433815352326,0,48,2,9,36,49.0,25.0,38.857142857142854,0
2023-09-07,SKU_20,Category_1,38,1366.5433815352326,0,38,3,9,36,41.0,46.0,41.142857142857146,1
2023-09-08,SKU_20,Category_1,13,1366.5433815352326,0,13,4,9,36,38.0,45.0,40.0,1
2023-09-09,SKU_20,Category_1,21,1366.5433815352326,0,21,5,9,36,13.0,34.0,35.42857142857143,1
2023-09-10,SKU_20,Category_1,66,1366.5433815352326,0,70,6,9,36,21.0,24.0,33.57142857142857,0
2023-09-11,SKU_20,Category_1,14,1366.5433815352326,0,14,0,9,37,66.0,49.0,39.57142857142857,1
2023-09-12,SKU_20,Category_1,41,1366.5433815352326,0,99,1,9,37,14.0,49.0,34.57142857142857,0
2023-09-13,SKU_20,Category_1,47,1366.5433815352326,0,74,2,9,37,41.0,41.0,33.42857142857143,0
2023-09-14,SKU_20,Category_1,40,1366.5433815352326,0,63,3,9,37,47.0,38.0,34.285714285714285,0
2023-09-15,SKU_20,Category_1,46,1366.5433815352326,0,82,4,9,37,40.0,13.0,34.57142857142857,0
2023-09-16,SKU_20,Category_1,85,1366.5433815352326,1,85,5,9,37,46.0,21.0,39.285714285714285,1
2023-09-17,SKU_20,Category_1,54,1366.5433815352326,0,54,6,9,37,85.0,66.0,48.42857142857143,1
2023-09-18,SKU_20,Category_1,49,1366.5433815352326,0,49,0,9,38,54.0,14.0,46.714285714285715,1
2023-09-19,SKU_20,Category_1,47,1366.5433815352326,0,65,1,9,38,49.0,41.0,51.714285714285715,0
2023-09-20,SKU_20,Category_1,26,1366.5433815352326,0,26,2,9,38,47.0,47.0,52.57142857142857,1
2023-09-21,SKU_20,Category_1,13,1366.5433815352326,0,13,3,9,38,26.0,40.0,49.57142857142857,1
2023-09-22,SKU_20,Category_1,44,1366.5433815352326,0,44,4,9,38,13.0,46.0,45.714285714285715,1
2023-09-23,SKU_20,Category_1,12,1366.5433815352326,0,12,5,9,38,44.0,85.0,45.42857142857143,1
2023-09-24,SKU_20,Category_1,61,1366.5433815352326,0,61,6,9,38,12.0,54.0,35.0,1
2023-09-25,SKU_20,Category_1,41,1366.5433815352326,0,41,0,9,39,61.0,49.0,36.0,1
2023-09-26,SKU_20,Category_1,46,1366.5433815352326,1,46,1,9,39,41.0,47.0,34.857142857142854,1
2023-09-27,SKU_20,Category_1,19,1366.5433815352326,0,19,2,9,39,46.0,26.0,34.714285714285715,1
2023-09-28,SKU_20,Category_1,47,1366.5433815352326,0,79,3,9,39,19.0,13.0,33.714285714285715,0
2023-09-29,SKU_20,Category_1,46,1366.5433815352326,0,89,4,9,39,47.0,44.0,38.57142857142857,0
2023-09-30,SKU_20,Category_1,70,1366.5433815352326,0,94,5,9,39,46.0,12.0,38.857142857142854,0
2023-10-01,SKU_20,Category_1,37,1366.5433815352326,1,37,6,10,39,70.0,61.0,47.142857142857146,1
2023-10-02,SKU_20,Category_1,37,1366.5433815352326,1,37,0,10,40,37.0,41.0,43.714285714285715,1
2023-10-03,SKU_20,Category_1,55,1366.5433815352326,0,72,1,10,40,37.0,46.0,43.142857142857146,0
2023-10-04,SKU_20,Category_1,50,1366.5433815352326,1,50,2,10,40,55.0,19.0,44.42857142857143,1
2023-10-05,SKU_20,Category_1,34,1366.5433815352326,0,34,3,10,40,50.0,47.0,48.857142857142854,1
2023-10-06,SKU_20,Category_1,55,1366.5433815352326,0,95,4,10,40,34.0,46.0,47.0,0
2023-10-07,SKU_20,Category_1,36,1366.5433815352326,0,36,5,10,40,55.0,70.0,48.285714285714285,1
2023-10-08,SKU_20,Category_1,51,1366.5433815352326,0,51,6,10,40,36.0,37.0,43.42857142857143,1
2023-10-09,SKU_20,Category_1,12,1366.5433815352326,0,12,0,10,41,51.0,37.0,45.42857142857143,1
2023-10-10,SKU_20,Category_1,48,1366.5433815352326,0,82,1,10,41,12.0,55.0,41.857142857142854,0
2023-10-11,SKU_20,Category_1,16,1366.5433815352326,0,16,2,10,41,48.0,50.0,40.857142857142854,1
2023-10-12,SKU_20,Category_1,41,1366.5433815352326,0,91,3,10,41,16.0,34.0,36.0,0
2023-10-13,SKU_20,Category_1,28,1366.5433815352326,0,28,4,10,41,41.0,55.0,37.0,1
2023-10-14,SKU_20,Category_1,45,1366.5433815352326,0,45,5,10,41,28.0,36.0,33.142857142857146,1
2023-10-15,SKU_20,Category_1,25,1366.5433815352326,0,25,6,10,41,45.0,51.0,34.42857142857143,1
2023-10-16,SKU_20,Category_1,25,1366.5433815352326,1,25,0,10,42,25.0,12.0,30.714285714285715,1
2023-10-17,SKU_20,Category_1,27,1366.5433815352326,1,27,1,10,42,25.0,48.0,32.57142857142857,1
2023-10-18,SKU_20,Category_1,48,1366.5433815352326,0,49,2,10,42,27.0,16.0,29.571428571428573,0
2023-10-19,SKU_20,Category_1,31,1366.5433815352326,0,31,3,10,42,48.0,41.0,34.142857142857146,1
2023-10-20,SKU_20,Category_1,54,1366.5433815352326,0,89,4,10,42,31.0,28.0,32.714285714285715,0
2023-10-21,SKU_20,Category_1,50,1366.5433815352326,0,50,5,10,42,54.0,45.0,36.42857142857143,1
2023-10-22,SKU_20,Category_1,61,1366.5433815352326,0,68,6,10,42,50.0,25.0,37.142857142857146,0
2023-10-23,SKU_20,Category_1,35,1366.5433815352326,1,35,0,10,43,61.0,25.0,42.285714285714285,1
2023-10-24,SKU_20,Category_1,37,1366.5433815352326,0,37,1,10,43,35.0,27.0,43.714285714285715,1
2023-10-25,SKU_20,Category_1,32,1366.5433815352326,0,32,2,10,43,37.0,48.0,45.142857142857146,1
2023-10-26,SKU_20,Category_1,34,1366.5433815352326,0,34,3,10,43,32.0,31.0,42.857142857142854,1
2023-10-27,SKU_20,Category_1,37,1366.5433815352326,0,37,4,10,43,34.0,54.0,43.285714285714285,1
2023-10-28,SKU_20,Category_1,13,1366.5433815352326,0,13,5,10,43,37.0,50.0,40.857142857142854,1
2023-10-29,SKU_20,Category_1,63,1366.5433815352326,0,81,6,10,43,13.0,61.0,35.57142857142857,0
2023-10-30,SKU_20,Category_1,47,1366.5433815352326,0,67,0,10,44,63.0,35.0,35.857142857142854,0
2023-10-31,SKU_20,Category_1,34,1366.5433815352326,0,34,1,10,44,47.0,37.0,37.57142857142857,1
2023-11-01,SKU_20,Category_1,44,1366.5433815352326,0,44,2,11,44,34.0,32.0,37.142857142857146,1
2023-11-02,SKU_20,Category_1,54,1366.5433815352326,0,97,3,11,44,44.0,34.0,38.857142857142854,0
2023-11-03,SKU_20,Category_1,47,1366.5433815352326,0,47,4,11,44,54.0,37.0,41.714285714285715,1
2023-11-04,SKU_20,Category_1,71,1366.5433815352326,0,82,5,11,44,47.0,13.0,43.142857142857146,0
2023-11-05,SKU_20,Category_1,44,1366.5433815352326,0,44,6,11,44,71.0,63.0,51.42857142857143,1
2023-11-06,SKU_20,Category_1,41,1366.5433815352326,0,41,0,11,45,44.0,47.0,48.714285714285715,1
2023-11-07,SKU_20,Category_1,46,1366.5433815352326,0,58,1,11,45,41.0,34.0,47.857142857142854,0
2023-11-08,SKU_20,Category_1,11,1366.5433815352326,0,11,2,11,45,46.0,44.0,49.57142857142857,1
2023-11-09,SKU_20,Category_1,49,1366.5433815352326,0,93,3,11,45,11.0,54.0,44.857142857142854,0
2023-11-10,SKU_20,Category_1,52,1366.5433815352326,0,88,4,11,45,49.0,47.0,44.142857142857146,0
2023-11-11,SKU_20,Category_1,59,1366.5433815352326,0,75,5,11,45,52.0,71.0,44.857142857142854,0
2023-11-12,SKU_20,Category_1,62,1366.5433815352326,0,67,6,11,45,59.0,44.0,43.142857142857146,0
2023-11-13,SKU_20,Category_1,49,1366.5433815352326,0,98,0,11,46,62.0,41.0,45.714285714285715,0
2023-11-14,SKU_20,Category_1,25,1366.5433815352326,0,25,1,11,46,49.0,46.0,46.857142857142854,1
2023-11-15,SKU_20,Category_1,51,1366.5433815352326,0,69,2,11,46,25.0,11.0,43.857142857142854,0
2023-11-16,SKU_20,Category_1,29,1366.5433815352326,0,29,3,11,46,51.0,49.0,49.57142857142857,1
2023-11-17,SKU_20,Category_1,42,1366.5433815352326,0,42,4,11,46,29.0,52.0,46.714285714285715,1
2023-11-18,SKU_20,Category_1,71,1366.5433815352326,0,81,5,11,46,42.0,59.0,45.285714285714285,0
2023-11-19,SKU_20,Category_1,49,1366.5433815352326,0,49,6,11,46,71.0,62.0,47.0,1
2023-11-20,SKU_20,Category_1,46,1366.5433815352326,0,48,0,11,47,49.0,49.0,45.142857142857146,0
2023-11-21,SKU_20,Category_1,43,1366.5433815352326,0,88,1,11,47,46.0,25.0,44.714285714285715,0
2023-11-22,SKU_20,Category_1,30,1366.5433815352326,0,30,2,11,47,43.0,51.0,47.285714285714285,1
2023-11-23,SKU_20,Category_1,51,1366.5433815352326,0,51,3,11,47,30.0,29.0,44.285714285714285,1
2023-11-24,SKU_20,Category_1,22,1366.5433815352326,0,22,4,11,47,51.0,42.0,47.42857142857143,1
2023-11-25,SKU_20,Category_1,49,1366.5433815352326,0,49,5,11,47,22.0,71.0,44.57142857142857,1
2023-11-26,SKU_20,Category_1,34,1366.5433815352326,1,34,6,11,47,49.0,49.0,41.42857142857143,1
2023-11-27,SKU_20,Category_1,52,1366.5433815352326,0,73,0,11,48,34.0,46.0,39.285714285714285,0
2023-11-28,SKU_20,Category_1,71,1366.5433815352326,1,94,1,11,48,52.0,43.0,40.142857142857146,0
2023-11-29,SKU_20,Category_1,27,1366.5433815352326,0,27,2,11,48,71.0,30.0,44.142857142857146,1
2023-11-30,SKU_20,Category_1,45,1366.5433815352326,0,96,3,11,48,27.0,51.0,43.714285714285715,0
2023-12-01,SKU_20,Category_1,46,1366.5433815352326,0,46,4,12,48,45.0,22.0,42.857142857142854,1
2023-12-02,SKU_20,Category_1,49,1366.5433815352326,0,49,5,12,48,46.0,49.0,46.285714285714285,1
2023-12-03,SKU_20,Category_1,17,1366.5433815352326,0,17,6,12,48,49.0,34.0,46.285714285714285,1
2023-12-04,SKU_20,Category_1,14,1366.5433815352326,0,14,0,12,49,17.0,52.0,43.857142857142854,1
2023-12-05,SKU_20,Category_1,13,1366.5433815352326,0,13,1,12,49,14.0,71.0,38.42857142857143,1
2023-12-06,SKU_20,Category_1,31,1366.5433815352326,0,31,2,12,49,13.0,27.0,30.142857142857142,1
2023-12-07,SKU_20,Category_1,25,1366.5433815352326,0,25,3,12,49,31.0,45.0,30.714285714285715,1
2023-12-08,SKU_20,Category_1,55,1366.5433815352326,0,97,4,12,49,25.0,46.0,27.857142857142858,0
2023-12-09,SKU_20,Category_1,57,1366.5433815352326,0,81,5,12,49,55.0,49.0,29.142857142857142,0
2023-12-10,SKU_20,Category_1,24,1366.5433815352326,0,24,6,12,49,57.0,17.0,30.285714285714285,1
2023-12-11,SKU_20,Category_1,29,1366.5433815352326,0,29,0,12,50,24.0,14.0,31.285714285714285,1
2023-12-12,SKU_20,Category_1,16,1366.5433815352326,0,16,1,12,50,29.0,13.0,33.42857142857143,1
2023-12-13,SKU_20,Category_1,52,1366.5433815352326,0,73,2,12,50,16.0,31.0,33.857142857142854,0
2023-12-14,SKU_20,Category_1,64,1366.5433815352326,1,91,3,12,50,52.0,25.0,36.857142857142854,0
2023-12-15,SKU_20,Category_1,34,1366.5433815352326,0,34,4,12,50,64.0,55.0,42.42857142857143,1
2023-12-16,SKU_20,Category_1,19,1366.5433815352326,0,19,5,12,50,34.0,57.0,39.42857142857143,1
2023-12-17,SKU_20,Category_1,63,1366.5433815352326,0,74,6,12,50,19.0,24.0,34.0,0
2023-12-18,SKU_20,Category_1,10,1366.5433815352326,0,10,0,12,51,63.0,29.0,39.57142857142857,1
2023-12-19,SKU_20,Category_1,40,1366.5433815352326,0,40,1,12,51,10.0,16.0,36.857142857142854,1
2023-12-20,SKU_20,Category_1,10,1366.5433815352326,1,10,2,12,51,40.0,52.0,40.285714285714285,1
2023-12-21,SKU_20,Category_1,56,1366.5433815352326,0,85,3,12,51,10.0,64.0,34.285714285714285,0
2023-12-22,SKU_20,Category_1,48,1366.5433815352326,0,91,4,12,51,56.0,34.0,33.142857142857146,0
2023-12-23,SKU_20,Category_1,42,1366.5433815352326,0,42,5,12,51,48.0,19.0,35.142857142857146,1
2023-12-24,SKU_20,Category_1,13,1366.5433815352326,0,13,6,12,51,42.0,63.0,38.42857142857143,1
2023-12-25,SKU_20,Category_1,47,1366.5433815352326,0,84,0,12,52,13.0,10.0,31.285714285714285,0
2023-12-26,SKU_20,Category_1,32,1366.5433815352326,0,32,1,12,52,47.0,40.0,36.57142857142857,1
2023-12-27,SKU_20,Category_1,31,1366.5433815352326,0,31,2,12,52,32.0,10.0,35.42857142857143,1
2023-12-28,SKU_20,Category_1,39,1366.5433815352326,0,39,3,12,52,31.0,56.0,38.42857142857143,1
2023-12-29,SKU_20,Category_1,28,1366.5433815352326,0,28,4,12,52,39.0,48.0,36.0,1
2023-12-30,SKU_20,Category_1,28,1366.5433815352326,0,28,5,12,52,28.0,42.0,33.142857142857146,1
2023-12-31,SKU_20,Category_1,70,1366.5433815352326,0,72,6,12,52,28.0,13.0,31.142857142857142,0
2023-01-08,SKU_3,Category_4,66,1070.6008234556143,0,68,6,1,1,23.0,34.0,31.428571428571427,0
2023-01-09,SKU_3,Category_4,17,1070.6008234556143,0,17,0,1,2,66.0,23.0,36.0,1
2023-01-10,SKU_3,Category_4,49,1070.6008234556143,0,95,1,1,2,17.0,77.0,35.142857142857146,0
2023-01-11,SKU_3,Category_4,39,1070.6008234556143,0,39,2,1,2,49.0,12.0,31.142857142857142,1
2023-01-12,SKU_3,Category_4,20,1070.6008234556143,0,20,3,1,2,39.0,28.0,35.0,1
2023-01-13,SKU_3,Category_4,73,1070.6008234556143,1,78,4,1,2,20.0,23.0,33.857142857142854,0
2023-01-14,SKU_3,Category_4,69,1070.6008234556143,0,76,5,1,2,73.0,23.0,41.0,0
2023-01-15,SKU_3,Category_4,18,1070.6008234556143,0,18,6,1,2,69.0,66.0,47.57142857142857,1
2023-01-16,SKU_3,Category_4,57,1070.6008234556143,0,90,0,1,3,18.0,17.0,40.714285714285715,0
2023-01-17,SKU_3,Category_4,46,1070.6008234556143,0,63,1,1,3,57.0,49.0,46.42857142857143,0
2023-01-18,SKU_3,Category_4,50,1070.6008234556143,0,56,2,1,3,46.0,39.0,46.0,0
2023-01-19,SKU_3,Category_4,31,1070.6008234556143,0,31,3,1,3,50.0,20.0,47.57142857142857,1
2023-01-20,SKU_3,Category_4,46,1070.6008234556143,0,60,4,1,3,31.0,73.0,49.142857142857146,0
2023-01-21,SKU_3,Category_4,64,1070.6008234556143,0,64,5,1,3,46.0,69.0,45.285714285714285,1
2023-01-22,SKU_3,Category_4,37,1070.6008234556143,0,37,6,1,3,64.0,18.0,44.57142857142857,1
2023-01-23,SKU_3,Category_4,44,1070.6008234556143,0,64,0,1,4,37.0,57.0,47.285714285714285,0
2023-01-24,SKU_3,Category_4,68,1070.6008234556143,1,81,1,1,4,44.0,46.0,45.42857142857143,0
2023-01-25,SKU_3,Category_4,26,1070.6008234556143,0,26,2,1,4,68.0,50.0,48.57142857142857,1
2023-01-26,SKU_3,Category_4,15,1070.6008234556143,0,15,3,1,4,26.0,31.0,45.142857142857146,1
2023-01-27,SKU_3,Category_4,46,1070.6008234556143,0,74,4,1,4,15.0,46.0,42.857142857142854,0
2023-01-28,SKU_3,Category_4,49,1070.6008234556143,0,49,5,1,4,46.0,64.0,42.857142857142854,1
2023-01-29,SKU_3,Category_4,57,1070.6008234556143,0,58,6,1,4,49.0,37.0,40.714285714285715,0
2023-01-30,SKU_3,Category_4,35,1070.6008234556143,0,58,0,1,5,57.0,44.0,43.57142857142857,0
2023-01-31,SKU_3,Category_4,47,1070.6008234556143,0,94,1,1,5,35.0,68.0,42.285714285714285,0
2023-02-01,SKU_3,Category_4,45,1070.6008234556143,0,73,2,2,5,47.0,26.0,39.285714285714285,0
2023-02-02,SKU_3,Category_4,18,1070.6008234556143,0,18,3,2,5,45.0,15.0,42.0,1
2023-02-03,SKU_3,Category_4,48,1070.6008234556143,0,58,4,2,5,18.0,46.0,42.42857142857143,0
2023-02-04,SKU_3,Category_4,48,1070.6008234556143,0,48,5,2,5,48.0,49.0,42.714285714285715,1
2023-02-05,SKU_3,Category_4,48,1070.6008234556143,0,48,6,2,5,48.0,57.0,42.57142857142857,1
2023-02-06,SKU_3,Category_4,10,1070.6008234556143,0,10,0,2,6,48.0,35.0,41.285714285714285,1
2023-02-07,SKU_3,Category_4,28,1070.6008234556143,0,28,1,2,6,10.0,47.0,37.714285714285715,1
2023-02-08,SKU_3,Category_4,21,1070.6008234556143,0,21,2,2,6,28.0,45.0,35.0,1
2023-02-09,SKU_3,Category_4,42,1070.6008234556143,0,42,3,2,6,21.0,18.0,31.571428571428573,1
2023-02-10,SKU_3,Category_4,49,1070.6008234556143,0,91,4,2,6,42.0,48.0,35.0,0
2023-02-11,SKU_3,Category_4,60,1070.6008234556143,0,77,5,2,6,49.0,48.0,35.142857142857146,0
2023-02-12,SKU_3,Category_4,28,1070.6008234556143,0,28,6,2,6,60.0,48.0,36.857142857142854,1
2023-02-13,SKU_3,Category_4,45,1070.6008234556143,0,49,0,2,7,28.0,10.0,34.0,0
2023-02-14,SKU_3,Category_4,51,1070.6008234556143,0,72,1,2,7,45.0,28.0,39.0,0
2023-02-15,SKU_3,Category_4,48,1070.6008234556143,0,83,2,2,7,51.0,21.0,42.285714285714285,0
2023-02-16,SKU_3,Category_4,48,1070.6008234556143,0,91,3,2,7,48.0,42.0,46.142857142857146,0
2023-02-17,SKU_3,Category_4,49,1070.6008234556143,0,82,4,2,7,48.0,49.0,47.0,0
2023-02-18,SKU_3,Category_4,36,1070.6008234556143,0,36,5,2,7,49.0,60.0,47.0,1
2023-02-19,SKU_3,Category_4,47,1070.6008234556143,0,47,6,2,7,36.0,28.0,43.57142857142857,1
2023-02-20,SKU_3,Category_4,50,1070.6008234556143,0,74,0,2,8,47.0,45.0,46.285714285714285,0
2023-02-21,SKU_3,Category_4,58,1070.6008234556143,0,88,1,2,8,50.0,51.0,47.0,0
2023-02-22,SKU_3,Category_4,34,1070.6008234556143,0,34,2,2,8,58.0,48.0,48.0,1
2023-02-23,SKU_3,Category_4,43,1070.6008234556143,0,47,3,2,8,34.0,48.0,46.0,0
2023-02-24,SKU_3,Category_4,45,1070.6008234556143,0,54,4,2,8,43.0,49.0,45.285714285714285,0
2023-02-25,SKU_3,Category_4,62,1070.6008234556143,0,62,5,2,8,45.0,36.0,44.714285714285715,1
2023-02-26,SKU_3,Category_4,41,1070.6008234556143,0,41,6,2,8,62.0,47.0,48.42857142857143,1
2023-02-27,SKU_3,Category_4,37,1070.6008234556143,0,37,0,2,9,41.0,50.0,47.57142857142857,1
2023-02-28,SKU_3,Category_4,47,1070.6008234556143,0,84,1,2,9,37.0,58.0,45.714285714285715,0
2023-03-01,SKU_3,Category_4,50,1070.6008234556143,0,66,2,3,9,47.0,34.0,44.142857142857146,0
2023-03-02,SKU_3,Category_4,43,1070.6008234556143,0,43,3,3,9,50.0,43.0,46.42857142857143,1
2023-03-03,SKU_3,Category_4,37,1070.6008234556143,0,46,4,3,9,43.0,45.0,46.42857142857143,0
2023-03-04,SKU_3,Category_4,62,1070.6008234556143,0,83,5,3,9,37.0,62.0,45.285714285714285,0
2023-03-05,SKU_3,Category_4,44,1070.6008234556143,0,44,6,3,9,62.0,41.0,45.285714285714285,1
2023-03-06,SKU_3,Category_4,48,1070.6008234556143,0,58,0,3,10,44.0,37.0,45.714285714285715,0
2023-03-07,SKU_3,Category_4,45,1070.6008234556143,0,73,1,3,10,48.0,47.0,47.285714285714285,0
2023-03-08,SKU_3,Category_4,42,1070.6008234556143,0,85,2,3,10,45.0,50.0,47.0,0
2023-03-09,SKU_3,Category_4,40,1070.6008234556143,0,40,3,3,10,42.0,43.0,45.857142857142854,1
2023-03-10,SKU_3,Category_4,48,1070.6008234556143,0,97,4,3,10,40.0,37.0,45.42857142857143,0
2023-03-11,SKU_3,Category_4,57,1070.6008234556143,0,84,5,3,10,48.0,62.0,47.0,0
2023-03-12,SKU_3,Category_4,63,1070.6008234556143,0,73,6,3,10,57.0,44.0,46.285714285714285,0
2023-03-13,SKU_3,Category_4,48,1070.6008234556143,0,60,0,3,11,63.0,48.0,49.0,0
2023-03-14,SKU_3,Category_4,39,1070.6008234556143,0,39,1,3,11,48.0,45.0,49.0,1
2023-03-15,SKU_3,Category_4,46,1070.6008234556143,0,46,2,3,11,39.0,42.0,48.142857142857146,1
2023-03-16,SKU_3,Category_4,76,1070.6008234556143,1,77,3,3,11,46.0,40.0,48.714285714285715,0
2023-03-17,SKU_3,Category_4,71,1070.6008234556143,1,82,4,3,11,76.0,48.0,53.857142857142854,0
2023-03-18,SKU_3,Category_4,31,1070.6008234556143,1,31,5,3,11,71.0,57.0,57.142857142857146,1
2023-03-19,SKU_3,Category_4,46,1070.6008234556143,0,46,6,3,11,31.0,63.0,53.42857142857143,1
2023-03-20,SKU_3,Category_4,42,1070.6008234556143,0,62,0,3,12,46.0,48.0,51.0,0
2023-03-21,SKU_3,Category_4,49,1070.6008234556143,0,60,1,3,12,42.0,39.0,50.142857142857146,0
2023-03-22,SKU_3,Category_4,51,1070.6008234556143,0,94,2,3,12,49.0,46.0,51.57142857142857,0
2023-03-23,SKU_3,Category_4,30,1070.6008234556143,0,30,3,3,12,51.0,76.0,52.285714285714285,1
2023-03-24,SKU_3,Category_4,63,1070.6008234556143,1,72,4,3,12,30.0,71.0,45.714285714285715,0
2023-03-25,SKU_3,Category_4,22,1070.6008234556143,0,22,5,3,12,63.0,31.0,44.57142857142857,1
2023-03-26,SKU_3,Category_4,26,1070.6008234556143,0,26,6,3,12,22.0,46.0,43.285714285714285,1
2023-03-27,SKU_3,Category_4,47,1070.6008234556143,0,91,0,3,13,26.0,42.0,40.42857142857143,0
2023-03-28,SKU_3,Category_4,46,1070.6008234556143,0,46,1,3,13,47.0,49.0,41.142857142857146,1
2023-03-29,SKU_3,Category_4,17,1070.6008234556143,0,17,2,3,13,46.0,51.0,40.714285714285715,1
2023-03-30,SKU_3,Category_4,28,1070.6008234556143,0,28,3,3,13,17.0,30.0,35.857142857142854,1
2023-03-31,SKU_3,Category_4,20,1070.6008234556143,0,20,4,3,13,28.0,63.0,35.57142857142857,1
2023-04-01,SKU_3,Category_4,20,1070.6008234556143,0,20,5,4,13,20.0,22.0,29.428571428571427,1
2023-04-02,SKU_3,Category_4,14,1070.6008234556143,0,14,6,4,13,20.0,26.0,29.142857142857142,1
2023-04-03,SKU_3,Category_4,21,1070.6008234556143,0,21,0,4,14,14.0,47.0,27.428571428571427,1
2023-04-04,SKU_3,Category_4,28,1070.6008234556143,1,28,1,4,14,21.0,46.0,23.714285714285715,1
2023-04-05,SKU_3,Category_4,50,1070.6008234556143,0,79,2,4,14,28.0,17.0,21.142857142857142,0
2023-04-06,SKU_3,Category_4,47,1070.6008234556143,0,84,3,4,14,50.0,28.0,25.857142857142858,0
2023-04-07,SKU_3,Category_4,46,1070.6008234556143,0,84,4,4,14,47.0,20.0,28.571428571428573,0
2023-04-08,SKU_3,Category_4,90,1070.6008234556143,1,90,5,4,14,46.0,20.0,32.285714285714285,1
2023-04-09,SKU_3,Category_4,60,1070.6008234556143,0,60,6,4,14,90.0,14.0,42.285714285714285,1
2023-04-10,SKU_3,Category_4,13,1070.6008234556143,0,13,0,4,15,60.0,21.0,48.857142857142854,1
2023-04-11,SKU_3,Category_4,49,1070.6008234556143,0,81,1,4,15,13.0,28.0,47.714285714285715,0
2023-04-12,SKU_3,Category_4,48,1070.6008234556143,0,90,2,4,15,49.0,50.0,50.714285714285715,0
2023-04-13,SKU_3,Category_4,43,1070.6008234556143,0,72,3,4,15,48.0,47.0,50.42857142857143,0
2023-04-14,SKU_3,Category_4,45,1070.6008234556143,0,68,4,4,15,43.0,46.0,49.857142857142854,0
2023-04-15,SKU_3,Category_4,31,1070.6008234556143,0,31,5,4,15,45.0,90.0,49.714285714285715,1
2023-04-16,SKU_3,Category_4,52,1070.6008234556143,0,52,6,4,15,31.0,60.0,41.285714285714285,1
2023-04-17,SKU_3,Category_4,30,1070.6008234556143,0,30,0,4,16,52.0,13.0,40.142857142857146,1
2023-04-18,SKU_3,Category_4,51,1070.6008234556143,0,75,1,4,16,30.0,49.0,42.57142857142857,0
2023-04-19,SKU_3,Category_4,50,1070.6008234556143,0,56,2,4,16,51.0,48.0,42.857142857142854,0
2023-04-20,SKU_3,Category_4,17,1070.6008234556143,1,17,3,4,16,50.0,43.0,43.142857142857146,1
2023-04-21,SKU_3,Category_4,46,1070.6008234556143,1,46,4,4,16,17.0,45.0,39.42857142857143,1
2023-04-22,SKU_3,Category_4,46,1070.6008234556143,0,46,5,4,16,46.0,31.0,39.57142857142857,1
2023-04-23,SKU_3,Category_4,44,1070.6008234556143,0,44,6,4,16,46.0,52.0,41.714285714285715,1
2023-04-24,SKU_3,Category_4,32,1070.6008234556143,0,32,0,4,17,44.0,30.0,40.57142857142857,1
2023-04-25,SKU_3,Category_4,39,1070.6008234556143,0,39,1,4,17,32.0,51.0,40.857142857142854,1
2023-04-26,SKU_3,Category_4,45,1070.6008234556143,0,84,2,4,17,39.0,50.0,39.142857142857146,0
2023-04-27,SKU_3,Category_4,49,1070.6008234556143,0,54,3,4,17,45.0,17.0,38.42857142857143,0
2023-04-28,SKU_3,Category_4,48,1070.6008234556143,0,54,4,4,17,49.0,46.0,43.0,0
2023-04-29,SKU_3,Category_4,49,1070.6008234556143,1,49,5,4,17,48.0,46.0,43.285714285714285,1
2023-04-30,SKU_3,Category_4,43,1070.6008234556143,0,43,6,4,17,49.0,44.0,43.714285714285715,1
2023-05-01,SKU_3,Category_4,48,1070.6008234556143,0,75,0,5,18,43.0,32.0,43.57142857142857,0
2023-05-02,SKU_3,Category_4,49,1070.6008234556143,0,65,1,5,18,48.0,39.0,45.857142857142854,0
2023-05-03,SKU_3,Category_4,17,1070.6008234556143,0,17,2,5,18,49.0,45.0,47.285714285714285,1
2023-05-04,SKU_3,Category_4,44,1070.6008234556143,0,64,3,5,18,17.0,49.0,43.285714285714285,0
2023-05-05,SKU_3,Category_4,72,1070.6008234556143,1,74,4,5,18,44.0,48.0,42.57142857142857,0
2023-05-06,SKU_3,Category_4,39,1070.6008234556143,0,39,5,5,18,72.0,49.0,46.0,1
2023-05-07,SKU_3,Category_4,66,1070.6008234556143,1,66,6,5,18,39.0,43.0,44.57142857142857,1
2023-05-08,SKU_3,Category_4,40,1070.6008234556143,0,40,0,5,19,66.0,48.0,47.857142857142854,1
2023-05-09,SKU_3,Category_4,19,1070.6008234556143,0,19,1,5,19,40.0,49.0,46.714285714285715,1
2023-05-10,SKU_3,Category_4,49,1070.6008234556143,0,63,2,5,19,19.0,17.0,42.42857142857143,0
2023-05-11,SKU_3,Category_4,37,1070.6008234556143,0,37,3,5,19,49.0,44.0,47.0,1
2023-05-12,SKU_3,Category_4,52,1070.6008234556143,0,62,4,5,19,37.0,72.0,46.0,0
2023-05-13,SKU_3,Category_4,69,1070.6008234556143,0,86,5,5,19,52.0,39.0,43.142857142857146,0
2023-05-14,SKU_3,Category_4,17,1070.6008234556143,1,17,6,5,19,69.0,66.0,47.42857142857143,1
2023-05-15,SKU_3,Category_4,39,1070.6008234556143,0,91,0,5,20,17.0,40.0,40.42857142857143,0
2023-05-16,SKU_3,Category_4,48,1070.6008234556143,0,84,1,5,20,39.0,19.0,40.285714285714285,0
2023-05-17,SKU_3,Category_4,35,1070.6008234556143,0,35,2,5,20,48.0,49.0,44.42857142857143,1
2023-05-18,SKU_3,Category_4,47,1070.6008234556143,0,95,3,5,20,35.0,37.0,42.42857142857143,0
2023-05-19,SKU_3,Category_4,20,1070.6008234556143,0,20,4,5,20,47.0,52.0,43.857142857142854,1
2023-05-20,SKU_3,Category_4,28,1070.6008234556143,0,28,5,5,20,20.0,69.0,39.285714285714285,1
2023-05-21,SKU_3,Category_4,64,1070.6008234556143,0,91,6,5,20,28.0,17.0,33.42857142857143,0
2023-05-22,SKU_3,Category_4,22,1070.6008234556143,0,22,0,5,21,64.0,39.0,40.142857142857146,1
2023-05-23,SKU_3,Category_4,52,1070.6008234556143,0,60,1,5,21,22.0,48.0,37.714285714285715,0
2023-05-24,SKU_3,Category_4,48,1070.6008234556143,0,67,2,5,21,52.0,35.0,38.285714285714285,0
2023-05-25,SKU_3,Category_4,52,1070.6008234556143,0,98,3,5,21,48.0,47.0,40.142857142857146,0
2023-05-26,SKU_3,Category_4,19,1070.6008234556143,0,19,4,5,21,52.0,20.0,40.857142857142854,1
2023-05-27,SKU_3,Category_4,42,1070.6008234556143,0,42,5,5,21,19.0,28.0,40.714285714285715,1
2023-05-28,SKU_3,Category_4,20,1070.6008234556143,0,20,6,5,21,42.0,64.0,42.714285714285715,1
2023-05-29,SKU_3,Category_4,30,1070.6008234556143,1,30,0,5,22,20.0,22.0,36.42857142857143,1
2023-05-30,SKU_3,Category_4,54,1070.6008234556143,0,92,1,5,22,30.0,52.0,37.57142857142857,0
2023-05-31,SKU_3,Category_4,48,1070.6008234556143,0,57,2,5,22,54.0,48.0,37.857142857142854,0
2023-06-01,SKU_3,Category_4,46,1070.6008234556143,0,50,3,6,22,48.0,52.0,37.857142857142854,0
2023-06-02,SKU_3,Category_4,50,1070.6008234556143,0,80,4,6,22,46.0,19.0,37.0,0
2023-06-03,SKU_3,Category_4,59,1070.6008234556143,0,91,5,6,22,50.0,42.0,41.42857142857143,0
2023-06-04,SKU_3,Category_4,18,1070.6008234556143,0,18,6,6,22,59.0,20.0,43.857142857142854,1
2023-06-05,SKU_3,Category_4,45,1070.6008234556143,0,84,0,6,23,18.0,30.0,43.57142857142857,0
2023-06-06,SKU_3,Category_4,54,1070.6008234556143,0,96,1,6,23,45.0,54.0,45.714285714285715,0
2023-06-07,SKU_3,Category_4,43,1070.6008234556143,0,43,2,6,23,54.0,48.0,45.714285714285715,1
2023-06-08,SKU_3,Category_4,49,1070.6008234556143,0,63,3,6,23,43.0,46.0,45.0,0
2023-06-09,SKU_3,Category_4,30,1070.6008234556143,0,30,4,6,23,49.0,50.0,45.42857142857143,1
2023-06-10,SKU_3,Category_4,60,1070.6008234556143,0,63,5,6,23,30.0,59.0,42.57142857142857,0
2023-06-11,SKU_3,Category_4,53,1070.6008234556143,0,53,6,6,23,60.0,18.0,42.714285714285715,1
2023-06-12,SKU_3,Category_4,33,1070.6008234556143,0,33,0,6,24,53.0,45.0,47.714285714285715,1
2023-06-13,SKU_3,Category_4,52,1070.6008234556143,0,90,1,6,24,33.0,54.0,46.0,0
2023-06-14,SKU_3,Category_4,26,1070.6008234556143,0,26,2,6,24,52.0,43.0,45.714285714285715,1
2023-06-15,SKU_3,Category_4,33,1070.6008234556143,1,33,3,6,24,26.0,49.0,43.285714285714285,1
2023-06-16,SKU_3,Category_4,37,1070.6008234556143,0,37,4,6,24,33.0,30.0,41.0,1
2023-06-17,SKU_3,Category_4,60,1070.6008234556143,0,90,5,6,24,37.0,60.0,42.0,0
2023-06-18,SKU_3,Category_4,15,1070.6008234556143,0,15,6,6,24,60.0,53.0,42.0,1
2023-06-19,SKU_3,Category_4,34,1070.6008234556143,0,34,0,6,25,15.0,33.0,36.57142857142857,1
2023-06-20,SKU_3,Category_4,21,1070.6008234556143,0,21,1,6,25,34.0,52.0,36.714285714285715,1
2023-06-21,SKU_3,Category_4,50,1070.6008234556143,0,52,2,6,25,21.0,26.0,32.285714285714285,0
2023-06-22,SKU_3,Category_4,54,1070.6008234556143,0,60,3,6,25,50.0,33.0,35.714285714285715,0
2023-06-23,SKU_3,Category_4,49,1070.6008234556143,0,84,4,6,25,54.0,37.0,38.714285714285715,0
2023-06-24,SKU_3,Category_4,54,1070.6008234556143,0,54,5,6,25,49.0,60.0,40.42857142857143,1
2023-06-25,SKU_3,Category_4,13,1070.6008234556143,0,13,6,6,25,54.0,15.0,39.57142857142857,1
2023-06-26,SKU_3,Category_4,37,1070.6008234556143,0,37,0,6,26,13.0,34.0,39.285714285714285,1
2023-06-27,SKU_3,Category_4,49,1070.6008234556143,0,96,1,6,26,37.0,21.0,39.714285714285715,0
2023-06-28,SKU_3,Category_4,14,1070.6008234556143,0,14,2,6,26,49.0,50.0,43.714285714285715,1
2023-06-29,SKU_3,Category_4,49,1070.6008234556143,0,93,3,6,26,14.0,54.0,38.57142857142857,0
2023-06-30,SKU_3,Category_4,42,1070.6008234556143,0,80,4,6,26,49.0,49.0,37.857142857142854,0
2023-07-01,SKU_3,Category_4,35,1070.6008234556143,0,35,5,7,26,42.0,54.0,36.857142857142854,1
2023-07-02,SKU_3,Category_4,58,1070.6008234556143,0,86,6,7,26,35.0,13.0,34.142857142857146,0
2023-07-03,SKU_3,Category_4,44,1070.6008234556143,0,77,0,7,27,58.0,37.0,40.57142857142857,0
2023-07-04,SKU_3,Category_4,43,1070.6008234556143,0,58,1,7,27,44.0,49.0,41.57142857142857,0
2023-07-05,SKU_3,Category_4,77,1070.6008234556143,1,97,2,7,27,43.0,14.0,40.714285714285715,0
2023-07-06,SKU_3,Category_4,45,1070.6008234556143,0,55,3,7,27,77.0,49.0,49.714285714285715,0
2023-07-07,SKU_3,Category_4,14,1070.6008234556143,0,14,4,7,27,45.0,42.0,49.142857142857146,1
2023-07-08,SKU_3,Category_4,24,1070.6008234556143,0,24,5,7,27,14.0,35.0,45.142857142857146,1
2023-07-09,SKU_3,Category_4,30,1070.6008234556143,0,30,6,7,27,24.0,58.0,43.57142857142857,1
2023-07-10,SKU_3,Category_4,71,1070.6008234556143,1,71,0,7,28,30.0,44.0,39.57142857142857,1
2023-07-11,SKU_3,Category_4,49,1070.6008234556143,0,83,1,7,28,71.0,43.0,43.42857142857143,0
2023-07-12,SKU_3,Category_4,15,1070.6008234556143,0,15,2,7,28,49.0,77.0,44.285714285714285,1
2023-07-13,SKU_3,Category_4,41,1070.6008234556143,0,53,3,7,28,15.0,45.0,35.42857142857143,0
2023-07-14,SKU_3,Category_4,44,1070.6008234556143,0,84,4,7,28,41.0,14.0,34.857142857142854,0
2023-07-15,SKU_3,Category_4,20,1070.6008234556143,0,20,5,7,28,44.0,24.0,39.142857142857146,1
2023-07-16,SKU_3,Category_4,59,1070.6008234556143,0,77,6,7,28,20.0,30.0,38.57142857142857,0
2023-07-17,SKU_3,Category_4,57,1070.6008234556143,1,57,0,7,29,59.0,71.0,42.714285714285715,1
2023-07-18,SKU_3,Category_4,49,1070.6008234556143,0,85,1,7,29,57.0,49.0,40.714285714285715,0
2023-07-19,SKU_3,Category_4,52,1070.6008234556143,0,98,2,7,29,49.0,15.0,40.714285714285715,0
2023-07-20,SKU_3,Category_4,70,1070.6008234556143,1,91,3,7,29,52.0,41.0,46.0,0
2023-07-21,SKU_3,Category_4,13,1070.6008234556143,1,13,4,7,29,70.0,44.0,50.142857142857146,1
2023-07-22,SKU_3,Category_4,26,1070.6008234556143,0,26,5,7,29,13.0,20.0,45.714285714285715,1
2023-07-23,SKU_3,Category_4,89,1070.6008234556143,1,89,6,7,29,26.0,59.0,46.57142857142857,1
2023-07-24,SKU_3,Category_4,17,1070.6008234556143,1,17,0,7,30,89.0,57.0,50.857142857142854,1
2023-07-25,SKU_3,Category_4,51,1070.6008234556143,0,74,1,7,30,17.0,49.0,45.142857142857146,0
2023-07-26,SKU_3,Category_4,51,1070.6008234556143,0,53,2,7,30,51.0,52.0,45.42857142857143,0
2023-07-27,SKU_3,Category_4,51,1070.6008234556143,0,83,3,7,30,51.0,70.0,45.285714285714285,0
2023-07-28,SKU_3,Category_4,52,1070.6008234556143,0,52,4,7,30,51.0,13.0,42.57142857142857,1
2023-07-29,SKU_3,Category_4,51,1070.6008234556143,0,51,5,7,30,52.0,26.0,48.142857142857146,1
2023-07-30,SKU_3,Category_4,31,1070.6008234556143,0,31,6,7,30,51.0,89.0,51.714285714285715,1
2023-07-31,SKU_3,Category_4,52,1070.6008234556143,0,76,0,7,31,31.0,17.0,43.42857142857143,0
2023-08-01,SKU_3,Category_4,48,1070.6008234556143,0,98,1,8,31,52.0,51.0,48.42857142857143,0
2023-08-02,SKU_3,Category_4,52,1070.6008234556143,0,76,2,8,31,48.0,51.0,48.0,0
2023-08-03,SKU_3,Category_4,50,1070.6008234556143,0,99,3,8,31,52.0,51.0,48.142857142857146,0
2023-08-04,SKU_3,Category_4,27,1070.6008234556143,0,27,4,8,31,50.0,52.0,48.0,1
2023-08-05,SKU_3,Category_4,91,1070.6008234556143,1,91,5,8,31,27.0,51.0,44.42857142857143,1
2023-08-06,SKU_3,Category_4,10,1070.6008234556143,0,10,6,8,31,91.0,31.0,50.142857142857146,1
2023-08-07,SKU_3,Category_4,14,1070.6008234556143,0,14,0,8,32,10.0,52.0,47.142857142857146,1
2023-08-08,SKU_3,Category_4,26,1070.6008234556143,0,26,1,8,32,14.0,48.0,41.714285714285715,1
2023-08-09,SKU_3,Category_4,43,1070.6008234556143,0,77,2,8,32,26.0,52.0,38.57142857142857,0
2023-08-10,SKU_3,Category_4,20,1070.6008234556143,0,20,3,8,32,43.0,50.0,37.285714285714285,1
2023-08-11,SKU_3,Category_4,28,1070.6008234556143,0,28,4,8,32,20.0,27.0,33.0,1
2023-08-12,SKU_3,Category_4,59,1070.6008234556143,0,80,5,8,32,28.0,91.0,33.142857142857146,0
2023-08-13,SKU_3,Category_4,70,1070.6008234556143,0,93,6,8,32,59.0,10.0,28.571428571428573,0
2023-08-14,SKU_3,Category_4,17,1070.6008234556143,0,17,0,8,33,70.0,14.0,37.142857142857146,1
2023-08-15,SKU_3,Category_4,37,1070.6008234556143,0,37,1,8,33,17.0,26.0,37.57142857142857,1
2023-08-16,SKU_3,Category_4,46,1070.6008234556143,0,77,2,8,33,37.0,43.0,39.142857142857146,0
2023-08-17,SKU_3,Category_4,33,1070.6008234556143,0,33,3,8,33,46.0,20.0,39.57142857142857,1
2023-08-18,SKU_3,Category_4,54,1070.6008234556143,0,72,4,8,33,33.0,28.0,41.42857142857143,0
2023-08-19,SKU_3,Category_4,13,1070.6008234556143,0,13,5,8,33,54.0,59.0,45.142857142857146,1
2023-08-20,SKU_3,Category_4,66,1070.6008234556143,0,66,6,8,33,13.0,70.0,38.57142857142857,1
2023-08-21,SKU_3,Category_4,48,1070.6008234556143,0,62,0,8,34,66.0,17.0,38.0,0
2023-08-22,SKU_3,Category_4,52,1070.6008234556143,0,66,1,8,34,48.0,37.0,42.42857142857143,0
2023-08-23,SKU_3,Category_4,48,1070.6008234556143,0,66,2,8,34,52.0,46.0,44.57142857142857,0
2023-08-24,SKU_3,Category_4,16,1070.6008234556143,1,16,3,8,34,48.0,33.0,44.857142857142854,1
2023-08-25,SKU_3,Category_4,48,1070.6008234556143,0,60,4,8,34,16.0,54.0,42.42857142857143,0
2023-08-26,SKU_3,Category_4,62,1070.6008234556143,0,77,5,8,34,48.0,13.0,41.57142857142857,0
2023-08-27,SKU_3,Category_4,50,1070.6008234556143,1,50,6,8,34,62.0,66.0,48.57142857142857,1
2023-08-28,SKU_3,Category_4,43,1070.6008234556143,0,96,0,8,35,50.0,48.0,46.285714285714285,0
2023-08-29,SKU_3,Category_4,44,1070.6008234556143,0,66,1,8,35,43.0,52.0,45.57142857142857,0
2023-08-30,SKU_3,Category_4,44,1070.6008234556143,0,56,2,8,35,44.0,48.0,44.42857142857143,0
2023-08-31,SKU_3,Category_4,25,1070.6008234556143,0,25,3,8,35,44.0,16.0,43.857142857142854,1
2023-09-01,SKU_3,Category_4,40,1070.6008234556143,0,40,4,9,35,25.0,48.0,45.142857142857146,1
2023-09-02,SKU_3,Category_4,19,1070.6008234556143,0,19,5,9,35,40.0,62.0,44.0,1
2023-09-03,SKU_3,Category_4,26,1070.6008234556143,0,26,6,9,35,19.0,50.0,37.857142857142854,1
2023-09-04,SKU_3,Category_4,30,1070.6008234556143,0,30,0,9,36,26.0,43.0,34.42857142857143,1
2023-09-05,SKU_3,Category_4,44,1070.6008234556143,0,74,1,9,36,30.0,44.0,32.57142857142857,0
2023-09-06,SKU_3,Category_4,24,1070.6008234556143,0,24,2,9,36,44.0,44.0,32.57142857142857,1
2023-09-07,SKU_3,Category_4,48,1070.6008234556143,0,79,3,9,36,24.0,25.0,29.714285714285715,0
2023-09-08,SKU_3,Category_4,66,1070.6008234556143,1,66,4,9,36,48.0,40.0,33.0,1
2023-09-09,SKU_3,Category_4,50,1070.6008234556143,0,50,5,9,36,66.0,19.0,36.714285714285715,1
2023-09-10,SKU_3,Category_4,57,1070.6008234556143,0,61,6,9,36,50.0,26.0,41.142857142857146,0
2023-09-11,SKU_3,Category_4,42,1070.6008234556143,0,90,0,9,37,57.0,30.0,45.57142857142857,0
2023-09-12,SKU_3,Category_4,51,1070.6008234556143,0,64,1,9,37,42.0,44.0,47.285714285714285,0
2023-09-13,SKU_3,Category_4,57,1070.6008234556143,0,90,2,9,37,51.0,24.0,48.285714285714285,0
2023-09-14,SKU_3,Category_4,51,1070.6008234556143,0,77,3,9,37,57.0,48.0,53.0,0
2023-09-15,SKU_3,Category_4,46,1070.6008234556143,0,92,4,9,37,51.0,66.0,53.42857142857143,0
2023-09-16,SKU_3,Category_4,42,1070.6008234556143,0,42,5,9,37,46.0,50.0,50.57142857142857,1
2023-09-17,SKU_3,Category_4,70,1070.6008234556143,1,70,6,9,37,42.0,57.0,49.42857142857143,1
2023-09-18,SKU_3,Category_4,15,1070.6008234556143,0,15,0,9,38,70.0,42.0,51.285714285714285,1
2023-09-19,SKU_3,Category_4,58,1070.6008234556143,0,58,1,9,38,15.0,51.0,47.42857142857143,1
2023-09-20,SKU_3,Category_4,40,1070.6008234556143,0,89,2,9,38,58.0,57.0,48.42857142857143,0
2023-09-21,SKU_3,Category_4,22,1070.6008234556143,0,22,3,9,38,40.0,51.0,46.0,1
2023-09-22,SKU_3,Category_4,75,1070.6008234556143,1,98,4,9,38,22.0,46.0,41.857142857142854,0
2023-09-23,SKU_3,Category_4,62,1070.6008234556143,0,77,5,9,38,75.0,42.0,46.0,0
2023-09-24,SKU_3,Category_4,66,1070.6008234556143,0,66,6,9,38,62.0,70.0,48.857142857142854,1
2023-09-25,SKU_3,Category_4,16,1070.6008234556143,0,16,0,9,39,66.0,15.0,48.285714285714285,1
2023-09-26,SKU_3,Category_4,49,1070.6008234556143,0,89,1,9,39,16.0,58.0,48.42857142857143,0
2023-09-27,SKU_3,Category_4,21,1070.6008234556143,0,21,2,9,39,49.0,40.0,47.142857142857146,1
2023-09-28,SKU_3,Category_4,26,1070.6008234556143,0,26,3,9,39,21.0,22.0,44.42857142857143,1
2023-09-29,SKU_3,Category_4,14,1070.6008234556143,1,14,4,9,39,26.0,75.0,45.0,1
2023-09-30,SKU_3,Category_4,60,1070.6008234556143,0,68,5,9,39,14.0,62.0,36.285714285714285,0
2023-10-01,SKU_3,Category_4,59,1070.6008234556143,0,59,6,10,39,60.0,66.0,36.0,1
2023-10-02,SKU_3,Category_4,43,1070.6008234556143,0,75,0,10,40,59.0,16.0,35.0,0
2023-10-03,SKU_3,Category_4,48,1070.6008234556143,0,48,1,10,40,43.0,49.0,38.857142857142854,1
2023-10-04,SKU_3,Category_4,80,1070.6008234556143,1,88,2,10,40,48.0,21.0,38.714285714285715,0
2023-10-05,SKU_3,Category_4,54,1070.6008234556143,0,96,3,10,40,80.0,26.0,47.142857142857146,0
2023-10-06,SKU_3,Category_4,38,1070.6008234556143,0,38,4,10,40,54.0,14.0,51.142857142857146,1
2023-10-07,SKU_3,Category_4,65,1070.6008234556143,0,72,5,10,40,38.0,60.0,54.57142857142857,0
2023-10-08,SKU_3,Category_4,15,1070.6008234556143,0,15,6,10,40,65.0,59.0,55.285714285714285,1
2023-10-09,SKU_3,Category_4,37,1070.6008234556143,0,37,0,10,41,15.0,43.0,49.0,1
2023-10-10,SKU_3,Category_4,50,1070.6008234556143,0,50,1,10,41,37.0,48.0,48.142857142857146,1
2023-10-11,SKU_3,Category_4,54,1070.6008234556143,0,58,2,10,41,50.0,80.0,48.42857142857143,0
2023-10-12,SKU_3,Category_4,44,1070.6008234556143,0,98,3,10,41,54.0,54.0,44.714285714285715,0
2023-10-13,SKU_3,Category_4,11,1070.6008234556143,0,11,4,10,41,44.0,38.0,43.285714285714285,1
2023-10-14,SKU_3,Category_4,52,1070.6008234556143,0,52,5,10,41,11.0,65.0,39.42857142857143,1
2023-10-15,SKU_3,Category_4,38,1070.6008234556143,0,38,6,10,41,52.0,15.0,37.57142857142857,1
2023-10-16,SKU_3,Category_4,29,1070.6008234556143,1,29,0,10,42,38.0,37.0,40.857142857142854,1
2023-10-17,SKU_3,Category_4,45,1070.6008234556143,0,93,1,10,42,29.0,50.0,39.714285714285715,0
2023-10-18,SKU_3,Category_4,31,1070.6008234556143,0,31,2,10,42,45.0,54.0,39.0,1
2023-10-19,SKU_3,Category_4,77,1070.6008234556143,1,88,3,10,42,31.0,44.0,35.714285714285715,0
2023-10-20,SKU_3,Category_4,58,1070.6008234556143,0,79,4,10,42,77.0,11.0,40.42857142857143,0
2023-10-21,SKU_3,Category_4,60,1070.6008234556143,0,68,5,10,42,58.0,52.0,47.142857142857146,0
2023-10-22,SKU_3,Category_4,31,1070.6008234556143,0,31,6,10,42,60.0,38.0,48.285714285714285,1
2023-10-23,SKU_3,Category_4,39,1070.6008234556143,0,39,0,10,43,31.0,29.0,47.285714285714285,1
2023-10-24,SKU_3,Category_4,47,1070.6008234556143,0,77,1,10,43,39.0,45.0,48.714285714285715,0
2023-10-25,SKU_3,Category_4,18,1070.6008234556143,1,18,2,10,43,47.0,31.0,49.0,1
2023-10-26,SKU_3,Category_4,48,1070.6008234556143,0,55,3,10,43,18.0,77.0,47.142857142857146,0
2023-10-27,SKU_3,Category_4,41,1070.6008234556143,0,41,4,10,43,48.0,58.0,43.0,1
2023-10-28,SKU_3,Category_4,36,1070.6008234556143,0,36,5,10,43,41.0,60.0,40.57142857142857,1
2023-10-29,SKU_3,Category_4,44,1070.6008234556143,0,44,6,10,43,36.0,31.0,37.142857142857146,1
2023-10-30,SKU_3,Category_4,50,1070.6008234556143,0,82,0,10,44,44.0,39.0,39.0,0
2023-10-31,SKU_3,Category_4,28,1070.6008234556143,0,28,1,10,44,50.0,47.0,40.57142857142857,1
2023-11-01,SKU_3,Category_4,51,1070.6008234556143,0,51,2,11,44,28.0,18.0,37.857142857142854,1
2023-11-02,SKU_3,Category_4,49,1070.6008234556143,0,49,3,11,44,51.0,48.0,42.57142857142857,1
2023-11-03,SKU_3,Category_4,44,1070.6008234556143,0,71,4,11,44,49.0,41.0,42.714285714285715,0
2023-11-04,SKU_3,Category_4,54,1070.6008234556143,0,84,5,11,44,44.0,36.0,43.142857142857146,0
2023-11-05,SKU_3,Category_4,56,1070.6008234556143,0,91,6,11,44,54.0,44.0,45.714285714285715,0
2023-11-06,SKU_3,Category_4,28,1070.6008234556143,0,28,0,11,45,56.0,50.0,47.42857142857143,1
2023-11-07,SKU_3,Category_4,12,1070.6008234556143,0,12,1,11,45,28.0,28.0,44.285714285714285,1
2023-11-08,SKU_3,Category_4,45,1070.6008234556143,0,74,2,11,45,12.0,51.0,42.0,0
2023-11-09,SKU_3,Category_4,15,1070.6008234556143,0,15,3,11,45,45.0,49.0,41.142857142857146,1
2023-11-10,SKU_3,Category_4,48,1070.6008234556143,0,48,4,11,45,15.0,44.0,36.285714285714285,1
2023-11-11,SKU_3,Category_4,18,1070.6008234556143,0,18,5,11,45,48.0,54.0,36.857142857142854,1
2023-11-12,SKU_3,Category_4,62,1070.6008234556143,0,68,6,11,45,18.0,56.0,31.714285714285715,0
2023-11-13,SKU_3,Category_4,42,1070.6008234556143,0,69,0,11,46,62.0,28.0,32.57142857142857,0
2023-11-14,SKU_3,Category_4,49,1070.6008234556143,0,49,1,11,46,42.0,12.0,34.57142857142857,1
2023-11-15,SKU_3,Category_4,27,1070.6008234556143,0,27,2,11,46,49.0,45.0,39.857142857142854,1
2023-11-16,SKU_3,Category_4,31,1070.6008234556143,0,31,3,11,46,27.0,15.0,37.285714285714285,1
2023-11-17,SKU_3,Category_4,42,1070.6008234556143,0,95,4,11,46,31.0,48.0,39.57142857142857,0
2023-11-18,SKU_3,Category_4,65,1070.6008234556143,0,70,5,11,46,42.0,18.0,38.714285714285715,0
2023-11-19,SKU_3,Category_4,47,1070.6008234556143,0,47,6,11,46,65.0,62.0,45.42857142857143,1
2023-11-20,SKU_3,Category_4,10,1070.6008234556143,0,10,0,11,47,47.0,42.0,43.285714285714285,1
2023-11-21,SKU_3,Category_4,73,1070.6008234556143,1,83,1,11,47,10.0,49.0,38.714285714285715,0
2023-11-22,SKU_3,Category_4,68,1070.6008234556143,1,80,2,11,47,73.0,27.0,42.142857142857146,0
2023-11-23,SKU_3,Category_4,47,1070.6008234556143,0,77,3,11,47,68.0,31.0,48.0,0
2023-11-24,SKU_3,Category_4,55,1070.6008234556143,0,77,4,11,47,47.0,42.0,50.285714285714285,0
2023-11-25,SKU_3,Category_4,34,1070.6008234556143,1,34,5,11,47,55.0,65.0,52.142857142857146,1
2023-11-26,SKU_3,Category_4,53,1070.6008234556143,0,72,6,11,47,34.0,47.0,47.714285714285715,0
2023-11-27,SKU_3,Category_4,49,1070.6008234556143,0,55,0,11,48,53.0,10.0,48.57142857142857,0
2023-11-28,SKU_3,Category_4,14,1070.6008234556143,1,14,1,11,48,49.0,73.0,54.142857142857146,1
2023-11-29,SKU_3,Category_4,48,1070.6008234556143,0,48,2,11,48,14.0,68.0,45.714285714285715,1
2023-11-30,SKU_3,Category_4,37,1070.6008234556143,0,94,3,11,48,48.0,47.0,42.857142857142854,0
2023-12-01,SKU_3,Category_4,14,1070.6008234556143,1,14,4,12,48,37.0,55.0,41.42857142857143,1
2023-12-02,SKU_3,Category_4,52,1070.6008234556143,0,90,5,12,48,14.0,34.0,35.57142857142857,0
2023-12-03,SKU_3,Category_4,51,1070.6008234556143,0,95,6,12,48,52.0,53.0,38.142857142857146,0
2023-12-04,SKU_3,Category_4,43,1070.6008234556143,0,46,0,12,49,51.0,49.0,37.857142857142854,0
2023-12-05,SKU_3,Category_4,32,1070.6008234556143,0,32,1,12,49,43.0,14.0,37.0,1
2023-12-06,SKU_3,Category_4,56,1070.6008234556143,0,94,2,12,49,32.0,48.0,39.57142857142857,0
2023-12-07,SKU_3,Category_4,31,1070.6008234556143,0,31,3,12,49,56.0,37.0,40.714285714285715,1
2023-12-08,SKU_3,Category_4,39,1070.6008234556143,0,39,4,12,49,31.0,14.0,39.857142857142854,1
2023-12-09,SKU_3,Category_4,45,1070.6008234556143,0,45,5,12,49,39.0,52.0,43.42857142857143,1
2023-12-10,SKU_3,Category_4,37,1070.6008234556143,0,37,6,12,49,45.0,51.0,42.42857142857143,1
2023-12-11,SKU_3,Category_4,28,1070.6008234556143,0,28,0,12,50,37.0,43.0,40.42857142857143,1
2023-12-12,SKU_3,Category_4,37,1070.6008234556143,0,37,1,12,50,28.0,32.0,38.285714285714285,1
2023-12-13,SKU_3,Category_4,42,1070.6008234556143,0,42,2,12,50,37.0,56.0,39.0,1
2023-12-14,SKU_3,Category_4,28,1070.6008234556143,0,28,3,12,50,42.0,31.0,37.0,1
2023-12-15,SKU_3,Category_4,38,1070.6008234556143,0,38,4,12,50,28.0,39.0,36.57142857142857,1
2023-12-16,SKU_3,Category_4,22,1070.6008234556143,0,22,5,12,50,38.0,45.0,36.42857142857143,1
2023-12-17,SKU_3,Category_4,66,1070.6008234556143,0,86,6,12,50,22.0,37.0,33.142857142857146,0
2023-12-18,SKU_3,Category_4,60,1070.6008234556143,0,73,0,12,51,66.0,28.0,37.285714285714285,0
2023-12-19,SKU_3,Category_4,26,1070.6008234556143,1,26,1,12,51,60.0,37.0,41.857142857142854,1
2023-12-20,SKU_3,Category_4,48,1070.6008234556143,0,78,2,12,51,26.0,42.0,40.285714285714285,0
2023-12-21,SKU_3,Category_4,54,1070.6008234556143,0,62,3,12,51,48.0,28.0,41.142857142857146,0
2023-12-22,SKU_3,Category_4,52,1070.6008234556143,0,71,4,12,51,54.0,38.0,44.857142857142854,0
2023-12-23,SKU_3,Category_4,63,1070.6008234556143,0,88,5,12,51,52.0,22.0,46.857142857142854,0
2023-12-24,SKU_3,Category_4,41,1070.6008234556143,0,41,6,12,51,63.0,66.0,52.714285714285715,1
2023-12-25,SKU_3,Category_4,50,1070.6008234556143,0,82,0,12,52,41.0,60.0,49.142857142857146,0
2023-12-26,SKU_3,Category_4,51,1070.6008234556143,0,74,1,12,52,50.0,26.0,47.714285714285715,0
2023-12-27,SKU_3,Category_4,47,1070.6008234556143,0,60,2,12,52,51.0,48.0,51.285714285714285,0
2023-12-28,SKU_3,Category_4,50,1070.6008234556143,0,80,3,12,52,47.0,54.0,51.142857142857146,0
2023-12-29,SKU_3,Category_4,50,1070.6008234556143,0,54,4,12,52,50.0,52.0,50.57142857142857,0
2023-12-30,SKU_3,Category_4,20,1070.6008234556143,0,20,5,12,52,50.0,63.0,50.285714285714285,1
2023-12-31,SKU_3,Category_4,60,1070.6008234556143,0,60,6,12,52,20.0,41.0,44.142857142857146,1
2023-01-08,SKU_4,Category_5,39,811.9345389340849,0,39,6,1,1,13.0,15.0,33.857142857142854,1
2023-01-09,SKU_4,Category_5,41,811.9345389340849,0,71,0,1,2,39.0,37.0,37.285714285714285,0
2023-01-10,SKU_4,Category_5,42,811.9345389340849,0,70,1,1,2,41.0,52.0,37.857142857142854,0
2023-01-11,SKU_4,Category_5,28,811.9345389340849,0,57,2,1,2,42.0,33.0,36.42857142857143,0
2023-01-12,SKU_4,Category_5,37,811.9345389340849,0,54,3,1,2,28.0,59.0,35.714285714285715,0
2023-01-13,SKU_4,Category_5,42,811.9345389340849,0,67,4,1,2,37.0,28.0,32.57142857142857,0
2023-01-14,SKU_4,Category_5,18,811.9345389340849,0,18,5,1,2,42.0,13.0,34.57142857142857,1
2023-01-15,SKU_4,Category_5,15,811.9345389340849,0,15,6,1,2,18.0,39.0,35.285714285714285,1
2023-01-16,SKU_4,Category_5,12,811.9345389340849,0,12,0,1,3,15.0,41.0,31.857142857142858,1
2023-01-17,SKU_4,Category_5,36,811.9345389340849,0,99,1,1,3,12.0,42.0,27.714285714285715,0
2023-01-18,SKU_4,Category_5,44,811.9345389340849,0,51,2,1,3,36.0,28.0,26.857142857142858,0
2023-01-19,SKU_4,Category_5,40,811.9345389340849,0,70,3,1,3,44.0,37.0,29.142857142857142,0
2023-01-20,SKU_4,Category_5,30,811.9345389340849,0,68,4,1,3,40.0,42.0,29.571428571428573,0
2023-01-21,SKU_4,Category_5,42,811.9345389340849,0,68,5,1,3,30.0,18.0,27.857142857142858,0
2023-01-22,SKU_4,Category_5,20,811.9345389340849,0,20,6,1,3,42.0,15.0,31.285714285714285,1
2023-01-23,SKU_4,Category_5,38,811.9345389340849,0,90,0,1,4,20.0,12.0,32.0,0
2023-01-24,SKU_4,Category_5,32,811.9345389340849,0,32,1,1,4,38.0,36.0,35.714285714285715,1
2023-01-25,SKU_4,Category_5,29,811.9345389340849,0,71,2,1,4,32.0,44.0,35.142857142857146,0
2023-01-26,SKU_4,Category_5,35,811.9345389340849,0,70,3,1,4,29.0,40.0,33.0,0
2023-01-27,SKU_4,Category_5,34,811.9345389340849,0,54,4,1,4,35.0,30.0,32.285714285714285,0
2023-01-28,SKU_4,Category_5,36,811.9345389340849,0,36,5,1,4,34.0,42.0,32.857142857142854,1
2023-01-29,SKU_4,Category_5,31,811.9345389340849,0,31,6,1,4,36.0,20.0,32.0,1
2023-01-30,SKU_4,Category_5,32,811.9345389340849,0,32,0,1,5,31.0,38.0,33.57142857142857,1
2023-01-31,SKU_4,Category_5,55,811.9345389340849,1,97,1,1,5,32.0,32.0,32.714285714285715,0
2023-02-01,SKU_4,Category_5,30,811.9345389340849,0,37,2,2,5,55.0,29.0,36.0,0
2023-02-02,SKU_4,Category_5,42,811.9345389340849,0,46,3,2,5,30.0,35.0,36.142857142857146,0
2023-02-03,SKU_4,Category_5,36,811.9345389340849,0,55,4,2,5,42.0,34.0,37.142857142857146,0
2023-02-04,SKU_4,Category_5,15,811.9345389340849,0,15,5,2,5,36.0,36.0,37.42857142857143,1
2023-02-05,SKU_4,Category_5,38,811.9345389340849,0,38,6,2,5,15.0,31.0,34.42857142857143,1
2023-02-06,SKU_4,Category_5,27,811.9345389340849,0,86,0,2,6,38.0,32.0,35.42857142857143,0
2023-02-07,SKU_4,Category_5,32,811.9345389340849,0,63,1,2,6,27.0,55.0,34.714285714285715,0
2023-02-08,SKU_4,Category_5,38,811.9345389340849,0,47,2,2,6,32.0,30.0,31.428571428571427,0
2023-02-09,SKU_4,Category_5,38,811.9345389340849,0,83,3,2,6,38.0,42.0,32.57142857142857,0
2023-02-10,SKU_4,Category_5,38,811.9345389340849,0,44,4,2,6,38.0,36.0,32.0,0
2023-02-11,SKU_4,Category_5,40,811.9345389340849,0,44,5,2,6,38.0,15.0,32.285714285714285,0
2023-02-12,SKU_4,Category_5,39,811.9345389340849,0,68,6,2,6,40.0,38.0,35.857142857142854,0
2023-02-13,SKU_4,Category_5,34,811.9345389340849,0,57,0,2,7,39.0,27.0,36.0,0
2023-02-14,SKU_4,Category_5,34,811.9345389340849,0,95,1,2,7,34.0,32.0,37.0,0
2023-02-15,SKU_4,Category_5,38,811.9345389340849,0,41,2,2,7,34.0,38.0,37.285714285714285,0
2023-02-16,SKU_4,Category_5,41,811.9345389340849,0,67,3,2,7,38.0,38.0,37.285714285714285,0
2023-02-17,SKU_4,Category_5,19,811.9345389340849,0,19,4,2,7,41.0,38.0,37.714285714285715,1
2023-02-18,SKU_4,Category_5,47,811.9345389340849,0,77,5,2,7,19.0,40.0,35.0,0
2023-02-19,SKU_4,Category_5,66,811.9345389340849,1,83,6,2,7,47.0,39.0,36.0,0
2023-02-20,SKU_4,Category_5,34,811.9345389340849,0,34,0,2,8,66.0,34.0,39.857142857142854,1
2023-02-21,SKU_4,Category_5,38,811.9345389340849,0,64,1,2,8,34.0,34.0,39.857142857142854,0
2023-02-22,SKU_4,Category_5,35,811.9345389340849,0,72,2,2,8,38.0,38.0,40.42857142857143,0
2023-02-23,SKU_4,Category_5,40,811.9345389340849,0,93,3,2,8,35.0,41.0,40.0,0
2023-02-24,SKU_4,Category_5,23,811.9345389340849,1,23,4,2,8,40.0,19.0,39.857142857142854,1
2023-02-25,SKU_4,Category_5,55,811.9345389340849,0,64,5,2,8,23.0,47.0,40.42857142857143,0
2023-02-26,SKU_4,Category_5,42,811.9345389340849,0,96,6,2,8,55.0,66.0,41.57142857142857,0
2023-02-27,SKU_4,Category_5,49,811.9345389340849,1,68,0,2,9,42.0,34.0,38.142857142857146,0
2023-02-28,SKU_4,Category_5,35,811.9345389340849,0,63,1,2,9,49.0,38.0,40.285714285714285,0
2023-03-01,SKU_4,Category_5,13,811.9345389340849,0,13,2,3,9,35.0,35.0,39.857142857142854,1
2023-03-02,SKU_4,Category_5,29,811.9345389340849,0,85,3,3,9,13.0,40.0,36.714285714285715,0
2023-03-03,SKU_4,Category_5,28,811.9345389340849,0,55,4,3,9,29.0,23.0,35.142857142857146,0
2023-03-04,SKU_4,Category_5,29,811.9345389340849,0,29,5,3,9,28.0,55.0,35.857142857142854,1
2023-03-05,SKU_4,Category_5,29,811.9345389340849,0,29,6,3,9,29.0,42.0,32.142857142857146,1
2023-03-06,SKU_4,Category_5,12,811.9345389340849,1,12,0,3,10,29.0,49.0,30.285714285714285,1
2023-03-07,SKU_4,Category_5,40,811.9345389340849,0,75,1,3,10,12.0,35.0,25.0,0
2023-03-08,SKU_4,Category_5,35,811.9345389340849,1,35,2,3,10,40.0,13.0,25.714285714285715,1
2023-03-09,SKU_4,Category_5,29,811.9345389340849,0,29,3,3,10,35.0,29.0,28.857142857142858,1
2023-03-10,SKU_4,Category_5,30,811.9345389340849,0,49,4,3,10,29.0,28.0,28.857142857142858,0
2023-03-11,SKU_4,Category_5,46,811.9345389340849,0,64,5,3,10,30.0,29.0,29.142857142857142,0
2023-03-12,SKU_4,Category_5,49,811.9345389340849,0,71,6,3,10,46.0,29.0,31.571428571428573,0
2023-03-13,SKU_4,Category_5,37,811.9345389340849,0,65,0,3,11,49.0,12.0,34.42857142857143,0
2023-03-14,SKU_4,Category_5,35,811.9345389340849,0,62,1,3,11,37.0,40.0,38.0,0
2023-03-15,SKU_4,Category_5,31,811.9345389340849,0,90,2,3,11,35.0,35.0,37.285714285714285,0
2023-03-16,SKU_4,Category_5,31,811.9345389340849,0,66,3,3,11,31.0,29.0,36.714285714285715,0
2023-03-17,SKU_4,Category_5,21,811.9345389340849,0,21,4,3,11,31.0,30.0,37.0,1
2023-03-18,SKU_4,Category_5,44,811.9345389340849,0,73,5,3,11,21.0,46.0,35.714285714285715,0
2023-03-19,SKU_4,Category_5,47,811.9345389340849,0,59,6,3,11,44.0,49.0,35.42857142857143,0
2023-03-20,SKU_4,Category_5,25,811.9345389340849,0,67,0,3,12,47.0,37.0,35.142857142857146,0
2023-03-21,SKU_4,Category_5,19,811.9345389340849,0,19,1,3,12,25.0,35.0,33.42857142857143,1
2023-03-22,SKU_4,Category_5,24,811.9345389340849,0,24,2,3,12,19.0,31.0,31.142857142857142,1
2023-03-23,SKU_4,Category_5,34,811.9345389340849,0,65,3,3,12,24.0,31.0,30.142857142857142,0
2023-03-24,SKU_4,Category_5,20,811.9345389340849,0,20,4,3,12,34.0,21.0,30.571428571428573,1
2023-03-25,SKU_4,Category_5,40,811.9345389340849,0,69,5,3,12,20.0,44.0,30.428571428571427,0
2023-03-26,SKU_4,Category_5,37,811.9345389340849,0,37,6,3,12,40.0,47.0,29.857142857142858,1
2023-03-27,SKU_4,Category_5,32,811.9345389340849,0,35,0,3,13,37.0,25.0,28.428571428571427,0
2023-03-28,SKU_4,Category_5,35,811.9345389340849,0,91,1,3,13,32.0,19.0,29.428571428571427,0
2023-03-29,SKU_4,Category_5,20,811.9345389340849,0,20,2,3,13,35.0,24.0,31.714285714285715,1
2023-03-30,SKU_4,Category_5,30,811.9345389340849,0,71,3,3,13,20.0,34.0,31.142857142857142,0
2023-03-31,SKU_4,Category_5,33,811.9345389340849,0,33,4,3,13,30.0,20.0,30.571428571428573,1
2023-04-01,SKU_4,Category_5,58,811.9345389340849,0,69,5,4,13,33.0,40.0,32.42857142857143,0
2023-04-02,SKU_4,Category_5,45,811.9345389340849,0,66,6,4,13,58.0,37.0,35.0,0
2023-04-03,SKU_4,Category_5,30,811.9345389340849,0,62,0,4,14,45.0,32.0,36.142857142857146,0
2023-04-04,SKU_4,Category_5,43,811.9345389340849,0,57,1,4,14,30.0,35.0,35.857142857142854,0
2023-04-05,SKU_4,Category_5,33,811.9345389340849,0,85,2,4,14,43.0,20.0,37.0,0
2023-04-06,SKU_4,Category_5,32,811.9345389340849,0,72,3,4,14,33.0,30.0,38.857142857142854,0
2023-04-07,SKU_4,Category_5,22,811.9345389340849,0,22,4,4,14,32.0,33.0,39.142857142857146,1
2023-04-08,SKU_4,Category_5,66,811.9345389340849,1,94,5,4,14,22.0,58.0,37.57142857142857,0
2023-04-09,SKU_4,Category_5,49,811.9345389340849,0,89,6,4,14,66.0,45.0,38.714285714285715,0
2023-04-10,SKU_4,Category_5,44,811.9345389340849,0,69,0,4,15,49.0,30.0,39.285714285714285,0
2023-04-11,SKU_4,Category_5,37,811.9345389340849,0,57,1,4,15,44.0,43.0,41.285714285714285,0
2023-04-12,SKU_4,Category_5,32,811.9345389340849,0,98,2,4,15,37.0,33.0,40.42857142857143,0
2023-04-13,SKU_4,Category_5,22,811.9345389340849,0,22,3,4,15,32.0,32.0,40.285714285714285,1
2023-04-14,SKU_4,Category_5,35,811.9345389340849,0,86,4,4,15,22.0,22.0,38.857142857142854,0
2023-04-15,SKU_4,Category_5,52,811.9345389340849,0,99,5,4,15,35.0,66.0,40.714285714285715,0
2023-04-16,SKU_4,Category_5,47,811.9345389340849,0,81,6,4,15,52.0,49.0,38.714285714285715,0
2023-04-17,SKU_4,Category_5,34,811.9345389340849,0,41,0,4,16,47.0,44.0,38.42857142857143,0
2023-04-18,SKU_4,Category_5,12,811.9345389340849,0,12,1,4,16,34.0,37.0,37.0,1
2023-04-19,SKU_4,Category_5,33,811.9345389340849,0,89,2,4,16,12.0,32.0,33.42857142857143,0
2023-04-20,SKU_4,Category_5,29,811.9345389340849,0,87,3,4,16,33.0,22.0,33.57142857142857,0
2023-04-21,SKU_4,Category_5,19,811.9345389340849,0,19,4,4,16,29.0,35.0,34.57142857142857,1
2023-04-22,SKU_4,Category_5,40,811.9345389340849,0,40,5,4,16,19.0,52.0,32.285714285714285,1
2023-04-23,SKU_4,Category_5,41,811.9345389340849,0,78,6,4,16,40.0,47.0,30.571428571428573,0
2023-04-24,SKU_4,Category_5,29,811.9345389340849,0,94,0,4,17,41.0,34.0,29.714285714285715,0
2023-04-25,SKU_4,Category_5,31,811.9345389340849,0,31,1,4,17,29.0,12.0,29.0,1
2023-04-26,SKU_4,Category_5,41,811.9345389340849,0,58,2,4,17,31.0,33.0,31.714285714285715,0
2023-04-27,SKU_4,Category_5,43,811.9345389340849,0,86,3,4,17,41.0,29.0,32.857142857142854,0
2023-04-28,SKU_4,Category_5,36,811.9345389340849,0,86,4,4,17,43.0,19.0,34.857142857142854,0
2023-04-29,SKU_4,Category_5,37,811.9345389340849,0,67,5,4,17,36.0,40.0,37.285714285714285,0
2023-04-30,SKU_4,Category_5,49,811.9345389340849,0,68,6,4,17,37.0,41.0,36.857142857142854,0
2023-05-01,SKU_4,Category_5,35,811.9345389340849,0,37,0,5,18,49.0,29.0,38.0,0
2023-05-02,SKU_4,Category_5,34,811.9345389340849,0,91,1,5,18,35.0,31.0,38.857142857142854,0
2023-05-03,SKU_4,Category_5,28,811.9345389340849,0,39,2,5,18,34.0,41.0,39.285714285714285,0
2023-05-04,SKU_4,Category_5,49,811.9345389340849,1,91,3,5,18,28.0,43.0,37.42857142857143,0
2023-05-05,SKU_4,Category_5,41,811.9345389340849,0,94,4,5,18,49.0,36.0,38.285714285714285,0
2023-05-06,SKU_4,Category_5,46,811.9345389340849,0,92,5,5,18,41.0,37.0,39.0,0
2023-05-07,SKU_4,Category_5,43,811.9345389340849,0,82,6,5,18,46.0,49.0,40.285714285714285,0
2023-05-08,SKU_4,Category_5,32,811.9345389340849,0,61,0,5,19,43.0,35.0,39.42857142857143,0
2023-05-09,SKU_4,Category_5,36,811.9345389340849,0,66,1,5,19,32.0,34.0,39.0,0
2023-05-10,SKU_4,Category_5,33,811.9345389340849,0,84,2,5,19,36.0,28.0,39.285714285714285,0
2023-05-11,SKU_4,Category_5,18,811.9345389340849,0,18,3,5,19,33.0,49.0,40.0,1
2023-05-12,SKU_4,Category_5,42,811.9345389340849,0,66,4,5,19,18.0,41.0,35.57142857142857,0
2023-05-13,SKU_4,Category_5,36,811.9345389340849,0,36,5,5,19,42.0,46.0,35.714285714285715,1
2023-05-14,SKU_4,Category_5,51,811.9345389340849,0,71,6,5,19,36.0,43.0,34.285714285714285,0
2023-05-15,SKU_4,Category_5,32,811.9345389340849,0,52,0,5,20,51.0,32.0,35.42857142857143,0
2023-05-16,SKU_4,Category_5,36,811.9345389340849,0,94,1,5,20,32.0,36.0,35.42857142857143,0
2023-05-17,SKU_4,Category_5,27,811.9345389340849,0,32,2,5,20,36.0,33.0,35.42857142857143,0
2023-05-18,SKU_4,Category_5,45,811.9345389340849,1,73,3,5,20,27.0,18.0,34.57142857142857,0
2023-05-19,SKU_4,Category_5,29,811.9345389340849,0,81,4,5,20,45.0,42.0,38.42857142857143,0
2023-05-20,SKU_4,Category_5,41,811.9345389340849,0,58,5,5,20,29.0,36.0,36.57142857142857,0
2023-05-21,SKU_4,Category_5,39,811.9345389340849,0,75,6,5,20,41.0,51.0,37.285714285714285,0
2023-05-22,SKU_4,Category_5,26,811.9345389340849,0,26,0,5,21,39.0,32.0,35.57142857142857,1
2023-05-23,SKU_4,Category_5,36,811.9345389340849,0,65,1,5,21,26.0,36.0,34.714285714285715,0
2023-05-24,SKU_4,Category_5,36,811.9345389340849,0,99,2,5,21,36.0,27.0,34.714285714285715,0
2023-05-25,SKU_4,Category_5,45,811.9345389340849,1,45,3,5,21,36.0,45.0,36.0,1
2023-05-26,SKU_4,Category_5,56,811.9345389340849,1,92,4,5,21,45.0,29.0,36.0,0
2023-05-27,SKU_4,Category_5,52,811.9345389340849,0,65,5,5,21,56.0,41.0,39.857142857142854,0
2023-05-28,SKU_4,Category_5,41,811.9345389340849,0,49,6,5,21,52.0,39.0,41.42857142857143,0
2023-05-29,SKU_4,Category_5,28,811.9345389340849,0,85,0,5,22,41.0,26.0,41.714285714285715,0
2023-05-30,SKU_4,Category_5,36,811.9345389340849,0,36,1,5,22,28.0,36.0,42.0,1
2023-05-31,SKU_4,Category_5,25,811.9345389340849,0,25,2,5,22,36.0,36.0,42.0,1
2023-06-01,SKU_4,Category_5,30,811.9345389340849,0,34,3,6,22,25.0,45.0,40.42857142857143,0
2023-06-02,SKU_4,Category_5,46,811.9345389340849,1,76,4,6,22,30.0,56.0,38.285714285714285,0
2023-06-03,SKU_4,Category_5,35,811.9345389340849,0,35,5,6,22,46.0,52.0,36.857142857142854,1
2023-06-04,SKU_4,Category_5,19,811.9345389340849,0,19,6,6,22,35.0,41.0,34.42857142857143,1
2023-06-05,SKU_4,Category_5,31,811.9345389340849,0,36,0,6,23,19.0,28.0,31.285714285714285,0
2023-06-06,SKU_4,Category_5,24,811.9345389340849,0,24,1,6,23,31.0,36.0,31.714285714285715,1
2023-06-07,SKU_4,Category_5,33,811.9345389340849,0,56,2,6,23,24.0,25.0,30.0,0
2023-06-08,SKU_4,Category_5,37,811.9345389340849,0,59,3,6,23,33.0,30.0,31.142857142857142,0
2023-06-09,SKU_4,Category_5,33,811.9345389340849,0,64,4,6,23,37.0,46.0,32.142857142857146,0
2023-06-10,SKU_4,Category_5,48,811.9345389340849,0,98,5,6,23,33.0,35.0,30.285714285714285,0
2023-06-11,SKU_4,Category_5,46,811.9345389340849,0,93,6,6,23,48.0,19.0,32.142857142857146,0
2023-06-12,SKU_4,Category_5,38,811.9345389340849,0,95,0,6,24,46.0,31.0,36.0,0
2023-06-13,SKU_4,Category_5,24,811.9345389340849,0,24,1,6,24,38.0,24.0,37.0,1
2023-06-14,SKU_4,Category_5,52,811.9345389340849,1,61,2,6,24,24.0,33.0,37.0,0
2023-06-15,SKU_4,Category_5,14,811.9345389340849,0,14,3,6,24,52.0,37.0,39.714285714285715,1
2023-06-16,SKU_4,Category_5,44,811.9345389340849,0,56,4,6,24,14.0,33.0,36.42857142857143,0
2023-06-17,SKU_4,Category_5,40,811.9345389340849,0,95,5,6,24,44.0,48.0,38.0,0
2023-06-18,SKU_4,Category_5,46,811.9345389340849,0,73,6,6,24,40.0,46.0,36.857142857142854,0
2023-06-19,SKU_4,Category_5,26,811.9345389340849,0,81,0,6,25,46.0,38.0,36.857142857142854,0
2023-06-20,SKU_4,Category_5,30,811.9345389340849,0,70,1,6,25,26.0,24.0,35.142857142857146,0
2023-06-21,SKU_4,Category_5,31,811.9345389340849,0,78,2,6,25,30.0,52.0,36.0,0
2023-06-22,SKU_4,Category_5,11,811.9345389340849,0,11,3,6,25,31.0,14.0,33.0,1
2023-06-23,SKU_4,Category_5,35,811.9345389340849,0,85,4,6,25,11.0,44.0,32.57142857142857,0
2023-06-24,SKU_4,Category_5,44,811.9345389340849,0,86,5,6,25,35.0,40.0,31.285714285714285,0
2023-06-25,SKU_4,Category_5,47,811.9345389340849,0,63,6,6,25,44.0,46.0,31.857142857142858,0
2023-06-26,SKU_4,Category_5,34,811.9345389340849,0,82,0,6,26,47.0,26.0,32.0,0
2023-06-27,SKU_4,Category_5,31,811.9345389340849,0,43,1,6,26,34.0,30.0,33.142857142857146,0
2023-06-28,SKU_4,Category_5,38,811.9345389340849,0,61,2,6,26,31.0,31.0,33.285714285714285,0
2023-06-29,SKU_4,Category_5,10,811.9345389340849,0,10,3,6,26,38.0,11.0,34.285714285714285,1
2023-06-30,SKU_4,Category_5,35,811.9345389340849,0,72,4,6,26,10.0,35.0,34.142857142857146,0
2023-07-01,SKU_4,Category_5,31,811.9345389340849,0,31,5,7,26,35.0,44.0,34.142857142857146,1
2023-07-02,SKU_4,Category_5,47,811.9345389340849,0,89,6,7,26,31.0,47.0,32.285714285714285,0
2023-07-03,SKU_4,Category_5,32,811.9345389340849,0,99,0,7,27,47.0,34.0,32.285714285714285,0
2023-07-04,SKU_4,Category_5,40,811.9345389340849,0,47,1,7,27,32.0,31.0,32.0,0
2023-07-05,SKU_4,Category_5,23,811.9345389340849,0,23,2,7,27,40.0,38.0,33.285714285714285,1
2023-07-06,SKU_4,Category_5,34,811.9345389340849,0,70,3,7,27,23.0,10.0,31.142857142857142,0
2023-07-07,SKU_4,Category_5,38,811.9345389340849,0,40,4,7,27,34.0,35.0,34.57142857142857,0
2023-07-08,SKU_4,Category_5,44,811.9345389340849,0,44,5,7,27,38.0,31.0,35.0,1
2023-07-09,SKU_4,Category_5,32,811.9345389340849,0,32,6,7,27,44.0,47.0,36.857142857142854,1
2023-07-10,SKU_4,Category_5,35,811.9345389340849,0,35,0,7,28,32.0,32.0,34.714285714285715,1
2023-07-11,SKU_4,Category_5,47,811.9345389340849,1,68,1,7,28,35.0,40.0,35.142857142857146,0
2023-07-12,SKU_4,Category_5,27,811.9345389340849,0,27,2,7,28,47.0,23.0,36.142857142857146,1
2023-07-13,SKU_4,Category_5,24,811.9345389340849,0,24,3,7,28,27.0,34.0,36.714285714285715,1
2023-07-14,SKU_4,Category_5,31,811.9345389340849,0,44,4,7,28,24.0,38.0,35.285714285714285,0
2023-07-15,SKU_4,Category_5,41,811.9345389340849,0,41,5,7,28,31.0,44.0,34.285714285714285,1
2023-07-16,SKU_4,Category_5,53,811.9345389340849,1,53,6,7,28,41.0,32.0,33.857142857142854,1
2023-07-17,SKU_4,Category_5,27,811.9345389340849,0,59,0,7,29,53.0,35.0,36.857142857142854,0
2023-07-18,SKU_4,Category_5,41,811.9345389340849,0,41,1,7,29,27.0,47.0,35.714285714285715,1
2023-07-19,SKU_4,Category_5,46,811.9345389340849,0,46,2,7,29,41.0,27.0,34.857142857142854,1
2023-07-20,SKU_4,Category_5,44,811.9345389340849,0,77,3,7,29,46.0,24.0,37.57142857142857,0
2023-07-21,SKU_4,Category_5,32,811.9345389340849,0,75,4,7,29,44.0,31.0,40.42857142857143,0
2023-07-22,SKU_4,Category_5,17,811.9345389340849,0,17,5,7,29,32.0,41.0,40.57142857142857,1
2023-07-23,SKU_4,Category_5,47,811.9345389340849,0,66,6,7,29,17.0,53.0,37.142857142857146,0
2023-07-24,SKU_4,Category_5,33,811.9345389340849,0,39,0,7,30,47.0,27.0,36.285714285714285,0
2023-07-25,SKU_4,Category_5,44,811.9345389340849,0,48,1,7,30,33.0,41.0,37.142857142857146,0
2023-07-26,SKU_4,Category_5,36,811.9345389340849,0,52,2,7,30,44.0,46.0,37.57142857142857,0
2023-07-27,SKU_4,Category_5,15,811.9345389340849,0,15,3,7,30,36.0,44.0,36.142857142857146,1
2023-07-28,SKU_4,Category_5,27,811.9345389340849,0,27,4,7,30,15.0,32.0,32.0,1
2023-07-29,SKU_4,Category_5,36,811.9345389340849,0,83,5,7,30,27.0,17.0,31.285714285714285,0
2023-07-30,SKU_4,Category_5,47,811.9345389340849,0,72,6,7,30,36.0,47.0,34.0,0
2023-07-31,SKU_4,Category_5,34,811.9345389340849,0,50,0,7,31,47.0,33.0,34.0,0
2023-08-01,SKU_4,Category_5,37,811.9345389340849,0,41,1,8,31,34.0,44.0,34.142857142857146,0
2023-08-02,SKU_4,Category_5,20,811.9345389340849,0,20,2,8,31,37.0,36.0,33.142857142857146,1
2023-08-03,SKU_4,Category_5,12,811.9345389340849,0,12,3,8,31,20.0,15.0,30.857142857142858,1
2023-08-04,SKU_4,Category_5,27,811.9345389340849,1,27,4,8,31,12.0,27.0,30.428571428571427,1
2023-08-05,SKU_4,Category_5,38,811.9345389340849,0,82,5,8,31,27.0,36.0,30.428571428571427,0
2023-08-06,SKU_4,Category_5,39,811.9345389340849,0,56,6,8,31,38.0,47.0,30.714285714285715,0
2023-08-07,SKU_4,Category_5,37,811.9345389340849,0,96,0,8,32,39.0,34.0,29.571428571428573,0
2023-08-08,SKU_4,Category_5,33,811.9345389340849,0,34,1,8,32,37.0,37.0,30.0,0
2023-08-09,SKU_4,Category_5,33,811.9345389340849,0,67,2,8,32,33.0,20.0,29.428571428571427,0
2023-08-10,SKU_4,Category_5,19,811.9345389340849,0,19,3,8,32,33.0,12.0,31.285714285714285,1
2023-08-11,SKU_4,Category_5,20,811.9345389340849,0,20,4,8,32,19.0,27.0,32.285714285714285,1
2023-08-12,SKU_4,Category_5,44,811.9345389340849,0,90,5,8,32,20.0,38.0,31.285714285714285,0
2023-08-13,SKU_4,Category_5,46,811.9345389340849,0,73,6,8,32,44.0,39.0,32.142857142857146,0
2023-08-14,SKU_4,Category_5,27,811.9345389340849,0,27,0,8,33,46.0,37.0,33.142857142857146,1
2023-08-15,SKU_4,Category_5,28,811.9345389340849,0,68,1,8,33,27.0,33.0,31.714285714285715,0
2023-08-16,SKU_4,Category_5,34,811.9345389340849,0,85,2,8,33,28.0,33.0,31.0,0
2023-08-17,SKU_4,Category_5,13,811.9345389340849,0,13,3,8,33,34.0,19.0,31.142857142857142,1
2023-08-18,SKU_4,Category_5,36,811.9345389340849,1,36,4,8,33,13.0,20.0,30.285714285714285,1
2023-08-19,SKU_4,Category_5,47,811.9345389340849,0,81,5,8,33,36.0,44.0,32.57142857142857,0
2023-08-20,SKU_4,Category_5,21,811.9345389340849,1,21,6,8,33,47.0,46.0,33.0,1
2023-08-21,SKU_4,Category_5,24,811.9345389340849,0,52,0,8,34,21.0,27.0,29.428571428571427,0
2023-08-22,SKU_4,Category_5,31,811.9345389340849,0,94,1,8,34,24.0,28.0,29.0,0
2023-08-23,SKU_4,Category_5,31,811.9345389340849,0,99,2,8,34,31.0,34.0,29.428571428571427,0
2023-08-24,SKU_4,Category_5,25,811.9345389340849,0,85,3,8,34,31.0,13.0,29.0,0
2023-08-25,SKU_4,Category_5,31,811.9345389340849,0,32,4,8,34,25.0,36.0,30.714285714285715,0
2023-08-26,SKU_4,Category_5,30,811.9345389340849,0,76,5,8,34,31.0,47.0,30.0,0
2023-08-27,SKU_4,Category_5,43,811.9345389340849,0,56,6,8,34,30.0,21.0,27.571428571428573,0
2023-08-28,SKU_4,Category_5,36,811.9345389340849,0,73,0,8,35,43.0,24.0,30.714285714285715,0
2023-08-29,SKU_4,Category_5,29,811.9345389340849,0,64,1,8,35,36.0,31.0,32.42857142857143,0
2023-08-30,SKU_4,Category_5,32,811.9345389340849,0,45,2,8,35,29.0,31.0,32.142857142857146,0
2023-08-31,SKU_4,Category_5,25,811.9345389340849,0,25,3,8,35,32.0,25.0,32.285714285714285,1
2023-09-01,SKU_4,Category_5,28,811.9345389340849,0,28,4,9,35,25.0,31.0,32.285714285714285,1
2023-09-02,SKU_4,Category_5,22,811.9345389340849,0,22,5,9,35,28.0,30.0,31.857142857142858,1
2023-09-03,SKU_4,Category_5,39,811.9345389340849,0,82,6,9,35,22.0,43.0,30.714285714285715,0
2023-09-04,SKU_4,Category_5,28,811.9345389340849,0,28,0,9,36,39.0,36.0,30.142857142857142,1
2023-09-05,SKU_4,Category_5,29,811.9345389340849,0,29,1,9,36,28.0,29.0,29.0,1
2023-09-06,SKU_4,Category_5,13,811.9345389340849,0,13,2,9,36,29.0,32.0,29.0,1
2023-09-07,SKU_4,Category_5,35,811.9345389340849,0,84,3,9,36,13.0,25.0,26.285714285714285,0
2023-09-08,SKU_4,Category_5,33,811.9345389340849,0,67,4,9,36,35.0,28.0,27.714285714285715,0
2023-09-09,SKU_4,Category_5,46,811.9345389340849,0,77,5,9,36,33.0,22.0,28.428571428571427,0
2023-09-10,SKU_4,Category_5,40,811.9345389340849,1,40,6,9,36,46.0,39.0,31.857142857142858,1
2023-09-11,SKU_4,Category_5,40,811.9345389340849,0,92,0,9,37,40.0,28.0,32.0,0
2023-09-12,SKU_4,Category_5,41,811.9345389340849,1,41,1,9,37,40.0,29.0,33.714285714285715,1
2023-09-13,SKU_4,Category_5,27,811.9345389340849,0,69,2,9,37,41.0,13.0,35.42857142857143,0
2023-09-14,SKU_4,Category_5,25,811.9345389340849,0,25,3,9,37,27.0,35.0,37.42857142857143,1
2023-09-15,SKU_4,Category_5,34,811.9345389340849,0,97,4,9,37,25.0,33.0,36.0,0
2023-09-16,SKU_4,Category_5,43,811.9345389340849,0,94,5,9,37,34.0,46.0,36.142857142857146,0
2023-09-17,SKU_4,Category_5,11,811.9345389340849,0,11,6,9,37,43.0,40.0,35.714285714285715,1
2023-09-18,SKU_4,Category_5,13,811.9345389340849,0,13,0,9,38,11.0,40.0,31.571428571428573,1
2023-09-19,SKU_4,Category_5,21,811.9345389340849,0,21,1,9,38,13.0,41.0,27.714285714285715,1
2023-09-20,SKU_4,Category_5,36,811.9345389340849,0,36,2,9,38,21.0,27.0,24.857142857142858,1
2023-09-21,SKU_4,Category_5,43,811.9345389340849,0,69,3,9,38,36.0,25.0,26.142857142857142,0
2023-09-22,SKU_4,Category_5,39,811.9345389340849,0,93,4,9,38,43.0,34.0,28.714285714285715,0
2023-09-23,SKU_4,Category_5,41,811.9345389340849,0,69,5,9,38,39.0,43.0,29.428571428571427,0
2023-09-24,SKU_4,Category_5,71,811.9345389340849,1,86,6,9,38,41.0,11.0,29.142857142857142,0
2023-09-25,SKU_4,Category_5,28,811.9345389340849,0,89,0,9,39,71.0,13.0,37.714285714285715,0
2023-09-26,SKU_4,Category_5,38,811.9345389340849,0,66,1,9,39,28.0,21.0,39.857142857142854,0
2023-09-27,SKU_4,Category_5,33,811.9345389340849,0,75,2,9,39,38.0,36.0,42.285714285714285,0
2023-09-28,SKU_4,Category_5,24,811.9345389340849,0,82,3,9,39,33.0,43.0,41.857142857142854,0
2023-09-29,SKU_4,Category_5,29,811.9345389340849,0,45,4,9,39,24.0,39.0,39.142857142857146,0
2023-09-30,SKU_4,Category_5,36,811.9345389340849,0,36,5,9,39,29.0,41.0,37.714285714285715,1
2023-10-01,SKU_4,Category_5,24,811.9345389340849,0,24,6,10,39,36.0,71.0,37.0,1
2023-10-02,SKU_4,Category_5,37,811.9345389340849,0,37,0,10,40,24.0,28.0,30.285714285714285,1
2023-10-03,SKU_4,Category_5,34,811.9345389340849,0,87,1,10,40,37.0,38.0,31.571428571428573,0
2023-10-04,SKU_4,Category_5,34,811.9345389340849,0,97,2,10,40,34.0,33.0,31.0,0
2023-10-05,SKU_4,Category_5,34,811.9345389340849,0,79,3,10,40,34.0,24.0,31.142857142857142,0
2023-10-06,SKU_4,Category_5,38,811.9345389340849,0,45,4,10,40,34.0,29.0,32.57142857142857,0
2023-10-07,SKU_4,Category_5,37,811.9345389340849,0,54,5,10,40,38.0,36.0,33.857142857142854,0
2023-10-08,SKU_4,Category_5,27,811.9345389340849,0,27,6,10,40,37.0,24.0,34.0,1
2023-10-09,SKU_4,Category_5,25,811.9345389340849,0,25,0,10,41,27.0,37.0,34.42857142857143,1
2023-10-10,SKU_4,Category_5,30,811.9345389340849,0,77,1,10,41,25.0,34.0,32.714285714285715,0
2023-10-11,SKU_4,Category_5,34,811.9345389340849,0,87,2,10,41,30.0,34.0,32.142857142857146,0
2023-10-12,SKU_4,Category_5,25,811.9345389340849,0,25,3,10,41,34.0,34.0,32.142857142857146,1
2023-10-13,SKU_4,Category_5,26,811.9345389340849,1,26,4,10,41,25.0,38.0,30.857142857142858,1
2023-10-14,SKU_4,Category_5,44,811.9345389340849,0,53,5,10,41,26.0,37.0,29.142857142857142,0
2023-10-15,SKU_4,Category_5,44,811.9345389340849,0,87,6,10,41,44.0,27.0,30.142857142857142,0
2023-10-16,SKU_4,Category_5,30,811.9345389340849,0,40,0,10,42,44.0,25.0,32.57142857142857,0
2023-10-17,SKU_4,Category_5,29,811.9345389340849,0,71,1,10,42,30.0,30.0,33.285714285714285,0
2023-10-18,SKU_4,Category_5,35,811.9345389340849,0,49,2,10,42,29.0,34.0,33.142857142857146,0
2023-10-19,SKU_4,Category_5,31,811.9345389340849,0,31,3,10,42,35.0,25.0,33.285714285714285,1
2023-10-20,SKU_4,Category_5,36,811.9345389340849,0,78,4,10,42,31.0,26.0,34.142857142857146,0
2023-10-21,SKU_4,Category_5,43,811.9345389340849,0,93,5,10,42,36.0,44.0,35.57142857142857,0
2023-10-22,SKU_4,Category_5,44,811.9345389340849,0,84,6,10,42,43.0,44.0,35.42857142857143,0
2023-10-23,SKU_4,Category_5,34,811.9345389340849,0,63,0,10,43,44.0,30.0,35.42857142857143,0
2023-10-24,SKU_4,Category_5,29,811.9345389340849,0,29,1,10,43,34.0,29.0,36.0,1
2023-10-25,SKU_4,Category_5,10,811.9345389340849,0,10,2,10,43,29.0,35.0,36.0,1
2023-10-26,SKU_4,Category_5,38,811.9345389340849,0,38,3,10,43,10.0,31.0,32.42857142857143,1
2023-10-27,SKU_4,Category_5,42,811.9345389340849,0,42,4,10,43,38.0,36.0,33.42857142857143,1
2023-10-28,SKU_4,Category_5,44,811.9345389340849,0,44,5,10,43,42.0,43.0,34.285714285714285,1
2023-10-29,SKU_4,Category_5,29,811.9345389340849,0,29,6,10,43,44.0,44.0,34.42857142857143,1
2023-10-30,SKU_4,Category_5,13,811.9345389340849,0,13,0,10,44,29.0,34.0,32.285714285714285,1
2023-10-31,SKU_4,Category_5,38,811.9345389340849,0,66,1,10,44,13.0,29.0,29.285714285714285,0
2023-11-01,SKU_4,Category_5,40,811.9345389340849,0,61,2,11,44,38.0,10.0,30.571428571428573,0
2023-11-02,SKU_4,Category_5,31,811.9345389340849,0,81,3,11,44,40.0,38.0,34.857142857142854,0
2023-11-03,SKU_4,Category_5,38,811.9345389340849,0,51,4,11,44,31.0,42.0,33.857142857142854,0
2023-11-04,SKU_4,Category_5,40,811.9345389340849,0,86,5,11,44,38.0,44.0,33.285714285714285,0
2023-11-05,SKU_4,Category_5,29,811.9345389340849,0,29,6,11,44,40.0,29.0,32.714285714285715,1
2023-11-06,SKU_4,Category_5,20,811.9345389340849,0,20,0,11,45,29.0,13.0,32.714285714285715,1
2023-11-07,SKU_4,Category_5,34,811.9345389340849,0,36,1,11,45,20.0,38.0,33.714285714285715,0
2023-11-08,SKU_4,Category_5,15,811.9345389340849,1,15,2,11,45,34.0,40.0,33.142857142857146,1
2023-11-09,SKU_4,Category_5,35,811.9345389340849,0,51,3,11,45,15.0,31.0,29.571428571428573,0
2023-11-10,SKU_4,Category_5,35,811.9345389340849,0,61,4,11,45,35.0,38.0,30.142857142857142,0
2023-11-11,SKU_4,Category_5,16,811.9345389340849,0,16,5,11,45,35.0,40.0,29.714285714285715,1
2023-11-12,SKU_4,Category_5,35,811.9345389340849,0,35,6,11,45,16.0,29.0,26.285714285714285,1
2023-11-13,SKU_4,Category_5,21,811.9345389340849,0,21,0,11,46,35.0,20.0,27.142857142857142,1
2023-11-14,SKU_4,Category_5,33,811.9345389340849,0,98,1,11,46,21.0,34.0,27.285714285714285,0
2023-11-15,SKU_4,Category_5,34,811.9345389340849,0,63,2,11,46,33.0,15.0,27.142857142857142,0
2023-11-16,SKU_4,Category_5,30,811.9345389340849,0,58,3,11,46,34.0,35.0,29.857142857142858,0
2023-11-17,SKU_4,Category_5,20,811.9345389340849,0,20,4,11,46,30.0,35.0,29.142857142857142,1
2023-11-18,SKU_4,Category_5,37,811.9345389340849,0,37,5,11,46,20.0,16.0,27.0,1
2023-11-19,SKU_4,Category_5,46,811.9345389340849,0,66,6,11,46,37.0,35.0,30.0,0
2023-11-20,SKU_4,Category_5,34,811.9345389340849,0,45,0,11,47,46.0,21.0,31.571428571428573,0
2023-11-21,SKU_4,Category_5,32,811.9345389340849,0,44,1,11,47,34.0,33.0,33.42857142857143,0
2023-11-22,SKU_4,Category_5,29,811.9345389340849,0,88,2,11,47,32.0,34.0,33.285714285714285,0
2023-11-23,SKU_4,Category_5,26,811.9345389340849,0,98,3,11,47,29.0,30.0,32.57142857142857,0
2023-11-24,SKU_4,Category_5,42,811.9345389340849,0,73,4,11,47,26.0,20.0,32.0,0
2023-11-25,SKU_4,Category_5,39,811.9345389340849,0,47,5,11,47,42.0,37.0,35.142857142857146,0
2023-11-26,SKU_4,Category_5,53,811.9345389340849,0,90,6,11,47,39.0,46.0,35.42857142857143,0
2023-11-27,SKU_4,Category_5,49,811.9345389340849,1,50,0,11,48,53.0,34.0,36.42857142857143,0
2023-11-28,SKU_4,Category_5,35,811.9345389340849,0,59,1,11,48,49.0,32.0,38.57142857142857,0
2023-11-29,SKU_4,Category_5,26,811.9345389340849,0,61,2,11,48,35.0,29.0,39.0,0
2023-11-30,SKU_4,Category_5,13,811.9345389340849,0,13,3,11,48,26.0,26.0,38.57142857142857,1
2023-12-01,SKU_4,Category_5,30,811.9345389340849,0,52,4,12,48,13.0,42.0,36.714285714285715,0
2023-12-02,SKU_4,Category_5,17,811.9345389340849,0,17,5,12,48,30.0,39.0,35.0,1
2023-12-03,SKU_4,Category_5,44,811.9345389340849,0,92,6,12,48,17.0,53.0,31.857142857142858,0
2023-12-04,SKU_4,Category_5,41,811.9345389340849,0,41,0,12,49,44.0,49.0,30.571428571428573,1
2023-12-05,SKU_4,Category_5,27,811.9345389340849,1,27,1,12,49,41.0,35.0,29.428571428571427,1
2023-12-06,SKU_4,Category_5,35,811.9345389340849,0,68,2,12,49,27.0,26.0,28.285714285714285,0
2023-12-07,SKU_4,Category_5,40,811.9345389340849,0,46,3,12,49,35.0,13.0,29.571428571428573,0
2023-12-08,SKU_4,Category_5,39,811.9345389340849,0,39,4,12,49,40.0,30.0,33.42857142857143,1
2023-12-09,SKU_4,Category_5,47,811.9345389340849,0,75,5,12,49,39.0,17.0,34.714285714285715,0
2023-12-10,SKU_4,Category_5,47,811.9345389340849,0,62,6,12,49,47.0,44.0,39.0,0
2023-12-11,SKU_4,Category_5,10,811.9345389340849,0,10,0,12,50,47.0,41.0,39.42857142857143,1
2023-12-12,SKU_4,Category_5,33,811.9345389340849,0,33,1,12,50,10.0,27.0,35.0,1
2023-12-13,SKU_4,Category_5,27,811.9345389340849,0,27,2,12,50,33.0,35.0,35.857142857142854,1
2023-12-14,SKU_4,Category_5,35,811.9345389340849,0,42,3,12,50,27.0,40.0,34.714285714285715,0
2023-12-15,SKU_4,Category_5,21,811.9345389340849,0,21,4,12,50,35.0,39.0,34.0,1
2023-12-16,SKU_4,Category_5,24,811.9345389340849,1,24,5,12,50,21.0,47.0,31.428571428571427,1
2023-12-17,SKU_4,Category_5,43,811.9345389340849,0,53,6,12,50,24.0,47.0,28.142857142857142,0
2023-12-18,SKU_4,Category_5,39,811.9345389340849,0,47,0,12,51,43.0,10.0,27.571428571428573,0
2023-12-19,SKU_4,Category_5,36,811.9345389340849,0,42,1,12,51,39.0,33.0,31.714285714285715,0
2023-12-20,SKU_4,Category_5,33,811.9345389340849,0,91,2,12,51,36.0,27.0,32.142857142857146,0
2023-12-21,SKU_4,Category_5,28,811.9345389340849,0,97,3,12,51,33.0,35.0,33.0,0
2023-12-22,SKU_4,Category_5,34,811.9345389340849,0,34,4,12,51,28.0,21.0,32.0,1
2023-12-23,SKU_4,Category_5,51,811.9345389340849,0,94,5,12,51,34.0,24.0,33.857142857142854,0
2023-12-24,SKU_4,Category_5,37,811.9345389340849,0,37,6,12,51,51.0,43.0,37.714285714285715,1
2023-12-25,SKU_4,Category_5,37,811.9345389340849,0,60,0,12,52,37.0,39.0,36.857142857142854,0
2023-12-26,SKU_4,Category_5,28,811.9345389340849,0,41,1,12,52,37.0,36.0,36.57142857142857,0
2023-12-27,SKU_4,Category_5,36,811.9345389340849,0,78,2,12,52,28.0,33.0,35.42857142857143,0
2023-12-28,SKU_4,Category_5,27,811.9345389340849,0,48,3,12,52,36.0,28.0,35.857142857142854,0
2023-12-29,SKU_4,Category_5,35,811.9345389340849,0,80,4,12,52,27.0,34.0,35.714285714285715,0
2023-12-30,SKU_4,Category_5,38,811.9345389340849,0,38,5,12,52,35.0,51.0,35.857142857142854,1
2023-12-31,SKU_4,Category_5,15,811.9345389340849,0,15,6,12,52,38.0,37.0,34.0,1
2023-01-08,SKU_5,Category_1,59,1096.6901613936473,1,69,6,1,1,21.0,28.0,26.0,0
2023-01-09,SKU_5,Category_1,22,1096.6901613936473,0,32,0,1,2,59.0,29.0,30.428571428571427,0
2023-01-10,SKU_5,Category_1,47,1096.6901613936473,1,78,1,1,2,22.0,31.0,29.428571428571427,0
2023-01-11,SKU_5,Category_1,44,1096.6901613936473,1,87,2,1,2,47.0,18.0,31.714285714285715,0
2023-01-12,SKU_5,Category_1,25,1096.6901613936473,0,68,3,1,2,44.0,31.0,35.42857142857143,0
2023-01-13,SKU_5,Category_1,36,1096.6901613936473,0,36,4,1,2,25.0,24.0,34.57142857142857,1
2023-01-14,SKU_5,Category_1,18,1096.6901613936473,0,18,5,1,2,36.0,21.0,36.285714285714285,1
2023-01-15,SKU_5,Category_1,40,1096.6901613936473,0,89,6,1,2,18.0,59.0,35.857142857142854,0
2023-01-16,SKU_5,Category_1,49,1096.6901613936473,1,54,0,1,3,40.0,22.0,33.142857142857146,0
2023-01-17,SKU_5,Category_1,34,1096.6901613936473,0,54,1,1,3,49.0,47.0,37.0,0
2023-01-18,SKU_5,Category_1,36,1096.6901613936473,0,72,2,1,3,34.0,44.0,35.142857142857146,0
2023-01-19,SKU_5,Category_1,41,1096.6901613936473,0,64,3,1,3,36.0,25.0,34.0,0
2023-01-20,SKU_5,Category_1,26,1096.6901613936473,0,44,4,1,3,41.0,36.0,36.285714285714285,0
2023-01-21,SKU_5,Category_1,40,1096.6901613936473,0,54,5,1,3,26.0,18.0,34.857142857142854,0
2023-01-22,SKU_5,Category_1,40,1096.6901613936473,0,74,6,1,3,40.0,40.0,38.0,0
2023-01-23,SKU_5,Category_1,28,1096.6901613936473,0,64,0,1,4,40.0,49.0,38.0,0
2023-01-24,SKU_5,Category_1,36,1096.6901613936473,0,69,1,1,4,28.0,34.0,35.0,0
2023-01-25,SKU_5,Category_1,33,1096.6901613936473,0,58,2,1,4,36.0,36.0,35.285714285714285,0
2023-01-26,SKU_5,Category_1,48,1096.6901613936473,1,49,3,1,4,33.0,41.0,34.857142857142854,0
2023-01-27,SKU_5,Category_1,33,1096.6901613936473,0,63,4,1,4,48.0,26.0,35.857142857142854,0
2023-01-28,SKU_5,Category_1,27,1096.6901613936473,0,37,5,1,4,33.0,40.0,36.857142857142854,0
2023-01-29,SKU_5,Category_1,35,1096.6901613936473,0,64,6,1,4,27.0,40.0,35.0,0
2023-01-30,SKU_5,Category_1,45,1096.6901613936473,1,94,0,1,5,35.0,28.0,34.285714285714285,0
2023-01-31,SKU_5,Category_1,15,1096.6901613936473,0,15,1,1,5,45.0,36.0,36.714285714285715,1
2023-02-01,SKU_5,Category_1,25,1096.6901613936473,0,73,2,2,5,15.0,33.0,33.714285714285715,0
2023-02-02,SKU_5,Category_1,34,1096.6901613936473,0,86,3,2,5,25.0,48.0,32.57142857142857,0
2023-02-03,SKU_5,Category_1,39,1096.6901613936473,0,96,4,2,5,34.0,33.0,30.571428571428573,0
2023-02-04,SKU_5,Category_1,34,1096.6901613936473,0,54,5,2,5,39.0,27.0,31.428571428571427,0
2023-02-05,SKU_5,Category_1,43,1096.6901613936473,0,97,6,2,5,34.0,35.0,32.42857142857143,0
2023-02-06,SKU_5,Category_1,30,1096.6901613936473,0,59,0,2,6,43.0,45.0,33.57142857142857,0
2023-02-07,SKU_5,Category_1,15,1096.6901613936473,0,15,1,2,6,30.0,15.0,31.428571428571427,1
2023-02-08,SKU_5,Category_1,28,1096.6901613936473,0,30,2,2,6,15.0,25.0,31.428571428571427,0
2023-02-09,SKU_5,Category_1,38,1096.6901613936473,0,54,3,2,6,28.0,34.0,31.857142857142858,0
2023-02-10,SKU_5,Category_1,26,1096.6901613936473,0,26,4,2,6,38.0,39.0,32.42857142857143,1
2023-02-11,SKU_5,Category_1,37,1096.6901613936473,0,75,5,2,6,26.0,34.0,30.571428571428573,0
2023-02-12,SKU_5,Category_1,40,1096.6901613936473,0,47,6,2,6,37.0,43.0,31.0,0
2023-02-13,SKU_5,Category_1,29,1096.6901613936473,0,84,0,2,7,40.0,30.0,30.571428571428573,0
2023-02-14,SKU_5,Category_1,26,1096.6901613936473,0,27,1,2,7,29.0,15.0,30.428571428571427,0
2023-02-15,SKU_5,Category_1,30,1096.6901613936473,0,97,2,2,7,26.0,28.0,32.0,0
2023-02-16,SKU_5,Category_1,30,1096.6901613936473,0,54,3,2,7,30.0,38.0,32.285714285714285,0
2023-02-17,SKU_5,Category_1,31,1096.6901613936473,0,98,4,2,7,30.0,26.0,31.142857142857142,0
2023-02-18,SKU_5,Category_1,34,1096.6901613936473,0,34,5,2,7,31.0,37.0,31.857142857142858,1
2023-02-19,SKU_5,Category_1,42,1096.6901613936473,0,82,6,2,7,34.0,40.0,31.428571428571427,0
2023-02-20,SKU_5,Category_1,28,1096.6901613936473,0,64,0,2,8,42.0,29.0,31.714285714285715,0
2023-02-21,SKU_5,Category_1,27,1096.6901613936473,0,98,1,2,8,28.0,26.0,31.571428571428573,0
2023-02-22,SKU_5,Category_1,23,1096.6901613936473,0,57,2,2,8,27.0,30.0,31.714285714285715,0
2023-02-23,SKU_5,Category_1,40,1096.6901613936473,0,40,3,2,8,23.0,30.0,30.714285714285715,1
2023-02-24,SKU_5,Category_1,23,1096.6901613936473,0,69,4,2,8,40.0,31.0,32.142857142857146,0
2023-02-25,SKU_5,Category_1,40,1096.6901613936473,0,82,5,2,8,23.0,34.0,31.0,0
2023-02-26,SKU_5,Category_1,18,1096.6901613936473,0,18,6,2,8,40.0,42.0,31.857142857142858,1
2023-02-27,SKU_5,Category_1,29,1096.6901613936473,0,90,0,2,9,18.0,28.0,28.428571428571427,0
2023-02-28,SKU_5,Category_1,27,1096.6901613936473,0,27,1,2,9,29.0,27.0,28.571428571428573,1
2023-03-01,SKU_5,Category_1,22,1096.6901613936473,0,22,2,3,9,27.0,23.0,28.571428571428573,1
2023-03-02,SKU_5,Category_1,17,1096.6901613936473,0,17,3,3,9,22.0,40.0,28.428571428571427,1
2023-03-03,SKU_5,Category_1,34,1096.6901613936473,0,72,4,3,9,17.0,23.0,25.142857142857142,0
2023-03-04,SKU_5,Category_1,38,1096.6901613936473,0,51,5,3,9,34.0,40.0,26.714285714285715,0
2023-03-05,SKU_5,Category_1,22,1096.6901613936473,0,22,6,3,9,38.0,18.0,26.428571428571427,1
2023-03-06,SKU_5,Category_1,34,1096.6901613936473,0,61,0,3,10,22.0,29.0,27.0,0
2023-03-07,SKU_5,Category_1,27,1096.6901613936473,0,65,1,3,10,34.0,27.0,27.714285714285715,0
2023-03-08,SKU_5,Category_1,52,1096.6901613936473,1,94,2,3,10,27.0,22.0,27.714285714285715,0
2023-03-09,SKU_5,Category_1,48,1096.6901613936473,1,87,3,3,10,52.0,17.0,32.0,0
2023-03-10,SKU_5,Category_1,28,1096.6901613936473,0,64,4,3,10,48.0,34.0,36.42857142857143,0
2023-03-11,SKU_5,Category_1,11,1096.6901613936473,0,11,5,3,10,28.0,38.0,35.57142857142857,1
2023-03-12,SKU_5,Category_1,70,1096.6901613936473,1,79,6,3,10,11.0,22.0,31.714285714285715,0
2023-03-13,SKU_5,Category_1,25,1096.6901613936473,0,91,0,3,11,70.0,34.0,38.57142857142857,0
2023-03-14,SKU_5,Category_1,36,1096.6901613936473,0,95,1,3,11,25.0,27.0,37.285714285714285,0
2023-03-15,SKU_5,Category_1,23,1096.6901613936473,0,92,2,3,11,36.0,52.0,38.57142857142857,0
2023-03-16,SKU_5,Category_1,33,1096.6901613936473,0,64,3,3,11,23.0,48.0,34.42857142857143,0
2023-03-17,SKU_5,Category_1,23,1096.6901613936473,0,23,4,3,11,33.0,28.0,32.285714285714285,1
2023-03-18,SKU_5,Category_1,39,1096.6901613936473,0,92,5,3,11,23.0,11.0,31.571428571428573,0
2023-03-19,SKU_5,Category_1,25,1096.6901613936473,0,25,6,3,11,39.0,70.0,35.57142857142857,1
2023-03-20,SKU_5,Category_1,29,1096.6901613936473,0,89,0,3,12,25.0,25.0,29.142857142857142,0
2023-03-21,SKU_5,Category_1,28,1096.6901613936473,0,51,1,3,12,29.0,36.0,29.714285714285715,0
2023-03-22,SKU_5,Category_1,15,1096.6901613936473,0,15,2,3,12,28.0,23.0,28.571428571428573,1
2023-03-23,SKU_5,Category_1,35,1096.6901613936473,0,96,3,3,12,15.0,33.0,27.428571428571427,0
2023-03-24,SKU_5,Category_1,29,1096.6901613936473,0,55,4,3,12,35.0,23.0,27.714285714285715,0
2023-03-25,SKU_5,Category_1,35,1096.6901613936473,0,35,5,3,12,29.0,39.0,28.571428571428573,1
2023-03-26,SKU_5,Category_1,38,1096.6901613936473,0,84,6,3,12,35.0,25.0,28.0,0
2023-03-27,SKU_5,Category_1,30,1096.6901613936473,0,87,0,3,13,38.0,29.0,29.857142857142858,0
2023-03-28,SKU_5,Category_1,32,1096.6901613936473,0,68,1,3,13,30.0,28.0,30.0,0
2023-03-29,SKU_5,Category_1,28,1096.6901613936473,0,29,2,3,13,32.0,15.0,30.571428571428573,0
2023-03-30,SKU_5,Category_1,10,1096.6901613936473,0,10,3,3,13,28.0,35.0,32.42857142857143,1
2023-03-31,SKU_5,Category_1,33,1096.6901613936473,0,81,4,3,13,10.0,29.0,28.857142857142858,0
2023-04-01,SKU_5,Category_1,16,1096.6901613936473,0,16,5,4,13,33.0,35.0,29.428571428571427,1
2023-04-02,SKU_5,Category_1,38,1096.6901613936473,0,89,6,4,13,16.0,38.0,26.714285714285715,0
2023-04-03,SKU_5,Category_1,25,1096.6901613936473,0,84,0,4,14,38.0,30.0,26.714285714285715,0
2023-04-04,SKU_5,Category_1,29,1096.6901613936473,0,42,1,4,14,25.0,32.0,26.0,0
2023-04-05,SKU_5,Category_1,31,1096.6901613936473,0,90,2,4,14,29.0,28.0,25.571428571428573,0
2023-04-06,SKU_5,Category_1,14,1096.6901613936473,0,14,3,4,14,31.0,10.0,26.0,1
2023-04-07,SKU_5,Category_1,42,1096.6901613936473,1,70,4,4,14,14.0,33.0,26.571428571428573,0
2023-04-08,SKU_5,Category_1,26,1096.6901613936473,0,26,5,4,14,42.0,16.0,27.857142857142858,1
2023-04-09,SKU_5,Category_1,41,1096.6901613936473,0,87,6,4,14,26.0,38.0,29.285714285714285,0
2023-04-10,SKU_5,Category_1,25,1096.6901613936473,0,88,0,4,15,41.0,25.0,29.714285714285715,0
2023-04-11,SKU_5,Category_1,17,1096.6901613936473,1,17,1,4,15,25.0,29.0,29.714285714285715,1
2023-04-12,SKU_5,Category_1,38,1096.6901613936473,0,71,2,4,15,17.0,31.0,28.0,0
2023-04-13,SKU_5,Category_1,51,1096.6901613936473,1,70,3,4,15,38.0,14.0,29.0,0
2023-04-14,SKU_5,Category_1,22,1096.6901613936473,0,22,4,4,15,51.0,42.0,34.285714285714285,1
2023-04-15,SKU_5,Category_1,53,1096.6901613936473,1,91,5,4,15,22.0,26.0,31.428571428571427,0
2023-04-16,SKU_5,Category_1,33,1096.6901613936473,0,40,6,4,15,53.0,41.0,35.285714285714285,0
2023-04-17,SKU_5,Category_1,27,1096.6901613936473,0,63,0,4,16,33.0,25.0,34.142857142857146,0
2023-04-18,SKU_5,Category_1,30,1096.6901613936473,0,87,1,4,16,27.0,17.0,34.42857142857143,0
2023-04-19,SKU_5,Category_1,19,1096.6901613936473,0,70,2,4,16,30.0,38.0,36.285714285714285,0
2023-04-20,SKU_5,Category_1,41,1096.6901613936473,0,44,3,4,16,19.0,51.0,33.57142857142857,0
2023-04-21,SKU_5,Category_1,33,1096.6901613936473,0,52,4,4,16,41.0,22.0,32.142857142857146,0
2023-04-22,SKU_5,Category_1,44,1096.6901613936473,0,67,5,4,16,33.0,53.0,33.714285714285715,0
2023-04-23,SKU_5,Category_1,15,1096.6901613936473,0,15,6,4,16,44.0,33.0,32.42857142857143,1
2023-04-24,SKU_5,Category_1,33,1096.6901613936473,0,98,0,4,17,15.0,27.0,29.857142857142858,0
2023-04-25,SKU_5,Category_1,29,1096.6901613936473,0,46,1,4,17,33.0,30.0,30.714285714285715,0
2023-04-26,SKU_5,Category_1,34,1096.6901613936473,0,78,2,4,17,29.0,19.0,30.571428571428573,0
2023-04-27,SKU_5,Category_1,31,1096.6901613936473,0,95,3,4,17,34.0,41.0,32.714285714285715,0
2023-04-28,SKU_5,Category_1,26,1096.6901613936473,0,31,4,4,17,31.0,33.0,31.285714285714285,0
2023-04-29,SKU_5,Category_1,27,1096.6901613936473,0,27,5,4,17,26.0,44.0,30.285714285714285,1
2023-04-30,SKU_5,Category_1,10,1096.6901613936473,0,10,6,4,17,27.0,15.0,27.857142857142858,1
2023-05-01,SKU_5,Category_1,20,1096.6901613936473,0,52,0,5,18,10.0,33.0,27.142857142857142,0
2023-05-02,SKU_5,Category_1,31,1096.6901613936473,0,42,1,5,18,20.0,29.0,25.285714285714285,0
2023-05-03,SKU_5,Category_1,27,1096.6901613936473,0,27,2,5,18,31.0,34.0,25.571428571428573,1
2023-05-04,SKU_5,Category_1,28,1096.6901613936473,0,52,3,5,18,27.0,31.0,24.571428571428573,0
2023-05-05,SKU_5,Category_1,32,1096.6901613936473,0,32,4,5,18,28.0,26.0,24.142857142857142,1
2023-05-06,SKU_5,Category_1,39,1096.6901613936473,0,39,5,5,18,32.0,27.0,25.0,1
2023-05-07,SKU_5,Category_1,27,1096.6901613936473,0,27,6,5,18,39.0,10.0,26.714285714285715,1
2023-05-08,SKU_5,Category_1,46,1096.6901613936473,1,49,0,5,19,27.0,20.0,29.142857142857142,0
2023-05-09,SKU_5,Category_1,32,1096.6901613936473,0,58,1,5,19,46.0,31.0,32.857142857142854,0
2023-05-10,SKU_5,Category_1,32,1096.6901613936473,0,38,2,5,19,32.0,27.0,33.0,0
2023-05-11,SKU_5,Category_1,23,1096.6901613936473,0,60,3,5,19,32.0,28.0,33.714285714285715,0
2023-05-12,SKU_5,Category_1,28,1096.6901613936473,0,29,4,5,19,23.0,32.0,33.0,0
2023-05-13,SKU_5,Category_1,36,1096.6901613936473,0,56,5,5,19,28.0,39.0,32.42857142857143,0
2023-05-14,SKU_5,Category_1,36,1096.6901613936473,0,95,6,5,19,36.0,27.0,32.0,0
2023-05-15,SKU_5,Category_1,27,1096.6901613936473,0,39,0,5,20,36.0,46.0,33.285714285714285,0
2023-05-16,SKU_5,Category_1,22,1096.6901613936473,0,84,1,5,20,27.0,32.0,30.571428571428573,0
2023-05-17,SKU_5,Category_1,36,1096.6901613936473,1,74,2,5,20,22.0,32.0,29.142857142857142,0
2023-05-18,SKU_5,Category_1,27,1096.6901613936473,1,27,3,5,20,36.0,23.0,29.714285714285715,1
2023-05-19,SKU_5,Category_1,25,1096.6901613936473,0,98,4,5,20,27.0,28.0,30.285714285714285,0
2023-05-20,SKU_5,Category_1,34,1096.6901613936473,0,65,5,5,20,25.0,36.0,29.857142857142858,0
2023-05-21,SKU_5,Category_1,35,1096.6901613936473,0,53,6,5,20,34.0,36.0,29.571428571428573,0
2023-05-22,SKU_5,Category_1,10,1096.6901613936473,0,10,0,5,21,35.0,27.0,29.428571428571427,1
2023-05-23,SKU_5,Category_1,26,1096.6901613936473,0,60,1,5,21,10.0,22.0,27.0,0
2023-05-24,SKU_5,Category_1,30,1096.6901613936473,0,30,2,5,21,26.0,36.0,27.571428571428573,1
2023-05-25,SKU_5,Category_1,32,1096.6901613936473,0,49,3,5,21,30.0,27.0,26.714285714285715,0
2023-05-26,SKU_5,Category_1,29,1096.6901613936473,0,74,4,5,21,32.0,25.0,27.428571428571427,0
2023-05-27,SKU_5,Category_1,38,1096.6901613936473,0,68,5,5,21,29.0,34.0,28.0,0
2023-05-28,SKU_5,Category_1,40,1096.6901613936473,0,53,6,5,21,38.0,35.0,28.571428571428573,0
2023-05-29,SKU_5,Category_1,36,1096.6901613936473,0,77,0,5,22,40.0,10.0,29.285714285714285,0
2023-05-30,SKU_5,Category_1,25,1096.6901613936473,0,25,1,5,22,36.0,26.0,33.0,1
2023-05-31,SKU_5,Category_1,26,1096.6901613936473,0,90,2,5,22,25.0,30.0,32.857142857142854,0
2023-06-01,SKU_5,Category_1,33,1096.6901613936473,0,79,3,6,22,26.0,32.0,32.285714285714285,0
2023-06-02,SKU_5,Category_1,39,1096.6901613936473,0,67,4,6,22,33.0,29.0,32.42857142857143,0
2023-06-03,SKU_5,Category_1,27,1096.6901613936473,0,27,5,6,22,39.0,38.0,33.857142857142854,1
2023-06-04,SKU_5,Category_1,36,1096.6901613936473,0,36,6,6,22,27.0,40.0,32.285714285714285,1
2023-06-05,SKU_5,Category_1,26,1096.6901613936473,0,88,0,6,23,36.0,36.0,31.714285714285715,0
2023-06-06,SKU_5,Category_1,31,1096.6901613936473,0,89,1,6,23,26.0,25.0,30.285714285714285,0
2023-06-07,SKU_5,Category_1,55,1096.6901613936473,1,89,2,6,23,31.0,26.0,31.142857142857142,0
2023-06-08,SKU_5,Category_1,36,1096.6901613936473,0,96,3,6,23,55.0,33.0,35.285714285714285,0
2023-06-09,SKU_5,Category_1,23,1096.6901613936473,0,50,4,6,23,36.0,39.0,35.714285714285715,0
2023-06-10,SKU_5,Category_1,40,1096.6901613936473,0,40,5,6,23,23.0,27.0,33.42857142857143,1
2023-06-11,SKU_5,Category_1,16,1096.6901613936473,0,16,6,6,23,40.0,36.0,35.285714285714285,1
2023-06-12,SKU_5,Category_1,15,1096.6901613936473,0,15,0,6,24,16.0,26.0,32.42857142857143,1
2023-06-13,SKU_5,Category_1,34,1096.6901613936473,0,80,1,6,24,15.0,31.0,30.857142857142858,0
2023-06-14,SKU_5,Category_1,33,1096.6901613936473,0,69,2,6,24,34.0,55.0,31.285714285714285,0
2023-06-15,SKU_5,Category_1,40,1096.6901613936473,0,83,3,6,24,33.0,36.0,28.142857142857142,0
2023-06-16,SKU_5,Category_1,50,1096.6901613936473,1,85,4,6,24,40.0,23.0,28.714285714285715,0
2023-06-17,SKU_5,Category_1,49,1096.6901613936473,0,50,5,6,24,50.0,40.0,32.57142857142857,0
2023-06-18,SKU_5,Category_1,44,1096.6901613936473,0,73,6,6,24,49.0,16.0,33.857142857142854,0
2023-06-19,SKU_5,Category_1,35,1096.6901613936473,0,67,0,6,25,44.0,15.0,37.857142857142854,0
2023-06-20,SKU_5,Category_1,31,1096.6901613936473,0,31,1,6,25,35.0,34.0,40.714285714285715,1
2023-06-21,SKU_5,Category_1,25,1096.6901613936473,0,99,2,6,25,31.0,33.0,40.285714285714285,0
2023-06-22,SKU_5,Category_1,31,1096.6901613936473,0,52,3,6,25,25.0,40.0,39.142857142857146,0
2023-06-23,SKU_5,Category_1,28,1096.6901613936473,0,50,4,6,25,31.0,50.0,37.857142857142854,0
2023-06-24,SKU_5,Category_1,26,1096.6901613936473,0,26,5,6,25,28.0,49.0,34.714285714285715,1
2023-06-25,SKU_5,Category_1,36,1096.6901613936473,0,66,6,6,25,26.0,44.0,31.428571428571427,0
2023-06-26,SKU_5,Category_1,18,1096.6901613936473,0,18,0,6,26,36.0,35.0,30.285714285714285,1
2023-06-27,SKU_5,Category_1,26,1096.6901613936473,0,26,1,6,26,18.0,31.0,27.857142857142858,1
2023-06-28,SKU_5,Category_1,32,1096.6901613936473,0,64,2,6,26,26.0,25.0,27.142857142857142,0
2023-06-29,SKU_5,Category_1,39,1096.6901613936473,0,83,3,6,26,32.0,31.0,28.142857142857142,0
2023-06-30,SKU_5,Category_1,28,1096.6901613936473,0,54,4,6,26,39.0,28.0,29.285714285714285,0
2023-07-01,SKU_5,Category_1,38,1096.6901613936473,0,82,5,7,26,28.0,26.0,29.285714285714285,0
2023-07-02,SKU_5,Category_1,53,1096.6901613936473,0,56,6,7,26,38.0,36.0,31.0,0
2023-07-03,SKU_5,Category_1,18,1096.6901613936473,0,18,0,7,27,53.0,18.0,33.42857142857143,1
2023-07-04,SKU_5,Category_1,23,1096.6901613936473,0,28,1,7,27,18.0,26.0,33.42857142857143,0
2023-07-05,SKU_5,Category_1,30,1096.6901613936473,0,35,2,7,27,23.0,32.0,33.0,0
2023-07-06,SKU_5,Category_1,32,1096.6901613936473,0,91,3,7,27,30.0,39.0,32.714285714285715,0
2023-07-07,SKU_5,Category_1,12,1096.6901613936473,0,12,4,7,27,32.0,28.0,31.714285714285715,1
2023-07-08,SKU_5,Category_1,41,1096.6901613936473,0,42,5,7,27,12.0,38.0,29.428571428571427,0
2023-07-09,SKU_5,Category_1,44,1096.6901613936473,0,65,6,7,27,41.0,53.0,29.857142857142858,0
2023-07-10,SKU_5,Category_1,36,1096.6901613936473,0,81,0,7,28,44.0,18.0,28.571428571428573,0
2023-07-11,SKU_5,Category_1,16,1096.6901613936473,0,16,1,7,28,36.0,23.0,31.142857142857142,1
2023-07-12,SKU_5,Category_1,28,1096.6901613936473,0,63,2,7,28,16.0,30.0,30.142857142857142,0
2023-07-13,SKU_5,Category_1,31,1096.6901613936473,0,58,3,7,28,28.0,32.0,29.857142857142858,0
2023-07-14,SKU_5,Category_1,30,1096.6901613936473,0,81,4,7,28,31.0,12.0,29.714285714285715,0
2023-07-15,SKU_5,Category_1,15,1096.6901613936473,0,15,5,7,28,30.0,41.0,32.285714285714285,1
2023-07-16,SKU_5,Category_1,43,1096.6901613936473,0,52,6,7,28,15.0,44.0,28.571428571428573,0
2023-07-17,SKU_5,Category_1,27,1096.6901613936473,0,87,0,7,29,43.0,36.0,28.428571428571427,0
2023-07-18,SKU_5,Category_1,30,1096.6901613936473,0,72,1,7,29,27.0,16.0,27.142857142857142,0
2023-07-19,SKU_5,Category_1,39,1096.6901613936473,0,77,2,7,29,30.0,28.0,29.142857142857142,0
2023-07-20,SKU_5,Category_1,30,1096.6901613936473,0,39,3,7,29,39.0,31.0,30.714285714285715,0
2023-07-21,SKU_5,Category_1,33,1096.6901613936473,0,99,4,7,29,30.0,30.0,30.571428571428573,0
2023-07-22,SKU_5,Category_1,35,1096.6901613936473,0,35,5,7,29,33.0,15.0,31.0,1
2023-07-23,SKU_5,Category_1,44,1096.6901613936473,0,57,6,7,29,35.0,43.0,33.857142857142854,0
2023-07-24,SKU_5,Category_1,34,1096.6901613936473,0,57,0,7,30,44.0,27.0,34.0,0
2023-07-25,SKU_5,Category_1,25,1096.6901613936473,0,93,1,7,30,34.0,30.0,35.0,0
2023-07-26,SKU_5,Category_1,30,1096.6901613936473,0,49,2,7,30,25.0,39.0,34.285714285714285,0
2023-07-27,SKU_5,Category_1,34,1096.6901613936473,0,87,3,7,30,30.0,30.0,33.0,0
2023-07-28,SKU_5,Category_1,15,1096.6901613936473,0,15,4,7,30,34.0,33.0,33.57142857142857,1
2023-07-29,SKU_5,Category_1,31,1096.6901613936473,0,31,5,7,30,15.0,35.0,31.0,1
2023-07-30,SKU_5,Category_1,42,1096.6901613936473,0,60,6,7,30,31.0,44.0,30.428571428571427,0
2023-07-31,SKU_5,Category_1,36,1096.6901613936473,0,57,0,7,31,42.0,34.0,30.142857142857142,0
2023-08-01,SKU_5,Category_1,33,1096.6901613936473,0,57,1,8,31,36.0,25.0,30.428571428571427,0
2023-08-02,SKU_5,Category_1,29,1096.6901613936473,0,78,2,8,31,33.0,30.0,31.571428571428573,0
2023-08-03,SKU_5,Category_1,24,1096.6901613936473,0,32,3,8,31,29.0,34.0,31.428571428571427,0
2023-08-04,SKU_5,Category_1,18,1096.6901613936473,0,18,4,8,31,24.0,15.0,30.0,1
2023-08-05,SKU_5,Category_1,30,1096.6901613936473,0,30,5,8,31,18.0,31.0,30.428571428571427,1
2023-08-06,SKU_5,Category_1,20,1096.6901613936473,0,20,6,8,31,30.0,42.0,30.285714285714285,1
2023-08-07,SKU_5,Category_1,23,1096.6901613936473,0,23,0,8,32,20.0,36.0,27.142857142857142,1
2023-08-08,SKU_5,Category_1,19,1096.6901613936473,0,19,1,8,32,23.0,33.0,25.285714285714285,1
2023-08-09,SKU_5,Category_1,38,1096.6901613936473,1,50,2,8,32,19.0,29.0,23.285714285714285,0
2023-08-10,SKU_5,Category_1,26,1096.6901613936473,0,26,3,8,32,38.0,24.0,24.571428571428573,1
2023-08-11,SKU_5,Category_1,21,1096.6901613936473,0,21,4,8,32,26.0,18.0,24.857142857142858,1
2023-08-12,SKU_5,Category_1,30,1096.6901613936473,0,51,5,8,32,21.0,30.0,25.285714285714285,0
2023-08-13,SKU_5,Category_1,13,1096.6901613936473,0,13,6,8,32,30.0,20.0,25.285714285714285,1
2023-08-14,SKU_5,Category_1,23,1096.6901613936473,0,28,0,8,33,13.0,23.0,24.285714285714285,0
2023-08-15,SKU_5,Category_1,17,1096.6901613936473,1,17,1,8,33,23.0,19.0,24.285714285714285,1
2023-08-16,SKU_5,Category_1,20,1096.6901613936473,0,20,2,8,33,17.0,38.0,24.0,1
2023-08-17,SKU_5,Category_1,17,1096.6901613936473,0,17,3,8,33,20.0,26.0,21.428571428571427,1
2023-08-18,SKU_5,Category_1,43,1096.6901613936473,0,62,4,8,33,17.0,21.0,20.142857142857142,0
2023-08-19,SKU_5,Category_1,37,1096.6901613936473,0,45,5,8,33,43.0,30.0,23.285714285714285,0
2023-08-20,SKU_5,Category_1,44,1096.6901613936473,0,85,6,8,33,37.0,13.0,24.285714285714285,0
2023-08-21,SKU_5,Category_1,33,1096.6901613936473,0,95,0,8,34,44.0,23.0,28.714285714285715,0
2023-08-22,SKU_5,Category_1,34,1096.6901613936473,0,59,1,8,34,33.0,17.0,30.142857142857142,0
2023-08-23,SKU_5,Category_1,18,1096.6901613936473,0,18,2,8,34,34.0,20.0,32.57142857142857,1
2023-08-24,SKU_5,Category_1,35,1096.6901613936473,0,47,3,8,34,18.0,17.0,32.285714285714285,0
2023-08-25,SKU_5,Category_1,28,1096.6901613936473,0,83,4,8,34,35.0,43.0,34.857142857142854,0
2023-08-26,SKU_5,Category_1,15,1096.6901613936473,1,15,5,8,34,28.0,37.0,32.714285714285715,1
2023-08-27,SKU_5,Category_1,19,1096.6901613936473,0,19,6,8,34,15.0,44.0,29.571428571428573,1
2023-08-28,SKU_5,Category_1,30,1096.6901613936473,0,30,0,8,35,19.0,33.0,26.0,1
2023-08-29,SKU_5,Category_1,24,1096.6901613936473,0,97,1,8,35,30.0,34.0,25.571428571428573,0
2023-08-30,SKU_5,Category_1,27,1096.6901613936473,0,27,2,8,35,24.0,18.0,24.142857142857142,1
2023-08-31,SKU_5,Category_1,27,1096.6901613936473,0,61,3,8,35,27.0,35.0,25.428571428571427,0
2023-09-01,SKU_5,Category_1,27,1096.6901613936473,0,35,4,9,35,27.0,28.0,24.285714285714285,0
2023-09-02,SKU_5,Category_1,38,1096.6901613936473,0,96,5,9,35,27.0,15.0,24.142857142857142,0
2023-09-03,SKU_5,Category_1,46,1096.6901613936473,0,73,6,9,35,38.0,19.0,27.428571428571427,0
2023-09-04,SKU_5,Category_1,29,1096.6901613936473,0,93,0,9,36,46.0,30.0,31.285714285714285,0
2023-09-05,SKU_5,Category_1,26,1096.6901613936473,0,27,1,9,36,29.0,24.0,31.142857142857142,0
2023-09-06,SKU_5,Category_1,27,1096.6901613936473,0,53,2,9,36,26.0,27.0,31.428571428571427,0
2023-09-07,SKU_5,Category_1,29,1096.6901613936473,0,96,3,9,36,27.0,27.0,31.428571428571427,0
2023-09-08,SKU_5,Category_1,32,1096.6901613936473,0,49,4,9,36,29.0,27.0,31.714285714285715,0
2023-09-09,SKU_5,Category_1,45,1096.6901613936473,0,51,5,9,36,32.0,38.0,32.42857142857143,0
2023-09-10,SKU_5,Category_1,32,1096.6901613936473,0,32,6,9,36,45.0,46.0,33.42857142857143,1
2023-09-11,SKU_5,Category_1,16,1096.6901613936473,0,89,0,9,37,32.0,29.0,31.428571428571427,0
2023-09-12,SKU_5,Category_1,14,1096.6901613936473,0,14,1,9,37,16.0,26.0,29.571428571428573,1
2023-09-13,SKU_5,Category_1,30,1096.6901613936473,0,63,2,9,37,14.0,27.0,27.857142857142858,0
2023-09-14,SKU_5,Category_1,35,1096.6901613936473,0,67,3,9,37,30.0,29.0,28.285714285714285,0
2023-09-15,SKU_5,Category_1,28,1096.6901613936473,0,85,4,9,37,35.0,32.0,29.142857142857142,0
2023-09-16,SKU_5,Category_1,61,1096.6901613936473,1,95,5,9,37,28.0,45.0,28.571428571428573,0
2023-09-17,SKU_5,Category_1,16,1096.6901613936473,0,16,6,9,37,61.0,32.0,30.857142857142858,1
2023-09-18,SKU_5,Category_1,41,1096.6901613936473,1,49,0,9,38,16.0,16.0,28.571428571428573,0
2023-09-19,SKU_5,Category_1,32,1096.6901613936473,0,82,1,9,38,41.0,14.0,32.142857142857146,0
2023-09-20,SKU_5,Category_1,32,1096.6901613936473,0,83,2,9,38,32.0,30.0,34.714285714285715,0
2023-09-21,SKU_5,Category_1,35,1096.6901613936473,0,50,3,9,38,32.0,35.0,35.0,0
2023-09-22,SKU_5,Category_1,16,1096.6901613936473,0,16,4,9,38,35.0,28.0,35.0,1
2023-09-23,SKU_5,Category_1,37,1096.6901613936473,0,41,5,9,38,16.0,61.0,33.285714285714285,0
2023-09-24,SKU_5,Category_1,35,1096.6901613936473,0,79,6,9,38,37.0,16.0,29.857142857142858,0
2023-09-25,SKU_5,Category_1,20,1096.6901613936473,0,20,0,9,39,35.0,41.0,32.57142857142857,1
2023-09-26,SKU_5,Category_1,22,1096.6901613936473,0,49,1,9,39,20.0,32.0,29.571428571428573,0
2023-09-27,SKU_5,Category_1,25,1096.6901613936473,0,25,2,9,39,22.0,32.0,28.142857142857142,1
2023-09-28,SKU_5,Category_1,28,1096.6901613936473,0,53,3,9,39,25.0,35.0,27.142857142857142,0
2023-09-29,SKU_5,Category_1,18,1096.6901613936473,0,18,4,9,39,28.0,16.0,26.142857142857142,1
2023-09-30,SKU_5,Category_1,39,1096.6901613936473,0,65,5,9,39,18.0,37.0,26.428571428571427,0
2023-10-01,SKU_5,Category_1,44,1096.6901613936473,0,86,6,10,39,39.0,35.0,26.714285714285715,0
2023-10-02,SKU_5,Category_1,37,1096.6901613936473,0,84,0,10,40,44.0,20.0,28.0,0
2023-10-03,SKU_5,Category_1,46,1096.6901613936473,1,77,1,10,40,37.0,22.0,30.428571428571427,0
2023-10-04,SKU_5,Category_1,33,1096.6901613936473,0,60,2,10,40,46.0,25.0,33.857142857142854,0
2023-10-05,SKU_5,Category_1,24,1096.6901613936473,0,24,3,10,40,33.0,28.0,35.0,1
2023-10-06,SKU_5,Category_1,30,1096.6901613936473,0,60,4,10,40,24.0,18.0,34.42857142857143,0
2023-10-07,SKU_5,Category_1,13,1096.6901613936473,0,13,5,10,40,30.0,39.0,36.142857142857146,1
2023-10-08,SKU_5,Category_1,59,1096.6901613936473,1,96,6,10,40,13.0,44.0,32.42857142857143,0
2023-10-09,SKU_5,Category_1,29,1096.6901613936473,0,45,0,10,41,59.0,37.0,34.57142857142857,0
2023-10-10,SKU_5,Category_1,35,1096.6901613936473,0,52,1,10,41,29.0,46.0,33.42857142857143,0
2023-10-11,SKU_5,Category_1,48,1096.6901613936473,1,72,2,10,41,35.0,33.0,31.857142857142858,0
2023-10-12,SKU_5,Category_1,34,1096.6901613936473,0,50,3,10,41,48.0,24.0,34.0,0
2023-10-13,SKU_5,Category_1,23,1096.6901613936473,0,59,4,10,41,34.0,30.0,35.42857142857143,0
2023-10-14,SKU_5,Category_1,39,1096.6901613936473,0,48,5,10,41,23.0,13.0,34.42857142857143,0
2023-10-15,SKU_5,Category_1,26,1096.6901613936473,0,26,6,10,41,39.0,59.0,38.142857142857146,1
2023-10-16,SKU_5,Category_1,31,1096.6901613936473,0,51,0,10,42,26.0,29.0,33.42857142857143,0
2023-10-17,SKU_5,Category_1,27,1096.6901613936473,0,99,1,10,42,31.0,35.0,33.714285714285715,0
2023-10-18,SKU_5,Category_1,26,1096.6901613936473,0,58,2,10,42,27.0,48.0,32.57142857142857,0
2023-10-19,SKU_5,Category_1,39,1096.6901613936473,0,77,3,10,42,26.0,34.0,29.428571428571427,0
2023-10-20,SKU_5,Category_1,29,1096.6901613936473,0,40,4,10,42,39.0,23.0,30.142857142857142,0
2023-10-21,SKU_5,Category_1,40,1096.6901613936473,0,57,5,10,42,29.0,39.0,31.0,0
2023-10-22,SKU_5,Category_1,44,1096.6901613936473,0,99,6,10,42,40.0,26.0,31.142857142857142,0
2023-10-23,SKU_5,Category_1,31,1096.6901613936473,0,86,0,10,43,44.0,31.0,33.714285714285715,0
2023-10-24,SKU_5,Category_1,23,1096.6901613936473,0,39,1,10,43,31.0,27.0,33.714285714285715,0
2023-10-25,SKU_5,Category_1,33,1096.6901613936473,1,95,2,10,43,23.0,26.0,33.142857142857146,0
2023-10-26,SKU_5,Category_1,26,1096.6901613936473,0,94,3,10,43,33.0,39.0,34.142857142857146,0
2023-10-27,SKU_5,Category_1,30,1096.6901613936473,0,53,4,10,43,26.0,29.0,32.285714285714285,0
2023-10-28,SKU_5,Category_1,41,1096.6901613936473,0,88,5,10,43,30.0,40.0,32.42857142857143,0
2023-10-29,SKU_5,Category_1,25,1096.6901613936473,0,25,6,10,43,41.0,44.0,32.57142857142857,1
2023-10-30,SKU_5,Category_1,29,1096.6901613936473,0,86,0,10,44,25.0,31.0,29.857142857142858,0
2023-10-31,SKU_5,Category_1,21,1096.6901613936473,0,54,1,10,44,29.0,23.0,29.571428571428573,0
2023-11-01,SKU_5,Category_1,29,1096.6901613936473,0,61,2,11,44,21.0,33.0,29.285714285714285,0
2023-11-02,SKU_5,Category_1,42,1096.6901613936473,1,53,3,11,44,29.0,26.0,28.714285714285715,0
2023-11-03,SKU_5,Category_1,28,1096.6901613936473,0,43,4,11,44,42.0,30.0,31.0,0
2023-11-04,SKU_5,Category_1,35,1096.6901613936473,0,64,5,11,44,28.0,41.0,30.714285714285715,0
2023-11-05,SKU_5,Category_1,53,1096.6901613936473,1,78,6,11,44,35.0,25.0,29.857142857142858,0
2023-11-06,SKU_5,Category_1,19,1096.6901613936473,0,19,0,11,45,53.0,29.0,33.857142857142854,1
2023-11-07,SKU_5,Category_1,32,1096.6901613936473,0,87,1,11,45,19.0,21.0,32.42857142857143,0
2023-11-08,SKU_5,Category_1,28,1096.6901613936473,0,94,2,11,45,32.0,29.0,34.0,0
2023-11-09,SKU_5,Category_1,29,1096.6901613936473,0,49,3,11,45,28.0,42.0,33.857142857142854,0
2023-11-10,SKU_5,Category_1,24,1096.6901613936473,0,72,4,11,45,29.0,28.0,32.0,0
2023-11-11,SKU_5,Category_1,35,1096.6901613936473,0,71,5,11,45,24.0,35.0,31.428571428571427,0
2023-11-12,SKU_5,Category_1,41,1096.6901613936473,0,58,6,11,45,35.0,53.0,31.428571428571427,0
2023-11-13,SKU_5,Category_1,46,1096.6901613936473,1,66,0,11,46,41.0,19.0,29.714285714285715,0
2023-11-14,SKU_5,Category_1,22,1096.6901613936473,0,67,1,11,46,46.0,32.0,33.57142857142857,0
2023-11-15,SKU_5,Category_1,14,1096.6901613936473,0,14,2,11,46,22.0,28.0,32.142857142857146,1
2023-11-16,SKU_5,Category_1,27,1096.6901613936473,0,27,3,11,46,14.0,29.0,30.142857142857142,1
2023-11-17,SKU_5,Category_1,34,1096.6901613936473,0,51,4,11,46,27.0,24.0,29.857142857142858,0
2023-11-18,SKU_5,Category_1,48,1096.6901613936473,0,49,5,11,46,34.0,35.0,31.285714285714285,0
2023-11-19,SKU_5,Category_1,42,1096.6901613936473,0,64,6,11,46,48.0,41.0,33.142857142857146,0
2023-11-20,SKU_5,Category_1,16,1096.6901613936473,0,53,0,11,47,42.0,46.0,33.285714285714285,0
2023-11-21,SKU_5,Category_1,30,1096.6901613936473,0,86,1,11,47,16.0,22.0,29.0,0
2023-11-22,SKU_5,Category_1,33,1096.6901613936473,0,82,2,11,47,30.0,14.0,30.142857142857142,0
2023-11-23,SKU_5,Category_1,26,1096.6901613936473,0,26,3,11,47,33.0,27.0,32.857142857142854,1
2023-11-24,SKU_5,Category_1,11,1096.6901613936473,0,11,4,11,47,26.0,34.0,32.714285714285715,1
2023-11-25,SKU_5,Category_1,45,1096.6901613936473,0,48,5,11,47,11.0,48.0,29.428571428571427,0
2023-11-26,SKU_5,Category_1,44,1096.6901613936473,0,80,6,11,47,45.0,42.0,29.0,0
2023-11-27,SKU_5,Category_1,25,1096.6901613936473,0,34,0,11,48,44.0,16.0,29.285714285714285,0
2023-11-28,SKU_5,Category_1,29,1096.6901613936473,0,85,1,11,48,25.0,30.0,30.571428571428573,0
2023-11-29,SKU_5,Category_1,30,1096.6901613936473,0,33,2,11,48,29.0,33.0,30.428571428571427,0
2023-11-30,SKU_5,Category_1,27,1096.6901613936473,0,27,3,11,48,30.0,26.0,30.0,1
2023-12-01,SKU_5,Category_1,26,1096.6901613936473,0,39,4,12,48,27.0,11.0,30.142857142857142,0
2023-12-02,SKU_5,Category_1,32,1096.6901613936473,0,32,5,12,48,26.0,45.0,32.285714285714285,1
2023-12-03,SKU_5,Category_1,24,1096.6901613936473,0,24,6,12,48,32.0,44.0,30.428571428571427,1
2023-12-04,SKU_5,Category_1,21,1096.6901613936473,0,69,0,12,49,24.0,25.0,27.571428571428573,0
2023-12-05,SKU_5,Category_1,21,1096.6901613936473,0,85,1,12,49,21.0,29.0,27.0,0
2023-12-06,SKU_5,Category_1,35,1096.6901613936473,0,94,2,12,49,21.0,30.0,25.857142857142858,0
2023-12-07,SKU_5,Category_1,22,1096.6901613936473,0,68,3,12,49,35.0,27.0,26.571428571428573,0
2023-12-08,SKU_5,Category_1,31,1096.6901613936473,0,95,4,12,49,22.0,26.0,25.857142857142858,0
2023-12-09,SKU_5,Category_1,27,1096.6901613936473,0,27,5,12,49,31.0,32.0,26.571428571428573,1
2023-12-10,SKU_5,Category_1,42,1096.6901613936473,0,58,6,12,49,27.0,24.0,25.857142857142858,0
2023-12-11,SKU_5,Category_1,32,1096.6901613936473,0,43,0,12,50,42.0,21.0,28.428571428571427,0
2023-12-12,SKU_5,Category_1,27,1096.6901613936473,0,27,1,12,50,32.0,21.0,30.0,1
2023-12-13,SKU_5,Category_1,33,1096.6901613936473,0,82,2,12,50,27.0,35.0,30.857142857142858,0
2023-12-14,SKU_5,Category_1,23,1096.6901613936473,0,60,3,12,50,33.0,22.0,30.571428571428573,0
2023-12-15,SKU_5,Category_1,13,1096.6901613936473,1,13,4,12,50,23.0,31.0,30.714285714285715,1
2023-12-16,SKU_5,Category_1,34,1096.6901613936473,0,73,5,12,50,13.0,27.0,28.142857142857142,0
2023-12-17,SKU_5,Category_1,31,1096.6901613936473,0,31,6,12,50,34.0,42.0,29.142857142857142,1
2023-12-18,SKU_5,Category_1,21,1096.6901613936473,0,57,0,12,51,31.0,32.0,27.571428571428573,0
2023-12-19,SKU_5,Category_1,23,1096.6901613936473,0,66,1,12,51,21.0,27.0,26.0,0
2023-12-20,SKU_5,Category_1,14,1096.6901613936473,0,14,2,12,51,23.0,33.0,25.428571428571427,1
2023-12-21,SKU_5,Category_1,38,1096.6901613936473,0,88,3,12,51,14.0,23.0,22.714285714285715,0
2023-12-22,SKU_5,Category_1,26,1096.6901613936473,0,26,4,12,51,38.0,13.0,24.857142857142858,1
2023-12-23,SKU_5,Category_1,43,1096.6901613936473,0,43,5,12,51,26.0,34.0,26.714285714285715,1
2023-12-24,SKU_5,Category_1,45,1096.6901613936473,0,54,6,12,51,43.0,31.0,28.0,0
2023-12-25,SKU_5,Category_1,33,1096.6901613936473,0,87,0,12,52,45.0,21.0,30.0,0
2023-12-26,SKU_5,Category_1,28,1096.6901613936473,0,41,1,12,52,33.0,23.0,31.714285714285715,0
2023-12-27,SKU_5,Category_1,37,1096.6901613936473,0,75,2,12,52,28.0,14.0,32.42857142857143,0
2023-12-28,SKU_5,Category_1,23,1096.6901613936473,0,97,3,12,52,37.0,38.0,35.714285714285715,0
2023-12-29,SKU_5,Category_1,28,1096.6901613936473,0,83,4,12,52,23.0,26.0,33.57142857142857,0
2023-12-30,SKU_5,Category_1,33,1096.6901613936473,0,86,5,12,52,28.0,43.0,33.857142857142854,0
2023-12-31,SKU_5,Category_1,41,1096.6901613936473,0,68,6,12,52,33.0,45.0,32.42857142857143,0
2023-01-08,SKU_6,Category_2,34,1700.2063741281138,0,83,6,1,1,23.0,28.0,21.142857142857142,0
2023-01-09,SKU_6,Category_2,34,1700.2063741281138,0,49,0,1,2,34.0,15.0,22.0,0
2023-01-10,SKU_6,Category_2,22,1700.2063741281138,0,80,1,1,2,34.0,17.0,24.714285714285715,0
2023-01-11,SKU_6,Category_2,13,1700.2063741281138,0,19,2,1,2,22.0,19.0,25.428571428571427,0
2023-01-12,SKU_6,Category_2,18,1700.2063741281138,0,84,3,1,2,13.0,18.0,24.571428571428573,0
2023-01-13,SKU_6,Category_2,22,1700.2063741281138,0,75,4,1,2,18.0,28.0,24.571428571428573,0
2023-01-14,SKU_6,Category_2,44,1700.2063741281138,1,59,5,1,2,22.0,23.0,23.714285714285715,0
2023-01-15,SKU_6,Category_2,21,1700.2063741281138,0,21,6,1,2,44.0,34.0,26.714285714285715,1
2023-01-16,SKU_6,Category_2,18,1700.2063741281138,0,79,0,1,3,21.0,34.0,24.857142857142858,0
2023-01-17,SKU_6,Category_2,23,1700.2063741281138,0,95,1,1,3,18.0,22.0,22.571428571428573,0
2023-01-18,SKU_6,Category_2,19,1700.2063741281138,0,81,2,1,3,23.0,13.0,22.714285714285715,0
2023-01-19,SKU_6,Category_2,21,1700.2063741281138,0,61,3,1,3,19.0,18.0,23.571428571428573,0
2023-01-20,SKU_6,Category_2,18,1700.2063741281138,0,27,4,1,3,21.0,22.0,24.0,0
2023-01-21,SKU_6,Category_2,32,1700.2063741281138,0,46,5,1,3,18.0,44.0,23.428571428571427,0
2023-01-22,SKU_6,Category_2,30,1700.2063741281138,0,51,6,1,3,32.0,21.0,21.714285714285715,0
2023-01-23,SKU_6,Category_2,12,1700.2063741281138,0,53,0,1,4,30.0,18.0,23.0,0
2023-01-24,SKU_6,Category_2,10,1700.2063741281138,0,68,1,1,4,12.0,23.0,22.142857142857142,0
2023-01-25,SKU_6,Category_2,43,1700.2063741281138,1,62,2,1,4,10.0,19.0,20.285714285714285,0
2023-01-26,SKU_6,Category_2,25,1700.2063741281138,0,67,3,1,4,43.0,21.0,23.714285714285715,0
2023-01-27,SKU_6,Category_2,28,1700.2063741281138,0,35,4,1,4,25.0,18.0,24.285714285714285,0
2023-01-28,SKU_6,Category_2,26,1700.2063741281138,0,47,5,1,4,28.0,32.0,25.714285714285715,0
2023-01-29,SKU_6,Category_2,25,1700.2063741281138,0,62,6,1,4,26.0,30.0,24.857142857142858,0
2023-01-30,SKU_6,Category_2,18,1700.2063741281138,0,18,0,1,5,25.0,12.0,24.142857142857142,1
2023-01-31,SKU_6,Category_2,34,1700.2063741281138,1,63,1,1,5,18.0,10.0,25.0,0
2023-02-01,SKU_6,Category_2,17,1700.2063741281138,0,20,2,2,5,34.0,43.0,28.428571428571427,0
2023-02-02,SKU_6,Category_2,17,1700.2063741281138,0,67,3,2,5,17.0,25.0,24.714285714285715,0
2023-02-03,SKU_6,Category_2,19,1700.2063741281138,0,55,4,2,5,17.0,28.0,23.571428571428573,0
2023-02-04,SKU_6,Category_2,21,1700.2063741281138,0,45,5,2,5,19.0,26.0,22.285714285714285,0
2023-02-05,SKU_6,Category_2,35,1700.2063741281138,0,44,6,2,5,21.0,25.0,21.571428571428573,0
2023-02-06,SKU_6,Category_2,10,1700.2063741281138,0,10,0,2,6,35.0,18.0,23.0,1
2023-02-07,SKU_6,Category_2,30,1700.2063741281138,1,60,1,2,6,10.0,34.0,21.857142857142858,0
2023-02-08,SKU_6,Category_2,21,1700.2063741281138,0,73,2,2,6,30.0,17.0,21.285714285714285,0
2023-02-09,SKU_6,Category_2,21,1700.2063741281138,0,70,3,2,6,21.0,17.0,21.857142857142858,0
2023-02-10,SKU_6,Category_2,38,1700.2063741281138,1,85,4,2,6,21.0,19.0,22.428571428571427,0
2023-02-11,SKU_6,Category_2,27,1700.2063741281138,0,58,5,2,6,38.0,21.0,25.142857142857142,0
2023-02-12,SKU_6,Category_2,14,1700.2063741281138,1,14,6,2,6,27.0,35.0,26.0,1
2023-02-13,SKU_6,Category_2,27,1700.2063741281138,0,35,0,2,7,14.0,10.0,23.0,0
2023-02-14,SKU_6,Category_2,24,1700.2063741281138,0,24,1,2,7,27.0,30.0,25.428571428571427,1
2023-02-15,SKU_6,Category_2,22,1700.2063741281138,0,61,2,2,7,24.0,21.0,24.571428571428573,0
2023-02-16,SKU_6,Category_2,19,1700.2063741281138,0,22,3,2,7,22.0,21.0,24.714285714285715,0
2023-02-17,SKU_6,Category_2,17,1700.2063741281138,0,63,4,2,7,19.0,38.0,24.428571428571427,0
2023-02-18,SKU_6,Category_2,28,1700.2063741281138,0,99,5,2,7,17.0,27.0,21.428571428571427,0
2023-02-19,SKU_6,Category_2,20,1700.2063741281138,0,20,6,2,7,28.0,14.0,21.571428571428573,1
2023-02-20,SKU_6,Category_2,20,1700.2063741281138,0,80,0,2,8,20.0,27.0,22.428571428571427,0
2023-02-21,SKU_6,Category_2,24,1700.2063741281138,0,29,1,2,8,20.0,24.0,21.428571428571427,0
2023-02-22,SKU_6,Category_2,25,1700.2063741281138,0,55,2,2,8,24.0,22.0,21.428571428571427,0
2023-02-23,SKU_6,Category_2,24,1700.2063741281138,0,24,3,2,8,25.0,19.0,21.857142857142858,1
2023-02-24,SKU_6,Category_2,11,1700.2063741281138,0,19,4,2,8,24.0,17.0,22.571428571428573,0
2023-02-25,SKU_6,Category_2,26,1700.2063741281138,0,46,5,2,8,11.0,28.0,21.714285714285715,0
2023-02-26,SKU_6,Category_2,26,1700.2063741281138,0,32,6,2,8,26.0,20.0,21.428571428571427,0
2023-02-27,SKU_6,Category_2,22,1700.2063741281138,0,57,0,2,9,26.0,20.0,22.285714285714285,0
2023-02-28,SKU_6,Category_2,16,1700.2063741281138,0,23,1,2,9,22.0,24.0,22.571428571428573,0
2023-03-01,SKU_6,Category_2,24,1700.2063741281138,1,97,2,3,9,16.0,25.0,21.428571428571427,0
2023-03-02,SKU_6,Category_2,34,1700.2063741281138,1,38,3,3,9,24.0,24.0,21.285714285714285,0
2023-03-03,SKU_6,Category_2,27,1700.2063741281138,0,96,4,3,9,34.0,11.0,22.714285714285715,0
2023-03-04,SKU_6,Category_2,37,1700.2063741281138,0,51,5,3,9,27.0,26.0,25.0,0
2023-03-05,SKU_6,Category_2,24,1700.2063741281138,0,55,6,3,9,37.0,26.0,26.571428571428573,0
2023-03-06,SKU_6,Category_2,20,1700.2063741281138,0,82,0,3,10,24.0,22.0,26.285714285714285,0
2023-03-07,SKU_6,Category_2,22,1700.2063741281138,0,61,1,3,10,20.0,16.0,26.0,0
2023-03-08,SKU_6,Category_2,23,1700.2063741281138,0,76,2,3,10,22.0,24.0,26.857142857142858,0
2023-03-09,SKU_6,Category_2,27,1700.2063741281138,0,67,3,3,10,23.0,34.0,26.714285714285715,0
2023-03-10,SKU_6,Category_2,18,1700.2063741281138,0,96,4,3,10,27.0,27.0,25.714285714285715,0
2023-03-11,SKU_6,Category_2,28,1700.2063741281138,0,33,5,3,10,18.0,37.0,24.428571428571427,0
2023-03-12,SKU_6,Category_2,38,1700.2063741281138,0,74,6,3,10,28.0,24.0,23.142857142857142,0
2023-03-13,SKU_6,Category_2,12,1700.2063741281138,0,12,0,3,11,38.0,20.0,25.142857142857142,1
2023-03-14,SKU_6,Category_2,21,1700.2063741281138,0,84,1,3,11,12.0,22.0,24.0,0
2023-03-15,SKU_6,Category_2,19,1700.2063741281138,0,86,2,3,11,21.0,23.0,23.857142857142858,0
2023-03-16,SKU_6,Category_2,22,1700.2063741281138,0,83,3,3,11,19.0,27.0,23.285714285714285,0
2023-03-17,SKU_6,Category_2,25,1700.2063741281138,0,25,4,3,11,22.0,18.0,22.571428571428573,1
2023-03-18,SKU_6,Category_2,28,1700.2063741281138,0,63,5,3,11,25.0,28.0,23.571428571428573,0
2023-03-19,SKU_6,Category_2,19,1700.2063741281138,0,74,6,3,11,28.0,38.0,23.571428571428573,0
2023-03-20,SKU_6,Category_2,26,1700.2063741281138,0,77,0,3,12,19.0,12.0,20.857142857142858,0
2023-03-21,SKU_6,Category_2,23,1700.2063741281138,0,91,1,3,12,26.0,21.0,22.857142857142858,0
2023-03-22,SKU_6,Category_2,32,1700.2063741281138,1,50,2,3,12,23.0,19.0,23.142857142857142,0
2023-03-23,SKU_6,Category_2,12,1700.2063741281138,0,12,3,3,12,32.0,22.0,25.0,1
2023-03-24,SKU_6,Category_2,24,1700.2063741281138,0,58,4,3,12,12.0,25.0,23.571428571428573,0
2023-03-25,SKU_6,Category_2,30,1700.2063741281138,0,80,5,3,12,24.0,28.0,23.428571428571427,0
2023-03-26,SKU_6,Category_2,24,1700.2063741281138,0,29,6,3,12,30.0,19.0,23.714285714285715,0
2023-03-27,SKU_6,Category_2,10,1700.2063741281138,0,10,0,3,13,24.0,26.0,24.428571428571427,1
2023-03-28,SKU_6,Category_2,23,1700.2063741281138,0,44,1,3,13,10.0,23.0,22.142857142857142,0
2023-03-29,SKU_6,Category_2,21,1700.2063741281138,0,74,2,3,13,23.0,32.0,22.142857142857142,0
2023-03-30,SKU_6,Category_2,17,1700.2063741281138,0,60,3,3,13,21.0,12.0,20.571428571428573,0
2023-03-31,SKU_6,Category_2,16,1700.2063741281138,0,62,4,3,13,17.0,24.0,21.285714285714285,0
2023-04-01,SKU_6,Category_2,31,1700.2063741281138,0,77,5,4,13,16.0,30.0,20.142857142857142,0
2023-04-02,SKU_6,Category_2,40,1700.2063741281138,1,50,6,4,13,31.0,24.0,20.285714285714285,0
2023-04-03,SKU_6,Category_2,27,1700.2063741281138,0,75,0,4,14,40.0,10.0,22.571428571428573,0
2023-04-04,SKU_6,Category_2,27,1700.2063741281138,0,48,1,4,14,27.0,23.0,25.0,0
2023-04-05,SKU_6,Category_2,29,1700.2063741281138,0,99,2,4,14,27.0,21.0,25.571428571428573,0
2023-04-06,SKU_6,Category_2,22,1700.2063741281138,0,82,3,4,14,29.0,17.0,26.714285714285715,0
2023-04-07,SKU_6,Category_2,26,1700.2063741281138,0,58,4,4,14,22.0,16.0,27.428571428571427,0
2023-04-08,SKU_6,Category_2,34,1700.2063741281138,0,68,5,4,14,26.0,31.0,28.857142857142858,0
2023-04-09,SKU_6,Category_2,34,1700.2063741281138,0,67,6,4,14,34.0,40.0,29.285714285714285,0
2023-04-10,SKU_6,Category_2,25,1700.2063741281138,0,50,0,4,15,34.0,27.0,28.428571428571427,0
2023-04-11,SKU_6,Category_2,18,1700.2063741281138,0,91,1,4,15,25.0,27.0,28.142857142857142,0
2023-04-12,SKU_6,Category_2,16,1700.2063741281138,0,21,2,4,15,18.0,29.0,26.857142857142858,0
2023-04-13,SKU_6,Category_2,31,1700.2063741281138,0,90,3,4,15,16.0,22.0,25.0,0
2023-04-14,SKU_6,Category_2,25,1700.2063741281138,0,78,4,4,15,31.0,26.0,26.285714285714285,0
2023-04-15,SKU_6,Category_2,18,1700.2063741281138,0,18,5,4,15,25.0,34.0,26.142857142857142,1
2023-04-16,SKU_6,Category_2,33,1700.2063741281138,0,71,6,4,15,18.0,34.0,23.857142857142858,0
2023-04-17,SKU_6,Category_2,32,1700.2063741281138,1,87,0,4,16,33.0,25.0,23.714285714285715,0
2023-04-18,SKU_6,Category_2,27,1700.2063741281138,0,88,1,4,16,32.0,18.0,24.714285714285715,0
2023-04-19,SKU_6,Category_2,18,1700.2063741281138,0,91,2,4,16,27.0,16.0,26.0,0
2023-04-20,SKU_6,Category_2,21,1700.2063741281138,0,54,3,4,16,18.0,31.0,26.285714285714285,0
2023-04-21,SKU_6,Category_2,22,1700.2063741281138,0,67,4,4,16,21.0,25.0,24.857142857142858,0
2023-04-22,SKU_6,Category_2,25,1700.2063741281138,0,87,5,4,16,22.0,18.0,24.428571428571427,0
2023-04-23,SKU_6,Category_2,24,1700.2063741281138,0,61,6,4,16,25.0,33.0,25.428571428571427,0
2023-04-24,SKU_6,Category_2,40,1700.2063741281138,1,78,0,4,17,24.0,32.0,24.142857142857142,0
2023-04-25,SKU_6,Category_2,18,1700.2063741281138,1,18,1,4,17,40.0,27.0,25.285714285714285,1
2023-04-26,SKU_6,Category_2,22,1700.2063741281138,0,85,2,4,17,18.0,18.0,24.0,0
2023-04-27,SKU_6,Category_2,30,1700.2063741281138,0,99,3,4,17,22.0,21.0,24.571428571428573,0
2023-04-28,SKU_6,Category_2,20,1700.2063741281138,0,71,4,4,17,30.0,22.0,25.857142857142858,0
2023-04-29,SKU_6,Category_2,25,1700.2063741281138,0,77,5,4,17,20.0,25.0,25.571428571428573,0
2023-04-30,SKU_6,Category_2,25,1700.2063741281138,0,70,6,4,17,25.0,24.0,25.571428571428573,0
2023-05-01,SKU_6,Category_2,26,1700.2063741281138,0,53,0,5,18,25.0,40.0,25.714285714285715,0
2023-05-02,SKU_6,Category_2,25,1700.2063741281138,0,91,1,5,18,26.0,18.0,23.714285714285715,0
2023-05-03,SKU_6,Category_2,22,1700.2063741281138,0,78,2,5,18,25.0,22.0,24.714285714285715,0
2023-05-04,SKU_6,Category_2,27,1700.2063741281138,0,52,3,5,18,22.0,30.0,24.714285714285715,0
2023-05-05,SKU_6,Category_2,26,1700.2063741281138,0,43,4,5,18,27.0,20.0,24.285714285714285,0
2023-05-06,SKU_6,Category_2,27,1700.2063741281138,0,64,5,5,18,26.0,25.0,25.142857142857142,0
2023-05-07,SKU_6,Category_2,12,1700.2063741281138,0,12,6,5,18,27.0,25.0,25.428571428571427,1
2023-05-08,SKU_6,Category_2,20,1700.2063741281138,0,52,0,5,19,12.0,26.0,23.571428571428573,0
2023-05-09,SKU_6,Category_2,28,1700.2063741281138,0,58,1,5,19,20.0,25.0,22.714285714285715,0
2023-05-10,SKU_6,Category_2,30,1700.2063741281138,0,99,2,5,19,28.0,22.0,23.142857142857142,0
2023-05-11,SKU_6,Category_2,14,1700.2063741281138,0,61,3,5,19,30.0,27.0,24.285714285714285,0
2023-05-12,SKU_6,Category_2,20,1700.2063741281138,0,39,4,5,19,14.0,26.0,22.428571428571427,0
2023-05-13,SKU_6,Category_2,31,1700.2063741281138,0,66,5,5,19,20.0,27.0,21.571428571428573,0
2023-05-14,SKU_6,Category_2,28,1700.2063741281138,1,28,6,5,19,31.0,12.0,22.142857142857142,1
2023-05-15,SKU_6,Category_2,17,1700.2063741281138,0,88,0,5,20,28.0,20.0,24.428571428571427,0
2023-05-16,SKU_6,Category_2,23,1700.2063741281138,0,35,1,5,20,17.0,28.0,24.0,0
2023-05-17,SKU_6,Category_2,22,1700.2063741281138,0,92,2,5,20,23.0,30.0,23.285714285714285,0
2023-05-18,SKU_6,Category_2,21,1700.2063741281138,0,50,3,5,20,22.0,14.0,22.142857142857142,0
2023-05-19,SKU_6,Category_2,21,1700.2063741281138,0,92,4,5,20,21.0,20.0,23.142857142857142,0
2023-05-20,SKU_6,Category_2,21,1700.2063741281138,0,21,5,5,20,21.0,31.0,23.285714285714285,1
2023-05-21,SKU_6,Category_2,29,1700.2063741281138,0,78,6,5,20,21.0,28.0,21.857142857142858,0
2023-05-22,SKU_6,Category_2,29,1700.2063741281138,0,37,0,5,21,29.0,17.0,22.0,0
2023-05-23,SKU_6,Category_2,25,1700.2063741281138,0,32,1,5,21,29.0,23.0,23.714285714285715,0
2023-05-24,SKU_6,Category_2,20,1700.2063741281138,0,35,2,5,21,25.0,22.0,24.0,0
2023-05-25,SKU_6,Category_2,22,1700.2063741281138,0,48,3,5,21,20.0,21.0,23.714285714285715,0
2023-05-26,SKU_6,Category_2,11,1700.2063741281138,0,11,4,5,21,22.0,21.0,23.857142857142858,1
2023-05-27,SKU_6,Category_2,42,1700.2063741281138,1,55,5,5,21,11.0,21.0,22.428571428571427,0
2023-05-28,SKU_6,Category_2,26,1700.2063741281138,1,26,6,5,21,42.0,29.0,25.428571428571427,1
2023-05-29,SKU_6,Category_2,29,1700.2063741281138,0,38,0,5,22,26.0,29.0,25.0,0
2023-05-30,SKU_6,Category_2,21,1700.2063741281138,0,35,1,5,22,29.0,25.0,25.0,0
2023-05-31,SKU_6,Category_2,23,1700.2063741281138,0,23,2,5,22,21.0,20.0,24.428571428571427,1
2023-06-01,SKU_6,Category_2,20,1700.2063741281138,0,59,3,6,22,23.0,22.0,24.857142857142858,0
2023-06-02,SKU_6,Category_2,28,1700.2063741281138,1,94,4,6,22,20.0,11.0,24.571428571428573,0
2023-06-03,SKU_6,Category_2,25,1700.2063741281138,0,88,5,6,22,28.0,42.0,27.0,0
2023-06-04,SKU_6,Category_2,32,1700.2063741281138,0,34,6,6,22,25.0,26.0,24.571428571428573,0
2023-06-05,SKU_6,Category_2,12,1700.2063741281138,1,12,0,6,23,32.0,29.0,25.428571428571427,1
2023-06-06,SKU_6,Category_2,30,1700.2063741281138,0,68,1,6,23,12.0,21.0,23.0,0
2023-06-07,SKU_6,Category_2,25,1700.2063741281138,0,76,2,6,23,30.0,23.0,24.285714285714285,0
2023-06-08,SKU_6,Category_2,13,1700.2063741281138,0,82,3,6,23,25.0,20.0,24.571428571428573,0
2023-06-09,SKU_6,Category_2,15,1700.2063741281138,0,77,4,6,23,13.0,28.0,23.571428571428573,0
2023-06-10,SKU_6,Category_2,32,1700.2063741281138,0,72,5,6,23,15.0,25.0,21.714285714285715,0
2023-06-11,SKU_6,Category_2,28,1700.2063741281138,0,46,6,6,23,32.0,32.0,22.714285714285715,0
2023-06-12,SKU_6,Category_2,17,1700.2063741281138,0,57,0,6,24,28.0,12.0,22.142857142857142,0
2023-06-13,SKU_6,Category_2,22,1700.2063741281138,0,67,1,6,24,17.0,30.0,22.857142857142858,0
2023-06-14,SKU_6,Category_2,22,1700.2063741281138,0,44,2,6,24,22.0,25.0,21.714285714285715,0
2023-06-15,SKU_6,Category_2,20,1700.2063741281138,0,58,3,6,24,22.0,13.0,21.285714285714285,0
2023-06-16,SKU_6,Category_2,36,1700.2063741281138,1,73,4,6,24,20.0,15.0,22.285714285714285,0
2023-06-17,SKU_6,Category_2,27,1700.2063741281138,0,38,5,6,24,36.0,32.0,25.285714285714285,0
2023-06-18,SKU_6,Category_2,33,1700.2063741281138,0,87,6,6,24,27.0,28.0,24.571428571428573,0
2023-06-19,SKU_6,Category_2,25,1700.2063741281138,0,47,0,6,25,33.0,17.0,25.285714285714285,0
2023-06-20,SKU_6,Category_2,23,1700.2063741281138,0,74,1,6,25,25.0,22.0,26.428571428571427,0
2023-06-21,SKU_6,Category_2,21,1700.2063741281138,0,53,2,6,25,23.0,22.0,26.571428571428573,0
2023-06-22,SKU_6,Category_2,24,1700.2063741281138,0,54,3,6,25,21.0,20.0,26.428571428571427,0
2023-06-23,SKU_6,Category_2,12,1700.2063741281138,0,12,4,6,25,24.0,36.0,27.0,1
2023-06-24,SKU_6,Category_2,35,1700.2063741281138,0,85,5,6,25,12.0,27.0,23.571428571428573,0
2023-06-25,SKU_6,Category_2,31,1700.2063741281138,0,78,6,6,25,35.0,33.0,24.714285714285715,0
2023-06-26,SKU_6,Category_2,20,1700.2063741281138,0,20,0,6,26,31.0,25.0,24.428571428571427,1
2023-06-27,SKU_6,Category_2,12,1700.2063741281138,0,40,1,6,26,20.0,23.0,23.714285714285715,0
2023-06-28,SKU_6,Category_2,27,1700.2063741281138,0,55,2,6,26,12.0,21.0,22.142857142857142,0
2023-06-29,SKU_6,Category_2,25,1700.2063741281138,0,30,3,6,26,27.0,24.0,23.0,0
2023-06-30,SKU_6,Category_2,22,1700.2063741281138,0,61,4,6,26,25.0,12.0,23.142857142857142,0
2023-07-01,SKU_6,Category_2,28,1700.2063741281138,0,47,5,7,26,22.0,35.0,24.571428571428573,0
2023-07-02,SKU_6,Category_2,12,1700.2063741281138,0,34,6,7,26,28.0,31.0,23.571428571428573,0
2023-07-03,SKU_6,Category_2,21,1700.2063741281138,0,76,0,7,27,12.0,20.0,20.857142857142858,0
2023-07-04,SKU_6,Category_2,29,1700.2063741281138,0,60,1,7,27,21.0,12.0,21.0,0
2023-07-05,SKU_6,Category_2,24,1700.2063741281138,0,66,2,7,27,29.0,27.0,23.428571428571427,0
2023-07-06,SKU_6,Category_2,26,1700.2063741281138,1,85,3,7,27,24.0,25.0,23.0,0
2023-07-07,SKU_6,Category_2,14,1700.2063741281138,0,66,4,7,27,26.0,22.0,23.142857142857142,0
2023-07-08,SKU_6,Category_2,12,1700.2063741281138,0,12,5,7,27,14.0,28.0,22.0,1
2023-07-09,SKU_6,Category_2,31,1700.2063741281138,0,97,6,7,27,12.0,12.0,19.714285714285715,0
2023-07-10,SKU_6,Category_2,24,1700.2063741281138,0,25,0,7,28,31.0,21.0,22.428571428571427,0
2023-07-11,SKU_6,Category_2,27,1700.2063741281138,0,48,1,7,28,24.0,29.0,22.857142857142858,0
2023-07-12,SKU_6,Category_2,31,1700.2063741281138,1,97,2,7,28,27.0,24.0,22.571428571428573,0
2023-07-13,SKU_6,Category_2,17,1700.2063741281138,0,96,3,7,28,31.0,26.0,23.571428571428573,0
2023-07-14,SKU_6,Category_2,21,1700.2063741281138,0,86,4,7,28,17.0,14.0,22.285714285714285,0
2023-07-15,SKU_6,Category_2,44,1700.2063741281138,1,72,5,7,28,21.0,12.0,23.285714285714285,0
2023-07-16,SKU_6,Category_2,31,1700.2063741281138,0,89,6,7,28,44.0,31.0,27.857142857142858,0
2023-07-17,SKU_6,Category_2,23,1700.2063741281138,0,69,0,7,29,31.0,24.0,27.857142857142858,0
2023-07-18,SKU_6,Category_2,27,1700.2063741281138,0,99,1,7,29,23.0,27.0,27.714285714285715,0
2023-07-19,SKU_6,Category_2,19,1700.2063741281138,0,58,2,7,29,27.0,31.0,27.714285714285715,0
2023-07-20,SKU_6,Category_2,23,1700.2063741281138,0,30,3,7,29,19.0,17.0,26.0,0
2023-07-21,SKU_6,Category_2,23,1700.2063741281138,1,23,4,7,29,23.0,21.0,26.857142857142858,1
2023-07-22,SKU_6,Category_2,28,1700.2063741281138,0,39,5,7,29,23.0,44.0,27.142857142857142,0
2023-07-23,SKU_6,Category_2,12,1700.2063741281138,0,32,6,7,29,28.0,31.0,24.857142857142858,0
2023-07-24,SKU_6,Category_2,17,1700.2063741281138,0,42,0,7,30,12.0,23.0,22.142857142857142,0
2023-07-25,SKU_6,Category_2,13,1700.2063741281138,0,70,1,7,30,17.0,27.0,21.285714285714285,0
2023-07-26,SKU_6,Category_2,17,1700.2063741281138,0,28,2,7,30,13.0,19.0,19.285714285714285,0
2023-07-27,SKU_6,Category_2,21,1700.2063741281138,0,93,3,7,30,17.0,23.0,19.0,0
2023-07-28,SKU_6,Category_2,29,1700.2063741281138,0,83,4,7,30,21.0,23.0,18.714285714285715,0
2023-07-29,SKU_6,Category_2,28,1700.2063741281138,0,99,5,7,30,29.0,28.0,19.571428571428573,0
2023-07-30,SKU_6,Category_2,29,1700.2063741281138,0,89,6,7,30,28.0,12.0,19.571428571428573,0
2023-07-31,SKU_6,Category_2,20,1700.2063741281138,0,21,0,7,31,29.0,17.0,22.0,0
2023-08-01,SKU_6,Category_2,25,1700.2063741281138,0,30,1,8,31,20.0,13.0,22.428571428571427,0
2023-08-02,SKU_6,Category_2,26,1700.2063741281138,1,50,2,8,31,25.0,17.0,24.142857142857142,0
2023-08-03,SKU_6,Category_2,18,1700.2063741281138,0,36,3,8,31,26.0,21.0,25.428571428571427,0
2023-08-04,SKU_6,Category_2,25,1700.2063741281138,0,70,4,8,31,18.0,29.0,25.0,0
2023-08-05,SKU_6,Category_2,23,1700.2063741281138,0,93,5,8,31,25.0,28.0,24.428571428571427,0
2023-08-06,SKU_6,Category_2,32,1700.2063741281138,0,79,6,8,31,23.0,29.0,23.714285714285715,0
2023-08-07,SKU_6,Category_2,23,1700.2063741281138,1,56,0,8,32,32.0,20.0,24.142857142857142,0
2023-08-08,SKU_6,Category_2,20,1700.2063741281138,0,63,1,8,32,23.0,25.0,24.571428571428573,0
2023-08-09,SKU_6,Category_2,24,1700.2063741281138,0,40,2,8,32,20.0,26.0,23.857142857142858,0
2023-08-10,SKU_6,Category_2,21,1700.2063741281138,0,67,3,8,32,24.0,18.0,23.571428571428573,0
2023-08-11,SKU_6,Category_2,15,1700.2063741281138,0,72,4,8,32,21.0,25.0,24.0,0
2023-08-12,SKU_6,Category_2,46,1700.2063741281138,1,91,5,8,32,15.0,23.0,22.571428571428573,0
2023-08-13,SKU_6,Category_2,27,1700.2063741281138,0,46,6,8,32,46.0,32.0,25.857142857142858,0
2023-08-14,SKU_6,Category_2,26,1700.2063741281138,0,92,0,8,33,27.0,23.0,25.142857142857142,0
2023-08-15,SKU_6,Category_2,16,1700.2063741281138,0,72,1,8,33,26.0,20.0,25.571428571428573,0
2023-08-16,SKU_6,Category_2,23,1700.2063741281138,0,96,2,8,33,16.0,24.0,25.0,0
2023-08-17,SKU_6,Category_2,24,1700.2063741281138,0,24,3,8,33,23.0,21.0,24.857142857142858,1
2023-08-18,SKU_6,Category_2,28,1700.2063741281138,0,35,4,8,33,24.0,15.0,25.285714285714285,0
2023-08-19,SKU_6,Category_2,25,1700.2063741281138,0,93,5,8,33,28.0,46.0,27.142857142857142,0
2023-08-20,SKU_6,Category_2,32,1700.2063741281138,0,32,6,8,33,25.0,27.0,24.142857142857142,1
2023-08-21,SKU_6,Category_2,21,1700.2063741281138,0,84,0,8,34,32.0,26.0,24.857142857142858,0
2023-08-22,SKU_6,Category_2,23,1700.2063741281138,0,59,1,8,34,21.0,16.0,24.142857142857142,0
2023-08-23,SKU_6,Category_2,19,1700.2063741281138,0,83,2,8,34,23.0,23.0,25.142857142857142,0
2023-08-24,SKU_6,Category_2,22,1700.2063741281138,0,85,3,8,34,19.0,24.0,24.571428571428573,0
2023-08-25,SKU_6,Category_2,25,1700.2063741281138,0,48,4,8,34,22.0,28.0,24.285714285714285,0
2023-08-26,SKU_6,Category_2,32,1700.2063741281138,0,92,5,8,34,25.0,25.0,23.857142857142858,0
2023-08-27,SKU_6,Category_2,30,1700.2063741281138,0,30,6,8,34,32.0,32.0,24.857142857142858,1
2023-08-28,SKU_6,Category_2,16,1700.2063741281138,0,22,0,8,35,30.0,21.0,24.571428571428573,0
2023-08-29,SKU_6,Category_2,17,1700.2063741281138,0,87,1,8,35,16.0,23.0,23.857142857142858,0
2023-08-30,SKU_6,Category_2,23,1700.2063741281138,0,30,2,8,35,17.0,19.0,23.0,0
2023-08-31,SKU_6,Category_2,15,1700.2063741281138,0,81,3,8,35,23.0,22.0,23.571428571428573,0
2023-09-01,SKU_6,Category_2,37,1700.2063741281138,0,76,4,9,35,15.0,25.0,22.571428571428573,0
2023-09-02,SKU_6,Category_2,21,1700.2063741281138,0,21,5,9,35,37.0,32.0,24.285714285714285,1
2023-09-03,SKU_6,Category_2,32,1700.2063741281138,0,90,6,9,35,21.0,30.0,22.714285714285715,0
2023-09-04,SKU_6,Category_2,13,1700.2063741281138,0,37,0,9,36,32.0,16.0,23.0,0
2023-09-05,SKU_6,Category_2,18,1700.2063741281138,0,36,1,9,36,13.0,17.0,22.571428571428573,0
2023-09-06,SKU_6,Category_2,20,1700.2063741281138,0,33,2,9,36,18.0,23.0,22.714285714285715,0
2023-09-07,SKU_6,Category_2,17,1700.2063741281138,0,27,3,9,36,20.0,15.0,22.285714285714285,0
2023-09-08,SKU_6,Category_2,23,1700.2063741281138,0,66,4,9,36,17.0,37.0,22.571428571428573,0
2023-09-09,SKU_6,Category_2,43,1700.2063741281138,1,44,5,9,36,23.0,21.0,20.571428571428573,0
2023-09-10,SKU_6,Category_2,33,1700.2063741281138,0,51,6,9,36,43.0,32.0,23.714285714285715,0
2023-09-11,SKU_6,Category_2,16,1700.2063741281138,0,33,0,9,37,33.0,13.0,23.857142857142858,0
2023-09-12,SKU_6,Category_2,13,1700.2063741281138,0,62,1,9,37,16.0,18.0,24.285714285714285,0
2023-09-13,SKU_6,Category_2,28,1700.2063741281138,0,58,2,9,37,13.0,20.0,23.571428571428573,0
2023-09-14,SKU_6,Category_2,18,1700.2063741281138,0,81,3,9,37,28.0,17.0,24.714285714285715,0
2023-09-15,SKU_6,Category_2,16,1700.2063741281138,0,16,4,9,37,18.0,23.0,24.857142857142858,1
2023-09-16,SKU_6,Category_2,26,1700.2063741281138,0,48,5,9,37,16.0,43.0,23.857142857142858,0
2023-09-17,SKU_6,Category_2,13,1700.2063741281138,0,13,6,9,37,26.0,33.0,21.428571428571427,1
2023-09-18,SKU_6,Category_2,17,1700.2063741281138,0,34,0,9,38,13.0,16.0,18.571428571428573,0
2023-09-19,SKU_6,Category_2,22,1700.2063741281138,0,29,1,9,38,17.0,13.0,18.714285714285715,0
2023-09-20,SKU_6,Category_2,20,1700.2063741281138,0,20,2,9,38,22.0,28.0,20.0,1
2023-09-21,SKU_6,Category_2,30,1700.2063741281138,0,80,3,9,38,20.0,18.0,18.857142857142858,0
2023-09-22,SKU_6,Category_2,16,1700.2063741281138,0,28,4,9,38,30.0,16.0,20.571428571428573,0
2023-09-23,SKU_6,Category_2,31,1700.2063741281138,0,57,5,9,38,16.0,26.0,20.571428571428573,0
2023-09-24,SKU_6,Category_2,34,1700.2063741281138,0,34,6,9,38,31.0,13.0,21.285714285714285,1
2023-09-25,SKU_6,Category_2,21,1700.2063741281138,0,88,0,9,39,34.0,17.0,24.285714285714285,0
2023-09-26,SKU_6,Category_2,17,1700.2063741281138,0,83,1,9,39,21.0,22.0,24.857142857142858,0
2023-09-27,SKU_6,Category_2,32,1700.2063741281138,0,94,2,9,39,17.0,20.0,24.142857142857142,0
2023-09-28,SKU_6,Category_2,26,1700.2063741281138,0,87,3,9,39,32.0,30.0,25.857142857142858,0
2023-09-29,SKU_6,Category_2,22,1700.2063741281138,0,63,4,9,39,26.0,16.0,25.285714285714285,0
2023-09-30,SKU_6,Category_2,34,1700.2063741281138,0,49,5,9,39,22.0,31.0,26.142857142857142,0
2023-10-01,SKU_6,Category_2,11,1700.2063741281138,0,11,6,10,39,34.0,34.0,26.571428571428573,1
2023-10-02,SKU_6,Category_2,24,1700.2063741281138,0,83,0,10,40,11.0,21.0,23.285714285714285,0
2023-10-03,SKU_6,Category_2,15,1700.2063741281138,0,69,1,10,40,24.0,17.0,23.714285714285715,0
2023-10-04,SKU_6,Category_2,15,1700.2063741281138,0,15,2,10,40,15.0,32.0,23.428571428571427,1
2023-10-05,SKU_6,Category_2,23,1700.2063741281138,0,36,3,10,40,15.0,26.0,21.0,0
2023-10-06,SKU_6,Category_2,28,1700.2063741281138,0,42,4,10,40,23.0,22.0,20.571428571428573,0
2023-10-07,SKU_6,Category_2,18,1700.2063741281138,0,18,5,10,40,28.0,34.0,21.428571428571427,1
2023-10-08,SKU_6,Category_2,28,1700.2063741281138,0,44,6,10,40,18.0,11.0,19.142857142857142,0
2023-10-09,SKU_6,Category_2,27,1700.2063741281138,1,71,0,10,41,28.0,24.0,21.571428571428573,0
2023-10-10,SKU_6,Category_2,27,1700.2063741281138,0,33,1,10,41,27.0,15.0,22.0,0
2023-10-11,SKU_6,Category_2,22,1700.2063741281138,0,55,2,10,41,27.0,15.0,23.714285714285715,0
2023-10-12,SKU_6,Category_2,21,1700.2063741281138,0,63,3,10,41,22.0,23.0,24.714285714285715,0
2023-10-13,SKU_6,Category_2,27,1700.2063741281138,0,42,4,10,41,21.0,28.0,24.428571428571427,0
2023-10-14,SKU_6,Category_2,30,1700.2063741281138,0,61,5,10,41,27.0,18.0,24.285714285714285,0
2023-10-15,SKU_6,Category_2,23,1700.2063741281138,0,86,6,10,41,30.0,28.0,26.0,0
2023-10-16,SKU_6,Category_2,15,1700.2063741281138,0,94,0,10,42,23.0,27.0,25.285714285714285,0
2023-10-17,SKU_6,Category_2,22,1700.2063741281138,0,22,1,10,42,15.0,27.0,23.571428571428573,1
2023-10-18,SKU_6,Category_2,27,1700.2063741281138,0,66,2,10,42,22.0,22.0,22.857142857142858,0
2023-10-19,SKU_6,Category_2,31,1700.2063741281138,0,76,3,10,42,27.0,21.0,23.571428571428573,0
2023-10-20,SKU_6,Category_2,18,1700.2063741281138,0,19,4,10,42,31.0,27.0,25.0,0
2023-10-21,SKU_6,Category_2,32,1700.2063741281138,0,99,5,10,42,18.0,30.0,23.714285714285715,0
2023-10-22,SKU_6,Category_2,44,1700.2063741281138,0,65,6,10,42,32.0,23.0,24.0,0
2023-10-23,SKU_6,Category_2,21,1700.2063741281138,0,39,0,10,43,44.0,15.0,27.0,0
2023-10-24,SKU_6,Category_2,15,1700.2063741281138,0,44,1,10,43,21.0,22.0,27.857142857142858,0
2023-10-25,SKU_6,Category_2,27,1700.2063741281138,0,77,2,10,43,15.0,27.0,26.857142857142858,0
2023-10-26,SKU_6,Category_2,16,1700.2063741281138,0,16,3,10,43,27.0,31.0,26.857142857142858,1
2023-10-27,SKU_6,Category_2,22,1700.2063741281138,0,73,4,10,43,16.0,18.0,24.714285714285715,0
2023-10-28,SKU_6,Category_2,21,1700.2063741281138,0,21,5,10,43,22.0,32.0,25.285714285714285,1
2023-10-29,SKU_6,Category_2,30,1700.2063741281138,0,71,6,10,43,21.0,44.0,23.714285714285715,0
2023-10-30,SKU_6,Category_2,30,1700.2063741281138,1,82,0,10,44,30.0,21.0,21.714285714285715,0
2023-10-31,SKU_6,Category_2,22,1700.2063741281138,0,45,1,10,44,30.0,15.0,23.0,0
2023-11-01,SKU_6,Category_2,23,1700.2063741281138,0,53,2,11,44,22.0,27.0,24.0,0
2023-11-02,SKU_6,Category_2,9,1700.2063741281138,0,37,3,11,44,23.0,16.0,23.428571428571427,0
2023-11-03,SKU_6,Category_2,13,1700.2063741281138,0,24,4,11,44,9.0,22.0,22.428571428571427,0
2023-11-04,SKU_6,Category_2,21,1700.2063741281138,0,21,5,11,44,13.0,21.0,21.142857142857142,1
2023-11-05,SKU_6,Category_2,28,1700.2063741281138,0,32,6,11,44,21.0,30.0,21.142857142857142,0
2023-11-06,SKU_6,Category_2,34,1700.2063741281138,1,37,0,11,45,28.0,30.0,20.857142857142858,0
2023-11-07,SKU_6,Category_2,26,1700.2063741281138,0,56,1,11,45,34.0,22.0,21.428571428571427,0
2023-11-08,SKU_6,Category_2,26,1700.2063741281138,0,48,2,11,45,26.0,23.0,22.0,0
2023-11-09,SKU_6,Category_2,32,1700.2063741281138,0,95,3,11,45,26.0,9.0,22.428571428571427,0
2023-11-10,SKU_6,Category_2,29,1700.2063741281138,0,90,4,11,45,32.0,13.0,25.714285714285715,0
2023-11-11,SKU_6,Category_2,36,1700.2063741281138,1,36,5,11,45,29.0,21.0,28.0,1
2023-11-12,SKU_6,Category_2,34,1700.2063741281138,0,73,6,11,45,36.0,28.0,30.142857142857142,0
2023-11-13,SKU_6,Category_2,21,1700.2063741281138,0,29,0,11,46,34.0,34.0,31.0,0
2023-11-14,SKU_6,Category_2,17,1700.2063741281138,1,17,1,11,46,21.0,26.0,29.142857142857142,1
2023-11-15,SKU_6,Category_2,32,1700.2063741281138,0,62,2,11,46,17.0,26.0,27.857142857142858,0
2023-11-16,SKU_6,Category_2,18,1700.2063741281138,0,69,3,11,46,32.0,32.0,28.714285714285715,0
2023-11-17,SKU_6,Category_2,25,1700.2063741281138,0,26,4,11,46,18.0,29.0,26.714285714285715,0
2023-11-18,SKU_6,Category_2,32,1700.2063741281138,0,98,5,11,46,25.0,36.0,26.142857142857142,0
2023-11-19,SKU_6,Category_2,26,1700.2063741281138,0,88,6,11,46,32.0,34.0,25.571428571428573,0
2023-11-20,SKU_6,Category_2,21,1700.2063741281138,0,44,0,11,47,26.0,21.0,24.428571428571427,0
2023-11-21,SKU_6,Category_2,23,1700.2063741281138,0,63,1,11,47,21.0,17.0,24.428571428571427,0
2023-11-22,SKU_6,Category_2,18,1700.2063741281138,0,98,2,11,47,23.0,32.0,25.285714285714285,0
2023-11-23,SKU_6,Category_2,29,1700.2063741281138,0,99,3,11,47,18.0,18.0,23.285714285714285,0
2023-11-24,SKU_6,Category_2,17,1700.2063741281138,0,85,4,11,47,29.0,25.0,24.857142857142858,0
2023-11-25,SKU_6,Category_2,32,1700.2063741281138,0,79,5,11,47,17.0,32.0,23.714285714285715,0
2023-11-26,SKU_6,Category_2,23,1700.2063741281138,0,68,6,11,47,32.0,26.0,23.714285714285715,0
2023-11-27,SKU_6,Category_2,22,1700.2063741281138,0,63,0,11,48,23.0,21.0,23.285714285714285,0
2023-11-28,SKU_6,Category_2,22,1700.2063741281138,0,59,1,11,48,22.0,23.0,23.428571428571427,0
2023-11-29,SKU_6,Category_2,30,1700.2063741281138,1,42,2,11,48,22.0,18.0,23.285714285714285,0
2023-11-30,SKU_6,Category_2,28,1700.2063741281138,0,80,3,11,48,30.0,29.0,25.0,0
2023-12-01,SKU_6,Category_2,22,1700.2063741281138,0,71,4,12,48,28.0,17.0,24.857142857142858,0
2023-12-02,SKU_6,Category_2,25,1700.2063741281138,0,70,5,12,48,22.0,32.0,25.571428571428573,0
2023-12-03,SKU_6,Category_2,29,1700.2063741281138,0,47,6,12,48,25.0,23.0,24.571428571428573,0
2023-12-04,SKU_6,Category_2,31,1700.2063741281138,0,54,0,12,49,29.0,22.0,25.428571428571427,0
2023-12-05,SKU_6,Category_2,21,1700.2063741281138,0,68,1,12,49,31.0,22.0,26.714285714285715,0
2023-12-06,SKU_6,Category_2,20,1700.2063741281138,0,79,2,12,49,21.0,30.0,26.571428571428573,0
2023-12-07,SKU_6,Category_2,25,1700.2063741281138,1,71,3,12,49,20.0,28.0,25.142857142857142,0
2023-12-08,SKU_6,Category_2,25,1700.2063741281138,0,63,4,12,49,25.0,22.0,24.714285714285715,0
2023-12-09,SKU_6,Category_2,35,1700.2063741281138,0,49,5,12,49,25.0,25.0,25.142857142857142,0
2023-12-10,SKU_6,Category_2,40,1700.2063741281138,0,92,6,12,49,35.0,29.0,26.571428571428573,0
2023-12-11,SKU_6,Category_2,25,1700.2063741281138,1,25,0,12,50,40.0,31.0,28.142857142857142,1
2023-12-12,SKU_6,Category_2,21,1700.2063741281138,0,48,1,12,50,25.0,21.0,27.285714285714285,0
2023-12-13,SKU_6,Category_2,21,1700.2063741281138,0,21,2,12,50,21.0,20.0,27.285714285714285,1
2023-12-14,SKU_6,Category_2,16,1700.2063741281138,0,58,3,12,50,21.0,25.0,27.428571428571427,0
2023-12-15,SKU_6,Category_2,36,1700.2063741281138,1,46,4,12,50,16.0,25.0,26.142857142857142,0
2023-12-16,SKU_6,Category_2,23,1700.2063741281138,0,90,5,12,50,36.0,35.0,27.714285714285715,0
2023-12-17,SKU_6,Category_2,41,1700.2063741281138,1,80,6,12,50,23.0,40.0,26.0,0
2023-12-18,SKU_6,Category_2,20,1700.2063741281138,0,21,0,12,51,41.0,25.0,26.142857142857142,0
2023-12-19,SKU_6,Category_2,21,1700.2063741281138,0,77,1,12,51,20.0,21.0,25.428571428571427,0
2023-12-20,SKU_6,Category_2,20,1700.2063741281138,0,89,2,12,51,21.0,21.0,25.428571428571427,0
2023-12-21,SKU_6,Category_2,22,1700.2063741281138,0,43,3,12,51,20.0,16.0,25.285714285714285,0
2023-12-22,SKU_6,Category_2,14,1700.2063741281138,0,22,4,12,51,22.0,36.0,26.142857142857142,0
2023-12-23,SKU_6,Category_2,24,1700.2063741281138,0,24,5,12,51,14.0,23.0,23.0,1
2023-12-24,SKU_6,Category_2,32,1700.2063741281138,0,38,6,12,51,24.0,41.0,23.142857142857142,0
2023-12-25,SKU_6,Category_2,25,1700.2063741281138,0,25,0,12,52,32.0,20.0,21.857142857142858,1
2023-12-26,SKU_6,Category_2,23,1700.2063741281138,0,28,1,12,52,25.0,21.0,22.571428571428573,0
2023-12-27,SKU_6,Category_2,17,1700.2063741281138,0,17,2,12,52,23.0,20.0,22.857142857142858,1
2023-12-28,SKU_6,Category_2,26,1700.2063741281138,0,97,3,12,52,17.0,22.0,22.428571428571427,0
2023-12-29,SKU_6,Category_2,22,1700.2063741281138,0,35,4,12,52,26.0,14.0,23.0,0
2023-12-30,SKU_6,Category_2,32,1700.2063741281138,0,38,5,12,52,22.0,24.0,24.142857142857142,0
2023-12-31,SKU_6,Category_2,22,1700.2063741281138,0,75,6,12,52,32.0,32.0,25.285714285714285,0
2023-01-08,SKU_7,Category_3,45,1435.1175970043969,0,45,6,1,1,44.0,39.0,36.0,1
2023-01-09,SKU_7,Category_3,39,1435.1175970043969,0,98,0,1,2,45.0,34.0,36.857142857142854,0
2023-01-10,SKU_7,Category_3,33,1435.1175970043969,0,48,1,1,2,39.0,19.0,37.57142857142857,0
2023-01-11,SKU_7,Category_3,25,1435.1175970043969,0,25,2,1,2,33.0,41.0,39.57142857142857,1
2023-01-12,SKU_7,Category_3,35,1435.1175970043969,0,38,3,1,2,25.0,37.0,37.285714285714285,0
2023-01-13,SKU_7,Category_3,42,1435.1175970043969,0,75,4,1,2,35.0,38.0,37.0,0
2023-01-14,SKU_7,Category_3,50,1435.1175970043969,0,83,5,1,2,42.0,44.0,37.57142857142857,0
2023-01-15,SKU_7,Category_3,42,1435.1175970043969,0,42,6,1,2,50.0,45.0,38.42857142857143,1
2023-01-16,SKU_7,Category_3,25,1435.1175970043969,0,86,0,1,3,42.0,39.0,38.0,0
2023-01-17,SKU_7,Category_3,28,1435.1175970043969,0,72,1,1,3,25.0,33.0,36.0,0
2023-01-18,SKU_7,Category_3,35,1435.1175970043969,0,57,2,1,3,28.0,25.0,35.285714285714285,0
2023-01-19,SKU_7,Category_3,56,1435.1175970043969,1,94,3,1,3,35.0,35.0,36.714285714285715,0
2023-01-20,SKU_7,Category_3,42,1435.1175970043969,0,93,4,1,3,56.0,42.0,39.714285714285715,0
2023-01-21,SKU_7,Category_3,36,1435.1175970043969,0,83,5,1,3,42.0,50.0,39.714285714285715,0
2023-01-22,SKU_7,Category_3,59,1435.1175970043969,0,79,6,1,3,36.0,42.0,37.714285714285715,0
2023-01-23,SKU_7,Category_3,34,1435.1175970043969,0,36,0,1,4,59.0,25.0,40.142857142857146,0
2023-01-24,SKU_7,Category_3,40,1435.1175970043969,0,46,1,1,4,34.0,28.0,41.42857142857143,0
2023-01-25,SKU_7,Category_3,39,1435.1175970043969,0,97,2,1,4,40.0,35.0,43.142857142857146,0
2023-01-26,SKU_7,Category_3,35,1435.1175970043969,0,88,3,1,4,39.0,56.0,43.714285714285715,0
2023-01-27,SKU_7,Category_3,35,1435.1175970043969,0,79,4,1,4,35.0,42.0,40.714285714285715,0
2023-01-28,SKU_7,Category_3,51,1435.1175970043969,0,74,5,1,4,35.0,36.0,39.714285714285715,0
2023-01-29,SKU_7,Category_3,20,1435.1175970043969,0,20,6,1,4,51.0,59.0,41.857142857142854,1
2023-01-30,SKU_7,Category_3,35,1435.1175970043969,0,48,0,1,5,20.0,34.0,36.285714285714285,0
2023-01-31,SKU_7,Category_3,22,1435.1175970043969,0,22,1,1,5,35.0,40.0,36.42857142857143,1
2023-02-01,SKU_7,Category_3,44,1435.1175970043969,0,67,2,2,5,22.0,39.0,33.857142857142854,0
2023-02-02,SKU_7,Category_3,19,1435.1175970043969,0,19,3,2,5,44.0,35.0,34.57142857142857,1
2023-02-03,SKU_7,Category_3,24,1435.1175970043969,0,24,4,2,5,19.0,35.0,32.285714285714285,1
2023-02-04,SKU_7,Category_3,54,1435.1175970043969,0,72,5,2,5,24.0,51.0,30.714285714285715,0
2023-02-05,SKU_7,Category_3,19,1435.1175970043969,0,19,6,2,5,54.0,20.0,31.142857142857142,1
2023-02-06,SKU_7,Category_3,24,1435.1175970043969,0,24,0,2,6,19.0,35.0,31.0,1
2023-02-07,SKU_7,Category_3,42,1435.1175970043969,0,97,1,2,6,24.0,22.0,29.428571428571427,0
2023-02-08,SKU_7,Category_3,41,1435.1175970043969,0,80,2,2,6,42.0,44.0,32.285714285714285,0
2023-02-09,SKU_7,Category_3,50,1435.1175970043969,0,51,3,2,6,41.0,19.0,31.857142857142858,0
2023-02-10,SKU_7,Category_3,27,1435.1175970043969,0,92,4,2,6,50.0,24.0,36.285714285714285,0
2023-02-11,SKU_7,Category_3,29,1435.1175970043969,0,29,5,2,6,27.0,54.0,36.714285714285715,1
2023-02-12,SKU_7,Category_3,21,1435.1175970043969,0,21,6,2,6,29.0,19.0,33.142857142857146,1
2023-02-13,SKU_7,Category_3,36,1435.1175970043969,0,91,0,2,7,21.0,24.0,33.42857142857143,0
2023-02-14,SKU_7,Category_3,42,1435.1175970043969,0,45,1,2,7,36.0,42.0,35.142857142857146,0
2023-02-15,SKU_7,Category_3,31,1435.1175970043969,0,33,2,2,7,42.0,41.0,35.142857142857146,0
2023-02-16,SKU_7,Category_3,47,1435.1175970043969,0,86,3,2,7,31.0,50.0,33.714285714285715,0
2023-02-17,SKU_7,Category_3,35,1435.1175970043969,0,35,4,2,7,47.0,27.0,33.285714285714285,1
2023-02-18,SKU_7,Category_3,52,1435.1175970043969,0,84,5,2,7,35.0,29.0,34.42857142857143,0
2023-02-19,SKU_7,Category_3,47,1435.1175970043969,0,52,6,2,7,52.0,21.0,37.714285714285715,0
2023-02-20,SKU_7,Category_3,25,1435.1175970043969,0,51,0,2,8,47.0,36.0,41.42857142857143,0
2023-02-21,SKU_7,Category_3,41,1435.1175970043969,0,52,1,2,8,25.0,42.0,39.857142857142854,0
2023-02-22,SKU_7,Category_3,40,1435.1175970043969,0,85,2,2,8,41.0,31.0,39.714285714285715,0
2023-02-23,SKU_7,Category_3,40,1435.1175970043969,0,41,3,2,8,40.0,47.0,41.0,0
2023-02-24,SKU_7,Category_3,42,1435.1175970043969,0,65,4,2,8,40.0,35.0,40.0,0
2023-02-25,SKU_7,Category_3,11,1435.1175970043969,0,11,5,2,8,42.0,52.0,41.0,1
2023-02-26,SKU_7,Category_3,46,1435.1175970043969,0,58,6,2,8,11.0,47.0,35.142857142857146,0
2023-02-27,SKU_7,Category_3,30,1435.1175970043969,0,93,0,2,9,46.0,25.0,35.0,0
2023-02-28,SKU_7,Category_3,41,1435.1175970043969,0,77,1,2,9,30.0,41.0,35.714285714285715,0
2023-03-01,SKU_7,Category_3,31,1435.1175970043969,0,31,2,3,9,41.0,40.0,35.714285714285715,1
2023-03-02,SKU_7,Category_3,16,1435.1175970043969,0,16,3,3,9,31.0,40.0,34.42857142857143,1
2023-03-03,SKU_7,Category_3,25,1435.1175970043969,0,25,4,3,9,16.0,42.0,31.0,1
2023-03-04,SKU_7,Category_3,58,1435.1175970043969,0,99,5,3,9,25.0,11.0,28.571428571428573,0
2023-03-05,SKU_7,Category_3,42,1435.1175970043969,0,81,6,3,9,58.0,46.0,35.285714285714285,0
2023-03-06,SKU_7,Category_3,30,1435.1175970043969,0,83,0,3,10,42.0,30.0,34.714285714285715,0
2023-03-07,SKU_7,Category_3,13,1435.1175970043969,0,13,1,3,10,30.0,41.0,34.714285714285715,1
2023-03-08,SKU_7,Category_3,33,1435.1175970043969,0,97,2,3,10,13.0,31.0,30.714285714285715,0
2023-03-09,SKU_7,Category_3,42,1435.1175970043969,1,42,3,3,10,33.0,16.0,31.0,1
2023-03-10,SKU_7,Category_3,19,1435.1175970043969,0,19,4,3,10,42.0,25.0,34.714285714285715,1
2023-03-11,SKU_7,Category_3,80,1435.1175970043969,1,94,5,3,10,19.0,58.0,33.857142857142854,0
2023-03-12,SKU_7,Category_3,46,1435.1175970043969,0,73,6,3,10,80.0,42.0,37.0,0
2023-03-13,SKU_7,Category_3,39,1435.1175970043969,0,80,0,3,11,46.0,30.0,37.57142857142857,0
2023-03-14,SKU_7,Category_3,34,1435.1175970043969,0,60,1,3,11,39.0,13.0,38.857142857142854,0
2023-03-15,SKU_7,Category_3,37,1435.1175970043969,0,46,2,3,11,34.0,33.0,41.857142857142854,0
2023-03-16,SKU_7,Category_3,36,1435.1175970043969,0,57,3,3,11,37.0,42.0,42.42857142857143,0
2023-03-17,SKU_7,Category_3,41,1435.1175970043969,0,77,4,3,11,36.0,19.0,41.57142857142857,0
2023-03-18,SKU_7,Category_3,48,1435.1175970043969,0,51,5,3,11,41.0,80.0,44.714285714285715,0
2023-03-19,SKU_7,Category_3,43,1435.1175970043969,0,91,6,3,11,48.0,46.0,40.142857142857146,0
2023-03-20,SKU_7,Category_3,30,1435.1175970043969,0,30,0,3,12,43.0,39.0,39.714285714285715,1
2023-03-21,SKU_7,Category_3,13,1435.1175970043969,0,13,1,3,12,30.0,34.0,38.42857142857143,1
2023-03-22,SKU_7,Category_3,43,1435.1175970043969,0,43,2,3,12,13.0,37.0,35.42857142857143,1
2023-03-23,SKU_7,Category_3,35,1435.1175970043969,0,57,3,3,12,43.0,36.0,36.285714285714285,0
2023-03-24,SKU_7,Category_3,29,1435.1175970043969,0,93,4,3,12,35.0,41.0,36.142857142857146,0
2023-03-25,SKU_7,Category_3,10,1435.1175970043969,0,10,5,3,12,29.0,48.0,34.42857142857143,1
2023-03-26,SKU_7,Category_3,32,1435.1175970043969,0,32,6,3,12,10.0,43.0,29.0,1
2023-03-27,SKU_7,Category_3,26,1435.1175970043969,0,26,0,3,13,32.0,30.0,27.428571428571427,1
2023-03-28,SKU_7,Category_3,37,1435.1175970043969,0,73,1,3,13,26.0,13.0,26.857142857142858,0
2023-03-29,SKU_7,Category_3,30,1435.1175970043969,0,82,2,3,13,37.0,43.0,30.285714285714285,0
2023-03-30,SKU_7,Category_3,31,1435.1175970043969,0,78,3,3,13,30.0,35.0,28.428571428571427,0
2023-03-31,SKU_7,Category_3,26,1435.1175970043969,0,26,4,3,13,31.0,29.0,27.857142857142858,1
2023-04-01,SKU_7,Category_3,10,1435.1175970043969,0,10,5,4,13,26.0,10.0,27.428571428571427,1
2023-04-02,SKU_7,Category_3,56,1435.1175970043969,0,63,6,4,13,10.0,32.0,27.428571428571427,0
2023-04-03,SKU_7,Category_3,63,1435.1175970043969,1,85,0,4,14,56.0,26.0,30.857142857142858,0
2023-04-04,SKU_7,Category_3,39,1435.1175970043969,0,52,1,4,14,63.0,37.0,36.142857142857146,0
2023-04-05,SKU_7,Category_3,33,1435.1175970043969,0,75,2,4,14,39.0,30.0,36.42857142857143,0
2023-04-06,SKU_7,Category_3,25,1435.1175970043969,0,25,3,4,14,33.0,31.0,36.857142857142854,1
2023-04-07,SKU_7,Category_3,22,1435.1175970043969,0,22,4,4,14,25.0,26.0,36.0,1
2023-04-08,SKU_7,Category_3,48,1435.1175970043969,0,53,5,4,14,22.0,10.0,35.42857142857143,0
2023-04-09,SKU_7,Category_3,52,1435.1175970043969,1,52,6,4,14,48.0,56.0,40.857142857142854,1
2023-04-10,SKU_7,Category_3,30,1435.1175970043969,1,30,0,4,15,52.0,63.0,40.285714285714285,1
2023-04-11,SKU_7,Category_3,39,1435.1175970043969,0,39,1,4,15,30.0,39.0,35.57142857142857,1
2023-04-12,SKU_7,Category_3,40,1435.1175970043969,1,40,2,4,15,39.0,33.0,35.57142857142857,1
2023-04-13,SKU_7,Category_3,48,1435.1175970043969,0,87,3,4,15,40.0,25.0,36.57142857142857,0
2023-04-14,SKU_7,Category_3,26,1435.1175970043969,0,26,4,4,15,48.0,22.0,39.857142857142854,1
2023-04-15,SKU_7,Category_3,44,1435.1175970043969,0,84,5,4,15,26.0,48.0,40.42857142857143,0
2023-04-16,SKU_7,Category_3,34,1435.1175970043969,0,34,6,4,15,44.0,52.0,39.857142857142854,1
2023-04-17,SKU_7,Category_3,31,1435.1175970043969,1,31,0,4,16,34.0,30.0,37.285714285714285,1
2023-04-18,SKU_7,Category_3,38,1435.1175970043969,0,40,1,4,16,31.0,39.0,37.42857142857143,0
2023-04-19,SKU_7,Category_3,22,1435.1175970043969,0,22,2,4,16,38.0,40.0,37.285714285714285,1
2023-04-20,SKU_7,Category_3,39,1435.1175970043969,0,75,3,4,16,22.0,48.0,34.714285714285715,0
2023-04-21,SKU_7,Category_3,38,1435.1175970043969,0,86,4,4,16,39.0,26.0,33.42857142857143,0
2023-04-22,SKU_7,Category_3,41,1435.1175970043969,0,41,5,4,16,38.0,44.0,35.142857142857146,1
2023-04-23,SKU_7,Category_3,48,1435.1175970043969,0,75,6,4,16,41.0,34.0,34.714285714285715,0
2023-04-24,SKU_7,Category_3,43,1435.1175970043969,0,63,0,4,17,48.0,31.0,36.714285714285715,0
2023-04-25,SKU_7,Category_3,42,1435.1175970043969,0,83,1,4,17,43.0,38.0,38.42857142857143,0
2023-04-26,SKU_7,Category_3,19,1435.1175970043969,0,19,2,4,17,42.0,22.0,39.0,1
2023-04-27,SKU_7,Category_3,37,1435.1175970043969,0,84,3,4,17,19.0,39.0,38.57142857142857,0
2023-04-28,SKU_7,Category_3,44,1435.1175970043969,0,76,4,4,17,37.0,38.0,38.285714285714285,0
2023-04-29,SKU_7,Category_3,51,1435.1175970043969,0,58,5,4,17,44.0,41.0,39.142857142857146,0
2023-04-30,SKU_7,Category_3,52,1435.1175970043969,0,67,6,4,17,51.0,48.0,40.57142857142857,0
2023-05-01,SKU_7,Category_3,34,1435.1175970043969,0,34,0,5,18,52.0,43.0,41.142857142857146,1
2023-05-02,SKU_7,Category_3,28,1435.1175970043969,0,28,1,5,18,34.0,42.0,39.857142857142854,1
2023-05-03,SKU_7,Category_3,44,1435.1175970043969,0,95,2,5,18,28.0,19.0,37.857142857142854,0
2023-05-04,SKU_7,Category_3,26,1435.1175970043969,0,26,3,5,18,44.0,37.0,41.42857142857143,1
2023-05-05,SKU_7,Category_3,41,1435.1175970043969,0,85,4,5,18,26.0,44.0,39.857142857142854,0
2023-05-06,SKU_7,Category_3,20,1435.1175970043969,1,20,5,5,18,41.0,51.0,39.42857142857143,1
2023-05-07,SKU_7,Category_3,61,1435.1175970043969,1,61,6,5,18,20.0,52.0,35.0,1
2023-05-08,SKU_7,Category_3,36,1435.1175970043969,0,36,0,5,19,61.0,34.0,36.285714285714285,1
2023-05-09,SKU_7,Category_3,37,1435.1175970043969,0,61,1,5,19,36.0,28.0,36.57142857142857,0
2023-05-10,SKU_7,Category_3,38,1435.1175970043969,0,77,2,5,19,37.0,44.0,37.857142857142854,0
2023-05-11,SKU_7,Category_3,32,1435.1175970043969,0,82,3,5,19,38.0,26.0,37.0,0
2023-05-12,SKU_7,Category_3,35,1435.1175970043969,0,35,4,5,19,32.0,41.0,37.857142857142854,1
2023-05-13,SKU_7,Category_3,28,1435.1175970043969,0,28,5,5,19,35.0,20.0,37.0,1
2023-05-14,SKU_7,Category_3,45,1435.1175970043969,0,86,6,5,19,28.0,61.0,38.142857142857146,0
2023-05-15,SKU_7,Category_3,28,1435.1175970043969,0,95,0,5,20,45.0,36.0,35.857142857142854,0
2023-05-16,SKU_7,Category_3,43,1435.1175970043969,0,82,1,5,20,28.0,37.0,34.714285714285715,0
2023-05-17,SKU_7,Category_3,36,1435.1175970043969,0,42,2,5,20,43.0,38.0,35.57142857142857,0
2023-05-18,SKU_7,Category_3,38,1435.1175970043969,0,39,3,5,20,36.0,32.0,35.285714285714285,0
2023-05-19,SKU_7,Category_3,34,1435.1175970043969,0,52,4,5,20,38.0,35.0,36.142857142857146,0
2023-05-20,SKU_7,Category_3,12,1435.1175970043969,0,12,5,5,20,34.0,28.0,36.0,1
2023-05-21,SKU_7,Category_3,50,1435.1175970043969,0,68,6,5,20,12.0,45.0,33.714285714285715,0
2023-05-22,SKU_7,Category_3,42,1435.1175970043969,0,72,0,5,21,50.0,28.0,34.42857142857143,0
2023-05-23,SKU_7,Category_3,27,1435.1175970043969,0,39,1,5,21,42.0,43.0,36.42857142857143,0
2023-05-24,SKU_7,Category_3,24,1435.1175970043969,1,24,2,5,21,27.0,36.0,34.142857142857146,1
2023-05-25,SKU_7,Category_3,46,1435.1175970043969,0,54,3,5,21,24.0,38.0,32.42857142857143,0
2023-05-26,SKU_7,Category_3,34,1435.1175970043969,0,80,4,5,21,46.0,34.0,33.57142857142857,0
2023-05-27,SKU_7,Category_3,50,1435.1175970043969,0,55,5,5,21,34.0,12.0,33.57142857142857,0
2023-05-28,SKU_7,Category_3,45,1435.1175970043969,0,53,6,5,21,50.0,50.0,39.0,0
2023-05-29,SKU_7,Category_3,41,1435.1175970043969,0,63,0,5,22,45.0,42.0,38.285714285714285,0
2023-05-30,SKU_7,Category_3,40,1435.1175970043969,0,92,1,5,22,41.0,27.0,38.142857142857146,0
2023-05-31,SKU_7,Category_3,41,1435.1175970043969,0,55,2,5,22,40.0,24.0,40.0,0
2023-06-01,SKU_7,Category_3,38,1435.1175970043969,0,66,3,6,22,41.0,46.0,42.42857142857143,0
2023-06-02,SKU_7,Category_3,25,1435.1175970043969,0,25,4,6,22,38.0,34.0,41.285714285714285,1
2023-06-03,SKU_7,Category_3,36,1435.1175970043969,0,70,5,6,22,25.0,50.0,40.0,0
2023-06-04,SKU_7,Category_3,23,1435.1175970043969,0,23,6,6,22,36.0,45.0,38.0,1
2023-06-05,SKU_7,Category_3,37,1435.1175970043969,0,91,0,6,23,23.0,41.0,34.857142857142854,0
2023-06-06,SKU_7,Category_3,62,1435.1175970043969,1,66,1,6,23,37.0,40.0,34.285714285714285,0
2023-06-07,SKU_7,Category_3,14,1435.1175970043969,0,14,2,6,23,62.0,41.0,37.42857142857143,1
2023-06-08,SKU_7,Category_3,31,1435.1175970043969,0,85,3,6,23,14.0,38.0,33.57142857142857,0
2023-06-09,SKU_7,Category_3,30,1435.1175970043969,0,46,4,6,23,31.0,25.0,32.57142857142857,0
2023-06-10,SKU_7,Category_3,11,1435.1175970043969,0,11,5,6,23,30.0,36.0,33.285714285714285,1
2023-06-11,SKU_7,Category_3,53,1435.1175970043969,0,94,6,6,23,11.0,23.0,29.714285714285715,0
2023-06-12,SKU_7,Category_3,36,1435.1175970043969,0,74,0,6,24,53.0,37.0,34.0,0
2023-06-13,SKU_7,Category_3,39,1435.1175970043969,0,60,1,6,24,36.0,62.0,33.857142857142854,0
2023-06-14,SKU_7,Category_3,37,1435.1175970043969,0,52,2,6,24,39.0,14.0,30.571428571428573,0
2023-06-15,SKU_7,Category_3,50,1435.1175970043969,0,77,3,6,24,37.0,31.0,33.857142857142854,0
2023-06-16,SKU_7,Category_3,19,1435.1175970043969,0,19,4,6,24,50.0,30.0,36.57142857142857,1
2023-06-17,SKU_7,Category_3,44,1435.1175970043969,0,84,5,6,24,19.0,11.0,35.0,0
2023-06-18,SKU_7,Category_3,47,1435.1175970043969,0,72,6,6,24,44.0,53.0,39.714285714285715,0
2023-06-19,SKU_7,Category_3,21,1435.1175970043969,0,21,0,6,25,47.0,36.0,38.857142857142854,1
2023-06-20,SKU_7,Category_3,36,1435.1175970043969,0,59,1,6,25,21.0,39.0,36.714285714285715,0
2023-06-21,SKU_7,Category_3,57,1435.1175970043969,1,98,2,6,25,36.0,37.0,36.285714285714285,0
2023-06-22,SKU_7,Category_3,41,1435.1175970043969,0,90,3,6,25,57.0,50.0,39.142857142857146,0
2023-06-23,SKU_7,Category_3,41,1435.1175970043969,0,81,4,6,25,41.0,19.0,37.857142857142854,0
2023-06-24,SKU_7,Category_3,18,1435.1175970043969,0,18,5,6,25,41.0,44.0,41.0,1
2023-06-25,SKU_7,Category_3,39,1435.1175970043969,0,59,6,6,25,18.0,47.0,37.285714285714285,0
2023-06-26,SKU_7,Category_3,48,1435.1175970043969,0,99,0,6,26,39.0,21.0,36.142857142857146,0
2023-06-27,SKU_7,Category_3,25,1435.1175970043969,1,25,1,6,26,48.0,36.0,40.0,1
2023-06-28,SKU_7,Category_3,33,1435.1175970043969,0,33,2,6,26,25.0,57.0,38.42857142857143,1
2023-06-29,SKU_7,Category_3,24,1435.1175970043969,0,24,3,6,26,33.0,41.0,35.0,1
2023-06-30,SKU_7,Category_3,31,1435.1175970043969,0,96,4,6,26,24.0,41.0,32.57142857142857,0
2023-07-01,SKU_7,Category_3,32,1435.1175970043969,0,32,5,7,26,31.0,18.0,31.142857142857142,1
2023-07-02,SKU_7,Category_3,49,1435.1175970043969,0,74,6,7,26,32.0,39.0,33.142857142857146,0
2023-07-03,SKU_7,Category_3,33,1435.1175970043969,0,72,0,7,27,49.0,48.0,34.57142857142857,0
2023-07-04,SKU_7,Category_3,46,1435.1175970043969,0,96,1,7,27,33.0,25.0,32.42857142857143,0
2023-07-05,SKU_7,Category_3,39,1435.1175970043969,0,88,2,7,27,46.0,33.0,35.42857142857143,0
2023-07-06,SKU_7,Category_3,41,1435.1175970043969,0,95,3,7,27,39.0,24.0,36.285714285714285,0
2023-07-07,SKU_7,Category_3,50,1435.1175970043969,0,50,4,7,27,41.0,31.0,38.714285714285715,1
2023-07-08,SKU_7,Category_3,74,1435.1175970043969,1,74,5,7,27,50.0,32.0,41.42857142857143,1
2023-07-09,SKU_7,Category_3,48,1435.1175970043969,0,53,6,7,27,74.0,49.0,47.42857142857143,0
2023-07-10,SKU_7,Category_3,42,1435.1175970043969,0,56,0,7,28,48.0,33.0,47.285714285714285,0
2023-07-11,SKU_7,Category_3,35,1435.1175970043969,0,79,1,7,28,42.0,46.0,48.57142857142857,0
2023-07-12,SKU_7,Category_3,30,1435.1175970043969,0,40,2,7,28,35.0,39.0,47.0,0
2023-07-13,SKU_7,Category_3,19,1435.1175970043969,0,19,3,7,28,30.0,41.0,45.714285714285715,1
2023-07-14,SKU_7,Category_3,36,1435.1175970043969,0,52,4,7,28,19.0,50.0,42.57142857142857,0
2023-07-15,SKU_7,Category_3,48,1435.1175970043969,0,61,5,7,28,36.0,74.0,40.57142857142857,0
2023-07-16,SKU_7,Category_3,32,1435.1175970043969,0,32,6,7,28,48.0,48.0,36.857142857142854,1
2023-07-17,SKU_7,Category_3,50,1435.1175970043969,1,70,0,7,29,32.0,42.0,34.57142857142857,0
2023-07-18,SKU_7,Category_3,40,1435.1175970043969,0,99,1,7,29,50.0,35.0,35.714285714285715,0
2023-07-19,SKU_7,Category_3,25,1435.1175970043969,0,25,2,7,29,40.0,30.0,36.42857142857143,1
2023-07-20,SKU_7,Category_3,31,1435.1175970043969,0,91,3,7,29,25.0,19.0,35.714285714285715,0
2023-07-21,SKU_7,Category_3,37,1435.1175970043969,0,99,4,7,29,31.0,36.0,37.42857142857143,0
2023-07-22,SKU_7,Category_3,57,1435.1175970043969,0,95,5,7,29,37.0,48.0,37.57142857142857,0
2023-07-23,SKU_7,Category_3,50,1435.1175970043969,0,66,6,7,29,57.0,32.0,38.857142857142854,0
2023-07-24,SKU_7,Category_3,30,1435.1175970043969,0,30,0,7,30,50.0,50.0,41.42857142857143,1
2023-07-25,SKU_7,Category_3,43,1435.1175970043969,0,61,1,7,30,30.0,40.0,38.57142857142857,0
2023-07-26,SKU_7,Category_3,15,1435.1175970043969,0,15,2,7,30,43.0,25.0,39.0,1
2023-07-27,SKU_7,Category_3,45,1435.1175970043969,0,94,3,7,30,15.0,31.0,37.57142857142857,0
2023-07-28,SKU_7,Category_3,36,1435.1175970043969,0,94,4,7,30,45.0,37.0,39.57142857142857,0
2023-07-29,SKU_7,Category_3,50,1435.1175970043969,0,73,5,7,30,36.0,57.0,39.42857142857143,0
2023-07-30,SKU_7,Category_3,15,1435.1175970043969,0,15,6,7,30,50.0,50.0,38.42857142857143,1
2023-07-31,SKU_7,Category_3,38,1435.1175970043969,0,93,0,7,31,15.0,30.0,33.42857142857143,0
2023-08-01,SKU_7,Category_3,46,1435.1175970043969,0,60,1,8,31,38.0,43.0,34.57142857142857,0
2023-08-02,SKU_7,Category_3,31,1435.1175970043969,0,62,2,8,31,46.0,15.0,35.0,0
2023-08-03,SKU_7,Category_3,29,1435.1175970043969,0,97,3,8,31,31.0,45.0,37.285714285714285,0
2023-08-04,SKU_7,Category_3,52,1435.1175970043969,1,52,4,8,31,29.0,36.0,35.0,1
2023-08-05,SKU_7,Category_3,56,1435.1175970043969,0,92,5,8,31,52.0,50.0,37.285714285714285,0
2023-08-06,SKU_7,Category_3,46,1435.1175970043969,0,54,6,8,31,56.0,15.0,38.142857142857146,0
2023-08-07,SKU_7,Category_3,38,1435.1175970043969,1,38,0,8,32,46.0,38.0,42.57142857142857,1
2023-08-08,SKU_7,Category_3,41,1435.1175970043969,0,53,1,8,32,38.0,46.0,42.57142857142857,0
2023-08-09,SKU_7,Category_3,34,1435.1175970043969,0,34,2,8,32,41.0,31.0,41.857142857142854,1
2023-08-10,SKU_7,Category_3,11,1435.1175970043969,1,11,3,8,32,34.0,29.0,42.285714285714285,1
2023-08-11,SKU_7,Category_3,36,1435.1175970043969,0,36,4,8,32,11.0,52.0,39.714285714285715,1
2023-08-12,SKU_7,Category_3,49,1435.1175970043969,0,63,5,8,32,36.0,56.0,37.42857142857143,0
2023-08-13,SKU_7,Category_3,50,1435.1175970043969,0,77,6,8,32,49.0,46.0,36.42857142857143,0
2023-08-14,SKU_7,Category_3,38,1435.1175970043969,0,60,0,8,33,50.0,38.0,37.0,0
2023-08-15,SKU_7,Category_3,42,1435.1175970043969,0,56,1,8,33,38.0,41.0,37.0,0
2023-08-16,SKU_7,Category_3,19,1435.1175970043969,0,19,2,8,33,42.0,34.0,37.142857142857146,1
2023-08-17,SKU_7,Category_3,14,1435.1175970043969,0,14,3,8,33,19.0,11.0,35.0,1
2023-08-18,SKU_7,Category_3,40,1435.1175970043969,0,80,4,8,33,14.0,36.0,35.42857142857143,0
2023-08-19,SKU_7,Category_3,32,1435.1175970043969,0,32,5,8,33,40.0,49.0,36.0,1
2023-08-20,SKU_7,Category_3,48,1435.1175970043969,0,49,6,8,33,32.0,50.0,33.57142857142857,0
2023-08-21,SKU_7,Category_3,36,1435.1175970043969,0,78,0,8,34,48.0,38.0,33.285714285714285,0
2023-08-22,SKU_7,Category_3,38,1435.1175970043969,0,80,1,8,34,36.0,42.0,33.0,0
2023-08-23,SKU_7,Category_3,55,1435.1175970043969,1,95,2,8,34,38.0,19.0,32.42857142857143,0
2023-08-24,SKU_7,Category_3,34,1435.1175970043969,0,82,3,8,34,55.0,14.0,37.57142857142857,0
2023-08-25,SKU_7,Category_3,28,1435.1175970043969,0,52,4,8,34,34.0,40.0,40.42857142857143,0
2023-08-26,SKU_7,Category_3,19,1435.1175970043969,0,19,5,8,34,28.0,32.0,38.714285714285715,1
2023-08-27,SKU_7,Category_3,12,1435.1175970043969,0,12,6,8,34,19.0,48.0,36.857142857142854,1
2023-08-28,SKU_7,Category_3,23,1435.1175970043969,0,23,0,8,35,12.0,36.0,31.714285714285715,1
2023-08-29,SKU_7,Category_3,44,1435.1175970043969,0,73,1,8,35,23.0,38.0,29.857142857142858,0
2023-08-30,SKU_7,Category_3,33,1435.1175970043969,0,33,2,8,35,44.0,55.0,30.714285714285715,1
2023-08-31,SKU_7,Category_3,38,1435.1175970043969,0,72,3,8,35,33.0,34.0,27.571428571428573,0
2023-09-01,SKU_7,Category_3,36,1435.1175970043969,0,74,4,9,35,38.0,28.0,28.142857142857142,0
2023-09-02,SKU_7,Category_3,51,1435.1175970043969,0,83,5,9,35,36.0,19.0,29.285714285714285,0
2023-09-03,SKU_7,Category_3,48,1435.1175970043969,0,90,6,9,35,51.0,12.0,33.857142857142854,0
2023-09-04,SKU_7,Category_3,29,1435.1175970043969,0,79,0,9,36,48.0,23.0,39.0,0
2023-09-05,SKU_7,Category_3,36,1435.1175970043969,0,79,1,9,36,29.0,44.0,39.857142857142854,0
2023-09-06,SKU_7,Category_3,35,1435.1175970043969,0,87,2,9,36,36.0,33.0,38.714285714285715,0
2023-09-07,SKU_7,Category_3,31,1435.1175970043969,0,78,3,9,36,35.0,38.0,39.0,0
2023-09-08,SKU_7,Category_3,22,1435.1175970043969,0,22,4,9,36,31.0,36.0,38.0,1
2023-09-09,SKU_7,Category_3,42,1435.1175970043969,0,42,5,9,36,22.0,51.0,36.0,1
2023-09-10,SKU_7,Category_3,39,1435.1175970043969,0,39,6,9,36,42.0,48.0,34.714285714285715,1
2023-09-11,SKU_7,Category_3,40,1435.1175970043969,0,57,0,9,37,39.0,29.0,33.42857142857143,0
2023-09-12,SKU_7,Category_3,36,1435.1175970043969,0,98,1,9,37,40.0,36.0,35.0,0
2023-09-13,SKU_7,Category_3,10,1435.1175970043969,0,10,2,9,37,36.0,35.0,35.0,1
2023-09-14,SKU_7,Category_3,11,1435.1175970043969,0,11,3,9,37,10.0,31.0,31.428571428571427,1
2023-09-15,SKU_7,Category_3,26,1435.1175970043969,0,26,4,9,37,11.0,22.0,28.571428571428573,1
2023-09-16,SKU_7,Category_3,52,1435.1175970043969,0,85,5,9,37,26.0,42.0,29.142857142857142,0
2023-09-17,SKU_7,Category_3,47,1435.1175970043969,0,59,6,9,37,52.0,39.0,30.571428571428573,0
2023-09-18,SKU_7,Category_3,42,1435.1175970043969,0,59,0,9,38,47.0,40.0,31.714285714285715,0
2023-09-19,SKU_7,Category_3,34,1435.1175970043969,0,51,1,9,38,42.0,36.0,32.0,0
2023-09-20,SKU_7,Category_3,33,1435.1175970043969,0,33,2,9,38,34.0,10.0,31.714285714285715,1
2023-09-21,SKU_7,Category_3,49,1435.1175970043969,1,89,3,9,38,33.0,11.0,35.0,0
2023-09-22,SKU_7,Category_3,41,1435.1175970043969,0,95,4,9,38,49.0,26.0,40.42857142857143,0
2023-09-23,SKU_7,Category_3,49,1435.1175970043969,0,98,5,9,38,41.0,52.0,42.57142857142857,0
2023-09-24,SKU_7,Category_3,52,1435.1175970043969,0,95,6,9,38,49.0,47.0,42.142857142857146,0
2023-09-25,SKU_7,Category_3,35,1435.1175970043969,0,67,0,9,39,52.0,42.0,42.857142857142854,0
2023-09-26,SKU_7,Category_3,38,1435.1175970043969,0,41,1,9,39,35.0,34.0,41.857142857142854,0
2023-09-27,SKU_7,Category_3,33,1435.1175970043969,0,62,2,9,39,38.0,33.0,42.42857142857143,0
2023-09-28,SKU_7,Category_3,26,1435.1175970043969,0,26,3,9,39,33.0,49.0,42.42857142857143,1
2023-09-29,SKU_7,Category_3,38,1435.1175970043969,0,39,4,9,39,26.0,41.0,39.142857142857146,0
2023-09-30,SKU_7,Category_3,36,1435.1175970043969,0,36,5,9,39,38.0,49.0,38.714285714285715,1
2023-10-01,SKU_7,Category_3,44,1435.1175970043969,0,44,6,10,39,36.0,52.0,36.857142857142854,1
2023-10-02,SKU_7,Category_3,28,1435.1175970043969,0,28,0,10,40,44.0,35.0,35.714285714285715,1
2023-10-03,SKU_7,Category_3,54,1435.1175970043969,1,54,1,10,40,28.0,38.0,34.714285714285715,1
2023-10-04,SKU_7,Category_3,33,1435.1175970043969,0,37,2,10,40,54.0,33.0,37.0,0
2023-10-05,SKU_7,Category_3,41,1435.1175970043969,0,52,3,10,40,33.0,26.0,37.0,0
2023-10-06,SKU_7,Category_3,26,1435.1175970043969,0,70,4,10,40,41.0,38.0,39.142857142857146,0
2023-10-07,SKU_7,Category_3,47,1435.1175970043969,0,84,5,10,40,26.0,36.0,37.42857142857143,0
2023-10-08,SKU_7,Category_3,50,1435.1175970043969,0,81,6,10,40,47.0,44.0,39.0,0
2023-10-09,SKU_7,Category_3,41,1435.1175970043969,0,51,0,10,41,50.0,28.0,39.857142857142854,0
2023-10-10,SKU_7,Category_3,34,1435.1175970043969,0,39,1,10,41,41.0,54.0,41.714285714285715,0
2023-10-11,SKU_7,Category_3,28,1435.1175970043969,0,28,2,10,41,34.0,33.0,38.857142857142854,1
2023-10-12,SKU_7,Category_3,38,1435.1175970043969,0,95,3,10,41,28.0,41.0,38.142857142857146,0
2023-10-13,SKU_7,Category_3,67,1435.1175970043969,1,96,4,10,41,38.0,26.0,37.714285714285715,0
2023-10-14,SKU_7,Category_3,42,1435.1175970043969,0,87,5,10,41,67.0,47.0,43.57142857142857,0
2023-10-15,SKU_7,Category_3,42,1435.1175970043969,1,42,6,10,41,42.0,50.0,42.857142857142854,1
2023-10-16,SKU_7,Category_3,35,1435.1175970043969,0,57,0,10,42,42.0,41.0,41.714285714285715,0
2023-10-17,SKU_7,Category_3,39,1435.1175970043969,0,56,1,10,42,35.0,34.0,40.857142857142854,0
2023-10-18,SKU_7,Category_3,41,1435.1175970043969,0,90,2,10,42,39.0,28.0,41.57142857142857,0
2023-10-19,SKU_7,Category_3,15,1435.1175970043969,0,15,3,10,42,41.0,38.0,43.42857142857143,1
2023-10-20,SKU_7,Category_3,21,1435.1175970043969,0,21,4,10,42,15.0,67.0,40.142857142857146,1
2023-10-21,SKU_7,Category_3,42,1435.1175970043969,0,78,5,10,42,21.0,42.0,33.57142857142857,0
2023-10-22,SKU_7,Category_3,43,1435.1175970043969,0,97,6,10,42,42.0,42.0,33.57142857142857,0
2023-10-23,SKU_7,Category_3,26,1435.1175970043969,0,26,0,10,43,43.0,35.0,33.714285714285715,1
2023-10-24,SKU_7,Category_3,10,1435.1175970043969,0,10,1,10,43,26.0,39.0,32.42857142857143,1
2023-10-25,SKU_7,Category_3,30,1435.1175970043969,0,30,2,10,43,10.0,41.0,28.285714285714285,1
2023-10-26,SKU_7,Category_3,35,1435.1175970043969,0,53,3,10,43,30.0,15.0,26.714285714285715,0
2023-10-27,SKU_7,Category_3,41,1435.1175970043969,0,73,4,10,43,35.0,21.0,29.571428571428573,0
2023-10-28,SKU_7,Category_3,44,1435.1175970043969,0,62,5,10,43,41.0,42.0,32.42857142857143,0
2023-10-29,SKU_7,Category_3,57,1435.1175970043969,0,62,6,10,43,44.0,43.0,32.714285714285715,0
2023-10-30,SKU_7,Category_3,36,1435.1175970043969,0,56,0,10,44,57.0,26.0,34.714285714285715,0
2023-10-31,SKU_7,Category_3,32,1435.1175970043969,0,32,1,10,44,36.0,10.0,36.142857142857146,1
2023-11-01,SKU_7,Category_3,31,1435.1175970043969,0,68,2,11,44,32.0,30.0,39.285714285714285,0
2023-11-02,SKU_7,Category_3,12,1435.1175970043969,0,12,3,11,44,31.0,35.0,39.42857142857143,1
2023-11-03,SKU_7,Category_3,36,1435.1175970043969,0,42,4,11,44,12.0,41.0,36.142857142857146,0
2023-11-04,SKU_7,Category_3,12,1435.1175970043969,0,12,5,11,44,36.0,44.0,35.42857142857143,1
2023-11-05,SKU_7,Category_3,46,1435.1175970043969,0,52,6,11,44,12.0,57.0,30.857142857142858,0
2023-11-06,SKU_7,Category_3,35,1435.1175970043969,0,35,0,11,45,46.0,36.0,29.285714285714285,1
2023-11-07,SKU_7,Category_3,38,1435.1175970043969,0,38,1,11,45,35.0,32.0,29.142857142857142,1
2023-11-08,SKU_7,Category_3,49,1435.1175970043969,1,69,2,11,45,38.0,31.0,30.0,0
2023-11-09,SKU_7,Category_3,55,1435.1175970043969,1,55,3,11,45,49.0,12.0,32.57142857142857,1
2023-11-10,SKU_7,Category_3,38,1435.1175970043969,0,87,4,11,45,55.0,36.0,38.714285714285715,0
2023-11-11,SKU_7,Category_3,21,1435.1175970043969,0,21,5,11,45,38.0,12.0,39.0,1
2023-11-12,SKU_7,Category_3,48,1435.1175970043969,0,48,6,11,45,21.0,46.0,40.285714285714285,1
2023-11-13,SKU_7,Category_3,38,1435.1175970043969,0,55,0,11,46,48.0,35.0,40.57142857142857,0
2023-11-14,SKU_7,Category_3,43,1435.1175970043969,0,61,1,11,46,38.0,38.0,41.0,0
2023-11-15,SKU_7,Category_3,28,1435.1175970043969,0,43,2,11,46,43.0,49.0,41.714285714285715,0
2023-11-16,SKU_7,Category_3,34,1435.1175970043969,0,92,3,11,46,28.0,55.0,38.714285714285715,0
2023-11-17,SKU_7,Category_3,46,1435.1175970043969,0,78,4,11,46,34.0,38.0,35.714285714285715,0
2023-11-18,SKU_7,Category_3,69,1435.1175970043969,1,70,5,11,46,46.0,21.0,36.857142857142854,0
2023-11-19,SKU_7,Category_3,48,1435.1175970043969,0,70,6,11,46,69.0,48.0,43.714285714285715,0
2023-11-20,SKU_7,Category_3,33,1435.1175970043969,0,69,0,11,47,48.0,38.0,43.714285714285715,0
2023-11-21,SKU_7,Category_3,36,1435.1175970043969,0,81,1,11,47,33.0,43.0,43.0,0
2023-11-22,SKU_7,Category_3,13,1435.1175970043969,0,13,2,11,47,36.0,28.0,42.0,1
2023-11-23,SKU_7,Category_3,13,1435.1175970043969,0,13,3,11,47,13.0,34.0,39.857142857142854,1
2023-11-24,SKU_7,Category_3,38,1435.1175970043969,0,99,4,11,47,13.0,46.0,36.857142857142854,0
2023-11-25,SKU_7,Category_3,46,1435.1175970043969,0,54,5,11,47,38.0,69.0,35.714285714285715,0
2023-11-26,SKU_7,Category_3,46,1435.1175970043969,0,99,6,11,47,46.0,48.0,32.42857142857143,0
2023-11-27,SKU_7,Category_3,21,1435.1175970043969,0,21,0,11,48,46.0,33.0,32.142857142857146,1
2023-11-28,SKU_7,Category_3,42,1435.1175970043969,0,82,1,11,48,21.0,36.0,30.428571428571427,0
2023-11-29,SKU_7,Category_3,38,1435.1175970043969,0,60,2,11,48,42.0,13.0,31.285714285714285,0
2023-11-30,SKU_7,Category_3,45,1435.1175970043969,1,87,3,11,48,38.0,13.0,34.857142857142854,0
2023-12-01,SKU_7,Category_3,33,1435.1175970043969,0,82,4,12,48,45.0,38.0,39.42857142857143,0
2023-12-02,SKU_7,Category_3,54,1435.1175970043969,0,80,5,12,48,33.0,46.0,38.714285714285715,0
2023-12-03,SKU_7,Category_3,31,1435.1175970043969,0,31,6,12,48,54.0,46.0,39.857142857142854,1
2023-12-04,SKU_7,Category_3,36,1435.1175970043969,0,41,0,12,49,31.0,21.0,37.714285714285715,0
2023-12-05,SKU_7,Category_3,34,1435.1175970043969,0,34,1,12,49,36.0,42.0,39.857142857142854,1
2023-12-06,SKU_7,Category_3,11,1435.1175970043969,0,11,2,12,49,34.0,38.0,38.714285714285715,1
2023-12-07,SKU_7,Category_3,45,1435.1175970043969,0,79,3,12,49,11.0,45.0,34.857142857142854,0
2023-12-08,SKU_7,Category_3,35,1435.1175970043969,0,98,4,12,49,45.0,33.0,34.857142857142854,0
2023-12-09,SKU_7,Category_3,52,1435.1175970043969,0,60,5,12,49,35.0,54.0,35.142857142857146,0
2023-12-10,SKU_7,Category_3,53,1435.1175970043969,0,65,6,12,49,52.0,31.0,34.857142857142854,0
2023-12-11,SKU_7,Category_3,36,1435.1175970043969,0,36,0,12,50,53.0,36.0,38.0,1
2023-12-12,SKU_7,Category_3,35,1435.1175970043969,0,95,1,12,50,36.0,34.0,38.0,0
2023-12-13,SKU_7,Category_3,30,1435.1175970043969,0,40,2,12,50,35.0,11.0,38.142857142857146,0
2023-12-14,SKU_7,Category_3,21,1435.1175970043969,0,21,3,12,50,30.0,45.0,40.857142857142854,1
2023-12-15,SKU_7,Category_3,35,1435.1175970043969,0,69,4,12,50,21.0,35.0,37.42857142857143,0
2023-12-16,SKU_7,Category_3,28,1435.1175970043969,0,28,5,12,50,35.0,52.0,37.42857142857143,1
2023-12-17,SKU_7,Category_3,81,1435.1175970043969,1,89,6,12,50,28.0,53.0,34.0,0
2023-12-18,SKU_7,Category_3,42,1435.1175970043969,0,71,0,12,51,81.0,36.0,38.0,0
2023-12-19,SKU_7,Category_3,37,1435.1175970043969,0,68,1,12,51,42.0,35.0,38.857142857142854,0
2023-12-20,SKU_7,Category_3,28,1435.1175970043969,0,28,2,12,51,37.0,30.0,39.142857142857146,1
2023-12-21,SKU_7,Category_3,17,1435.1175970043969,0,17,3,12,51,28.0,21.0,38.857142857142854,1
2023-12-22,SKU_7,Category_3,39,1435.1175970043969,0,42,4,12,51,17.0,35.0,38.285714285714285,0
2023-12-23,SKU_7,Category_3,51,1435.1175970043969,0,68,5,12,51,39.0,28.0,38.857142857142854,0
2023-12-24,SKU_7,Category_3,47,1435.1175970043969,0,58,6,12,51,51.0,81.0,42.142857142857146,0
2023-12-25,SKU_7,Category_3,42,1435.1175970043969,0,91,0,12,52,47.0,42.0,37.285714285714285,0
2023-12-26,SKU_7,Category_3,31,1435.1175970043969,0,42,1,12,52,42.0,37.0,37.285714285714285,0
2023-12-27,SKU_7,Category_3,58,1435.1175970043969,1,89,2,12,52,31.0,28.0,36.42857142857143,0
2023-12-28,SKU_7,Category_3,39,1435.1175970043969,0,50,3,12,52,58.0,17.0,40.714285714285715,0
2023-12-29,SKU_7,Category_3,33,1435.1175970043969,0,98,4,12,52,39.0,39.0,43.857142857142854,0
2023-12-30,SKU_7,Category_3,31,1435.1175970043969,0,31,5,12,52,33.0,51.0,43.0,1
2023-12-31,SKU_7,Category_3,26,1435.1175970043969,0,26,6,12,52,31.0,47.0,40.142857142857146,1
2023-01-08,SKU_8,Category_4,25,1956.8298678282413,0,95,6,1,1,31.0,28.0,23.857142857142858,0
2023-01-09,SKU_8,Category_4,21,1956.8298678282413,0,96,0,1,2,25.0,25.0,23.428571428571427,0
2023-01-10,SKU_8,Category_4,33,1956.8298678282413,0,59,1,1,2,21.0,21.0,22.857142857142858,0
2023-01-11,SKU_8,Category_4,23,1956.8298678282413,0,95,2,1,2,33.0,22.0,24.571428571428573,0
2023-01-12,SKU_8,Category_4,21,1956.8298678282413,0,21,3,1,2,23.0,18.0,24.714285714285715,1
2023-01-13,SKU_8,Category_4,26,1956.8298678282413,0,86,4,1,2,21.0,22.0,25.142857142857142,0
2023-01-14,SKU_8,Category_4,32,1956.8298678282413,0,96,5,1,2,26.0,31.0,25.714285714285715,0
2023-01-15,SKU_8,Category_4,30,1956.8298678282413,0,78,6,1,2,32.0,25.0,25.857142857142858,0
2023-01-16,SKU_8,Category_4,28,1956.8298678282413,0,28,0,1,3,30.0,21.0,26.571428571428573,1
2023-01-17,SKU_8,Category_4,17,1956.8298678282413,0,75,1,1,3,28.0,33.0,27.571428571428573,0
2023-01-18,SKU_8,Category_4,31,1956.8298678282413,0,41,2,1,3,17.0,23.0,25.285714285714285,0
2023-01-19,SKU_8,Category_4,21,1956.8298678282413,0,81,3,1,3,31.0,21.0,26.428571428571427,0
2023-01-20,SKU_8,Category_4,37,1956.8298678282413,0,40,4,1,3,21.0,26.0,26.428571428571427,0
2023-01-21,SKU_8,Category_4,14,1956.8298678282413,0,14,5,1,3,37.0,32.0,28.0,1
2023-01-22,SKU_8,Category_4,42,1956.8298678282413,0,76,6,1,3,14.0,30.0,25.428571428571427,0
2023-01-23,SKU_8,Category_4,27,1956.8298678282413,0,91,0,1,4,42.0,28.0,27.142857142857142,0
2023-01-24,SKU_8,Category_4,18,1956.8298678282413,0,74,1,1,4,27.0,17.0,27.0,0
2023-01-25,SKU_8,Category_4,18,1956.8298678282413,0,28,2,1,4,18.0,31.0,27.142857142857142,0
2023-01-26,SKU_8,Category_4,18,1956.8298678282413,0,99,3,1,4,18.0,21.0,25.285714285714285,0
2023-01-27,SKU_8,Category_4,25,1956.8298678282413,0,93,4,1,4,18.0,37.0,24.857142857142858,0
2023-01-28,SKU_8,Category_4,40,1956.8298678282413,0,92,5,1,4,25.0,14.0,23.142857142857142,0
2023-01-29,SKU_8,Category_4,13,1956.8298678282413,0,13,6,1,4,40.0,42.0,26.857142857142858,1
2023-01-30,SKU_8,Category_4,20,1956.8298678282413,0,55,0,1,5,13.0,27.0,22.714285714285715,0
2023-01-31,SKU_8,Category_4,14,1956.8298678282413,0,46,1,1,5,20.0,18.0,21.714285714285715,0
2023-02-01,SKU_8,Category_4,20,1956.8298678282413,0,70,2,2,5,14.0,18.0,21.142857142857142,0
2023-02-02,SKU_8,Category_4,38,1956.8298678282413,1,59,3,2,5,20.0,18.0,21.428571428571427,0
2023-02-03,SKU_8,Category_4,27,1956.8298678282413,0,47,4,2,5,38.0,25.0,24.285714285714285,0
2023-02-04,SKU_8,Category_4,31,1956.8298678282413,0,84,5,2,5,27.0,40.0,24.571428571428573,0
2023-02-05,SKU_8,Category_4,38,1956.8298678282413,0,95,6,2,5,31.0,13.0,23.285714285714285,0
2023-02-06,SKU_8,Category_4,23,1956.8298678282413,0,81,0,2,6,38.0,20.0,26.857142857142858,0
2023-02-07,SKU_8,Category_4,28,1956.8298678282413,0,94,1,2,6,23.0,14.0,27.285714285714285,0
2023-02-08,SKU_8,Category_4,22,1956.8298678282413,0,28,2,2,6,28.0,20.0,29.285714285714285,0
2023-02-09,SKU_8,Category_4,24,1956.8298678282413,0,65,3,2,6,22.0,38.0,29.571428571428573,0
2023-02-10,SKU_8,Category_4,20,1956.8298678282413,0,60,4,2,6,24.0,27.0,27.571428571428573,0
2023-02-11,SKU_8,Category_4,25,1956.8298678282413,0,70,5,2,6,20.0,31.0,26.571428571428573,0
2023-02-12,SKU_8,Category_4,32,1956.8298678282413,0,74,6,2,6,25.0,38.0,25.714285714285715,0
2023-02-13,SKU_8,Category_4,30,1956.8298678282413,0,47,0,2,7,32.0,23.0,24.857142857142858,0
2023-02-14,SKU_8,Category_4,22,1956.8298678282413,0,70,1,2,7,30.0,28.0,25.857142857142858,0
2023-02-15,SKU_8,Category_4,24,1956.8298678282413,0,91,2,2,7,22.0,22.0,25.0,0
2023-02-16,SKU_8,Category_4,24,1956.8298678282413,0,24,3,2,7,24.0,24.0,25.285714285714285,1
2023-02-17,SKU_8,Category_4,27,1956.8298678282413,0,66,4,2,7,24.0,20.0,25.285714285714285,0
2023-02-18,SKU_8,Category_4,47,1956.8298678282413,1,59,5,2,7,27.0,25.0,26.285714285714285,0
2023-02-19,SKU_8,Category_4,27,1956.8298678282413,0,56,6,2,7,47.0,32.0,29.428571428571427,0
2023-02-20,SKU_8,Category_4,22,1956.8298678282413,0,63,0,2,8,27.0,30.0,28.714285714285715,0
2023-02-21,SKU_8,Category_4,19,1956.8298678282413,0,44,1,2,8,22.0,22.0,27.571428571428573,0
2023-02-22,SKU_8,Category_4,18,1956.8298678282413,0,92,2,2,8,19.0,24.0,27.142857142857142,0
2023-02-23,SKU_8,Category_4,19,1956.8298678282413,0,19,3,2,8,18.0,24.0,26.285714285714285,1
2023-02-24,SKU_8,Category_4,31,1956.8298678282413,0,81,4,2,8,19.0,27.0,25.571428571428573,0
2023-02-25,SKU_8,Category_4,16,1956.8298678282413,0,16,5,2,8,31.0,47.0,26.142857142857142,1
2023-02-26,SKU_8,Category_4,35,1956.8298678282413,0,92,6,2,8,16.0,27.0,21.714285714285715,0
2023-02-27,SKU_8,Category_4,28,1956.8298678282413,0,28,0,2,9,35.0,22.0,22.857142857142858,1
2023-02-28,SKU_8,Category_4,24,1956.8298678282413,0,42,1,2,9,28.0,19.0,23.714285714285715,0
2023-03-01,SKU_8,Category_4,30,1956.8298678282413,0,37,2,3,9,24.0,18.0,24.428571428571427,0
2023-03-02,SKU_8,Category_4,40,1956.8298678282413,1,64,3,3,9,30.0,19.0,26.142857142857142,0
2023-03-03,SKU_8,Category_4,21,1956.8298678282413,0,33,4,3,9,40.0,31.0,29.142857142857142,0
2023-03-04,SKU_8,Category_4,27,1956.8298678282413,0,86,5,3,9,21.0,16.0,27.714285714285715,0
2023-03-05,SKU_8,Category_4,31,1956.8298678282413,0,36,6,3,9,27.0,35.0,29.285714285714285,0
2023-03-06,SKU_8,Category_4,15,1956.8298678282413,0,69,0,3,10,31.0,28.0,28.714285714285715,0
2023-03-07,SKU_8,Category_4,13,1956.8298678282413,0,68,1,3,10,15.0,24.0,26.857142857142858,0
2023-03-08,SKU_8,Category_4,20,1956.8298678282413,0,48,2,3,10,13.0,30.0,25.285714285714285,0
2023-03-09,SKU_8,Category_4,26,1956.8298678282413,1,26,3,3,10,20.0,40.0,23.857142857142858,1
2023-03-10,SKU_8,Category_4,28,1956.8298678282413,0,80,4,3,10,26.0,21.0,21.857142857142858,0
2023-03-11,SKU_8,Category_4,36,1956.8298678282413,0,44,5,3,10,28.0,27.0,22.857142857142858,0
2023-03-12,SKU_8,Category_4,30,1956.8298678282413,0,53,6,3,10,36.0,31.0,24.142857142857142,0
2023-03-13,SKU_8,Category_4,17,1956.8298678282413,0,47,0,3,11,30.0,15.0,24.0,0
2023-03-14,SKU_8,Category_4,22,1956.8298678282413,0,56,1,3,11,17.0,13.0,24.285714285714285,0
2023-03-15,SKU_8,Category_4,26,1956.8298678282413,0,26,2,3,11,22.0,20.0,25.571428571428573,1
2023-03-16,SKU_8,Category_4,28,1956.8298678282413,0,71,3,3,11,26.0,26.0,26.428571428571427,0
2023-03-17,SKU_8,Category_4,20,1956.8298678282413,0,65,4,3,11,28.0,28.0,26.714285714285715,0
2023-03-18,SKU_8,Category_4,33,1956.8298678282413,0,60,5,3,11,20.0,36.0,25.571428571428573,0
2023-03-19,SKU_8,Category_4,16,1956.8298678282413,0,16,6,3,11,33.0,30.0,25.142857142857142,1
2023-03-20,SKU_8,Category_4,19,1956.8298678282413,0,49,0,3,12,16.0,17.0,23.142857142857142,0
2023-03-21,SKU_8,Category_4,25,1956.8298678282413,0,64,1,3,12,19.0,22.0,23.428571428571427,0
2023-03-22,SKU_8,Category_4,18,1956.8298678282413,0,89,2,3,12,25.0,26.0,23.857142857142858,0
2023-03-23,SKU_8,Category_4,14,1956.8298678282413,0,41,3,3,12,18.0,28.0,22.714285714285715,0
2023-03-24,SKU_8,Category_4,27,1956.8298678282413,0,27,4,3,12,14.0,20.0,20.714285714285715,1
2023-03-25,SKU_8,Category_4,50,1956.8298678282413,1,73,5,3,12,27.0,33.0,21.714285714285715,0
2023-03-26,SKU_8,Category_4,23,1956.8298678282413,0,50,6,3,12,50.0,16.0,24.142857142857142,0
2023-03-27,SKU_8,Category_4,28,1956.8298678282413,0,61,0,3,13,23.0,19.0,25.142857142857142,0
2023-03-28,SKU_8,Category_4,15,1956.8298678282413,0,15,1,3,13,28.0,25.0,26.428571428571427,1
2023-03-29,SKU_8,Category_4,34,1956.8298678282413,0,40,2,3,13,15.0,18.0,25.0,0
2023-03-30,SKU_8,Category_4,14,1956.8298678282413,0,44,3,3,13,34.0,14.0,27.285714285714285,0
2023-03-31,SKU_8,Category_4,15,1956.8298678282413,0,71,4,3,13,14.0,27.0,27.285714285714285,0
2023-04-01,SKU_8,Category_4,26,1956.8298678282413,0,36,5,4,13,15.0,50.0,25.571428571428573,0
2023-04-02,SKU_8,Category_4,28,1956.8298678282413,0,37,6,4,13,26.0,23.0,22.142857142857142,0
2023-04-03,SKU_8,Category_4,9,1956.8298678282413,0,18,0,4,14,28.0,28.0,22.857142857142858,0
2023-04-04,SKU_8,Category_4,15,1956.8298678282413,0,60,1,4,14,9.0,15.0,20.142857142857142,0
2023-04-05,SKU_8,Category_4,16,1956.8298678282413,0,96,2,4,14,15.0,34.0,20.142857142857142,0
2023-04-06,SKU_8,Category_4,25,1956.8298678282413,0,96,3,4,14,16.0,14.0,17.571428571428573,0
2023-04-07,SKU_8,Category_4,22,1956.8298678282413,0,89,4,4,14,25.0,15.0,19.142857142857142,0
2023-04-08,SKU_8,Category_4,10,1956.8298678282413,0,10,5,4,14,22.0,26.0,20.142857142857142,1
2023-04-09,SKU_8,Category_4,19,1956.8298678282413,0,58,6,4,14,10.0,28.0,17.857142857142858,0
2023-04-10,SKU_8,Category_4,20,1956.8298678282413,0,80,0,4,15,19.0,9.0,16.571428571428573,0
2023-04-11,SKU_8,Category_4,25,1956.8298678282413,0,41,1,4,15,20.0,15.0,18.142857142857142,0
2023-04-12,SKU_8,Category_4,18,1956.8298678282413,0,76,2,4,15,25.0,16.0,19.571428571428573,0
2023-04-13,SKU_8,Category_4,18,1956.8298678282413,0,36,3,4,15,18.0,25.0,19.857142857142858,0
2023-04-14,SKU_8,Category_4,19,1956.8298678282413,0,88,4,4,15,18.0,22.0,18.857142857142858,0
2023-04-15,SKU_8,Category_4,37,1956.8298678282413,0,64,5,4,15,19.0,10.0,18.428571428571427,0
2023-04-16,SKU_8,Category_4,40,1956.8298678282413,0,50,6,4,15,37.0,19.0,22.285714285714285,0
2023-04-17,SKU_8,Category_4,28,1956.8298678282413,0,65,0,4,16,40.0,20.0,25.285714285714285,0
2023-04-18,SKU_8,Category_4,31,1956.8298678282413,0,64,1,4,16,28.0,25.0,26.428571428571427,0
2023-04-19,SKU_8,Category_4,11,1956.8298678282413,0,11,2,4,16,31.0,18.0,27.285714285714285,1
2023-04-20,SKU_8,Category_4,36,1956.8298678282413,1,47,3,4,16,11.0,18.0,26.285714285714285,0
2023-04-21,SKU_8,Category_4,20,1956.8298678282413,0,89,4,4,16,36.0,19.0,28.857142857142858,0
2023-04-22,SKU_8,Category_4,29,1956.8298678282413,0,71,5,4,16,20.0,37.0,29.0,0
2023-04-23,SKU_8,Category_4,32,1956.8298678282413,0,33,6,4,16,29.0,40.0,27.857142857142858,0
2023-04-24,SKU_8,Category_4,14,1956.8298678282413,0,14,0,4,17,32.0,28.0,26.714285714285715,1
2023-04-25,SKU_8,Category_4,20,1956.8298678282413,0,39,1,4,17,14.0,31.0,24.714285714285715,0
2023-04-26,SKU_8,Category_4,12,1956.8298678282413,0,12,2,4,17,20.0,11.0,23.142857142857142,1
2023-04-27,SKU_8,Category_4,34,1956.8298678282413,1,52,3,4,17,12.0,36.0,23.285714285714285,0
2023-04-28,SKU_8,Category_4,30,1956.8298678282413,1,50,4,4,17,34.0,20.0,23.0,0
2023-04-29,SKU_8,Category_4,22,1956.8298678282413,0,88,5,4,17,30.0,29.0,24.428571428571427,0
2023-04-30,SKU_8,Category_4,36,1956.8298678282413,0,36,6,4,17,22.0,32.0,23.428571428571427,1
2023-05-01,SKU_8,Category_4,27,1956.8298678282413,0,93,0,5,18,36.0,14.0,24.0,0
2023-05-02,SKU_8,Category_4,28,1956.8298678282413,0,70,1,5,18,27.0,20.0,25.857142857142858,0
2023-05-03,SKU_8,Category_4,21,1956.8298678282413,0,38,2,5,18,28.0,12.0,27.0,0
2023-05-04,SKU_8,Category_4,20,1956.8298678282413,0,20,3,5,18,21.0,34.0,28.285714285714285,1
2023-05-05,SKU_8,Category_4,25,1956.8298678282413,0,50,4,5,18,20.0,30.0,26.285714285714285,0
2023-05-06,SKU_8,Category_4,39,1956.8298678282413,1,96,5,5,18,25.0,22.0,25.571428571428573,0
2023-05-07,SKU_8,Category_4,50,1956.8298678282413,1,93,6,5,18,39.0,36.0,28.0,0
2023-05-08,SKU_8,Category_4,18,1956.8298678282413,0,26,0,5,19,50.0,27.0,30.0,0
2023-05-09,SKU_8,Category_4,29,1956.8298678282413,1,32,1,5,19,18.0,28.0,28.714285714285715,0
2023-05-10,SKU_8,Category_4,19,1956.8298678282413,0,97,2,5,19,29.0,21.0,28.857142857142858,0
2023-05-11,SKU_8,Category_4,11,1956.8298678282413,0,11,3,5,19,19.0,20.0,28.571428571428573,1
2023-05-12,SKU_8,Category_4,34,1956.8298678282413,0,44,4,5,19,11.0,25.0,27.285714285714285,0
2023-05-13,SKU_8,Category_4,27,1956.8298678282413,0,81,5,5,19,34.0,39.0,28.571428571428573,0
2023-05-14,SKU_8,Category_4,27,1956.8298678282413,0,30,6,5,19,27.0,50.0,26.857142857142858,0
2023-05-15,SKU_8,Category_4,32,1956.8298678282413,0,32,0,5,20,27.0,18.0,23.571428571428573,1
2023-05-16,SKU_8,Category_4,22,1956.8298678282413,0,61,1,5,20,32.0,29.0,25.571428571428573,0
2023-05-17,SKU_8,Category_4,30,1956.8298678282413,0,43,2,5,20,22.0,19.0,24.571428571428573,0
2023-05-18,SKU_8,Category_4,24,1956.8298678282413,0,79,3,5,20,30.0,11.0,26.142857142857142,0
2023-05-19,SKU_8,Category_4,16,1956.8298678282413,0,91,4,5,20,24.0,34.0,28.0,0
2023-05-20,SKU_8,Category_4,30,1956.8298678282413,0,30,5,5,20,16.0,27.0,25.428571428571427,1
2023-05-21,SKU_8,Category_4,32,1956.8298678282413,0,91,6,5,20,30.0,27.0,25.857142857142858,0
2023-05-22,SKU_8,Category_4,16,1956.8298678282413,0,16,0,5,21,32.0,32.0,26.571428571428573,1
2023-05-23,SKU_8,Category_4,42,1956.8298678282413,1,73,1,5,21,16.0,22.0,24.285714285714285,0
2023-05-24,SKU_8,Category_4,39,1956.8298678282413,1,44,2,5,21,42.0,30.0,27.142857142857142,0
2023-05-25,SKU_8,Category_4,27,1956.8298678282413,0,85,3,5,21,39.0,24.0,28.428571428571427,0
2023-05-26,SKU_8,Category_4,23,1956.8298678282413,0,41,4,5,21,27.0,16.0,28.857142857142858,0
2023-05-27,SKU_8,Category_4,45,1956.8298678282413,1,72,5,5,21,23.0,30.0,29.857142857142858,0
2023-05-28,SKU_8,Category_4,22,1956.8298678282413,0,77,6,5,21,45.0,32.0,32.0,0
2023-05-29,SKU_8,Category_4,18,1956.8298678282413,0,95,0,5,22,22.0,16.0,30.571428571428573,0
2023-05-30,SKU_8,Category_4,17,1956.8298678282413,0,56,1,5,22,18.0,42.0,30.857142857142858,0
2023-05-31,SKU_8,Category_4,27,1956.8298678282413,0,65,2,5,22,17.0,39.0,27.285714285714285,0
2023-06-01,SKU_8,Category_4,13,1956.8298678282413,0,26,3,6,22,27.0,27.0,25.571428571428573,0
2023-06-02,SKU_8,Category_4,22,1956.8298678282413,0,96,4,6,22,13.0,23.0,23.571428571428573,0
2023-06-03,SKU_8,Category_4,39,1956.8298678282413,0,72,5,6,22,22.0,45.0,23.428571428571427,0
2023-06-04,SKU_8,Category_4,28,1956.8298678282413,0,95,6,6,22,39.0,22.0,22.571428571428573,0
2023-06-05,SKU_8,Category_4,25,1956.8298678282413,0,51,0,6,23,28.0,18.0,23.428571428571427,0
2023-06-06,SKU_8,Category_4,32,1956.8298678282413,0,96,1,6,23,25.0,17.0,24.428571428571427,0
2023-06-07,SKU_8,Category_4,27,1956.8298678282413,0,82,2,6,23,32.0,27.0,26.571428571428573,0
2023-06-08,SKU_8,Category_4,28,1956.8298678282413,0,57,3,6,23,27.0,13.0,26.571428571428573,0
2023-06-09,SKU_8,Category_4,29,1956.8298678282413,0,89,4,6,23,28.0,22.0,28.714285714285715,0
2023-06-10,SKU_8,Category_4,29,1956.8298678282413,0,31,5,6,23,29.0,39.0,29.714285714285715,0
2023-06-11,SKU_8,Category_4,32,1956.8298678282413,0,35,6,6,23,29.0,28.0,28.285714285714285,0
2023-06-12,SKU_8,Category_4,12,1956.8298678282413,0,12,0,6,24,32.0,25.0,28.857142857142858,1
2023-06-13,SKU_8,Category_4,22,1956.8298678282413,0,74,1,6,24,12.0,32.0,27.0,0
2023-06-14,SKU_8,Category_4,17,1956.8298678282413,0,99,2,6,24,22.0,27.0,25.571428571428573,0
2023-06-15,SKU_8,Category_4,33,1956.8298678282413,1,77,3,6,24,17.0,28.0,24.142857142857142,0
2023-06-16,SKU_8,Category_4,19,1956.8298678282413,1,19,4,6,24,33.0,29.0,24.857142857142858,1
2023-06-17,SKU_8,Category_4,39,1956.8298678282413,0,59,5,6,24,19.0,29.0,23.428571428571427,0
2023-06-18,SKU_8,Category_4,25,1956.8298678282413,0,25,6,6,24,39.0,32.0,24.857142857142858,1
2023-06-19,SKU_8,Category_4,23,1956.8298678282413,0,77,0,6,25,25.0,12.0,23.857142857142858,0
2023-06-20,SKU_8,Category_4,22,1956.8298678282413,0,48,1,6,25,23.0,22.0,25.428571428571427,0
2023-06-21,SKU_8,Category_4,25,1956.8298678282413,0,27,2,6,25,22.0,17.0,25.428571428571427,0
2023-06-22,SKU_8,Category_4,41,1956.8298678282413,1,94,3,6,25,25.0,33.0,26.571428571428573,0
2023-06-23,SKU_8,Category_4,17,1956.8298678282413,0,39,4,6,25,41.0,19.0,27.714285714285715,0
2023-06-24,SKU_8,Category_4,35,1956.8298678282413,0,99,5,6,25,17.0,39.0,27.428571428571427,0
2023-06-25,SKU_8,Category_4,31,1956.8298678282413,0,85,6,6,25,35.0,25.0,26.857142857142858,0
2023-06-26,SKU_8,Category_4,14,1956.8298678282413,0,14,0,6,26,31.0,23.0,27.714285714285715,1
2023-06-27,SKU_8,Category_4,21,1956.8298678282413,0,68,1,6,26,14.0,22.0,26.428571428571427,0
2023-06-28,SKU_8,Category_4,18,1956.8298678282413,0,18,2,6,26,21.0,25.0,26.285714285714285,1
2023-06-29,SKU_8,Category_4,28,1956.8298678282413,0,70,3,6,26,18.0,41.0,25.285714285714285,0
2023-06-30,SKU_8,Category_4,15,1956.8298678282413,0,15,4,6,26,28.0,17.0,23.428571428571427,1
2023-07-01,SKU_8,Category_4,28,1956.8298678282413,0,65,5,7,26,15.0,35.0,23.142857142857142,0
2023-07-02,SKU_8,Category_4,32,1956.8298678282413,0,98,6,7,26,28.0,31.0,22.142857142857142,0
2023-07-03,SKU_8,Category_4,18,1956.8298678282413,0,57,0,7,27,32.0,14.0,22.285714285714285,0
2023-07-04,SKU_8,Category_4,26,1956.8298678282413,0,60,1,7,27,18.0,21.0,22.857142857142858,0
2023-07-05,SKU_8,Category_4,19,1956.8298678282413,0,52,2,7,27,26.0,18.0,23.571428571428573,0
2023-07-06,SKU_8,Category_4,31,1956.8298678282413,0,68,3,7,27,19.0,28.0,23.714285714285715,0
2023-07-07,SKU_8,Category_4,34,1956.8298678282413,1,50,4,7,27,31.0,15.0,24.142857142857142,0
2023-07-08,SKU_8,Category_4,41,1956.8298678282413,1,63,5,7,27,34.0,28.0,26.857142857142858,0
2023-07-09,SKU_8,Category_4,28,1956.8298678282413,0,68,6,7,27,41.0,32.0,28.714285714285715,0
2023-07-10,SKU_8,Category_4,33,1956.8298678282413,0,37,0,7,28,28.0,18.0,28.142857142857142,0
2023-07-11,SKU_8,Category_4,14,1956.8298678282413,0,66,1,7,28,33.0,26.0,30.285714285714285,0
2023-07-12,SKU_8,Category_4,17,1956.8298678282413,0,17,2,7,28,14.0,19.0,28.571428571428573,1
2023-07-13,SKU_8,Category_4,21,1956.8298678282413,0,92,3,7,28,17.0,31.0,28.285714285714285,0
2023-07-14,SKU_8,Category_4,19,1956.8298678282413,0,19,4,7,28,21.0,34.0,26.857142857142858,1
2023-07-15,SKU_8,Category_4,29,1956.8298678282413,0,70,5,7,28,19.0,41.0,24.714285714285715,0
2023-07-16,SKU_8,Category_4,19,1956.8298678282413,0,19,6,7,28,29.0,28.0,23.0,1
2023-07-17,SKU_8,Category_4,26,1956.8298678282413,0,91,0,7,29,19.0,33.0,21.714285714285715,0
2023-07-18,SKU_8,Category_4,20,1956.8298678282413,0,89,1,7,29,26.0,14.0,20.714285714285715,0
2023-07-19,SKU_8,Category_4,32,1956.8298678282413,0,89,2,7,29,20.0,17.0,21.571428571428573,0
2023-07-20,SKU_8,Category_4,15,1956.8298678282413,0,15,3,7,29,32.0,21.0,23.714285714285715,1
2023-07-21,SKU_8,Category_4,31,1956.8298678282413,0,90,4,7,29,15.0,19.0,22.857142857142858,0
2023-07-22,SKU_8,Category_4,28,1956.8298678282413,0,72,5,7,29,31.0,29.0,24.571428571428573,0
2023-07-23,SKU_8,Category_4,16,1956.8298678282413,0,16,6,7,29,28.0,19.0,24.428571428571427,1
2023-07-24,SKU_8,Category_4,25,1956.8298678282413,0,46,0,7,30,16.0,26.0,24.0,0
2023-07-25,SKU_8,Category_4,20,1956.8298678282413,0,35,1,7,30,25.0,20.0,23.857142857142858,0
2023-07-26,SKU_8,Category_4,21,1956.8298678282413,0,21,2,7,30,20.0,32.0,23.857142857142858,1
2023-07-27,SKU_8,Category_4,21,1956.8298678282413,0,24,3,7,30,21.0,15.0,22.285714285714285,0
2023-07-28,SKU_8,Category_4,20,1956.8298678282413,0,34,4,7,30,21.0,31.0,23.142857142857142,0
2023-07-29,SKU_8,Category_4,15,1956.8298678282413,0,15,5,7,30,20.0,28.0,21.571428571428573,1
2023-07-30,SKU_8,Category_4,26,1956.8298678282413,0,97,6,7,30,15.0,16.0,19.714285714285715,0
2023-07-31,SKU_8,Category_4,26,1956.8298678282413,0,41,0,7,31,26.0,25.0,21.142857142857142,0
2023-08-01,SKU_8,Category_4,30,1956.8298678282413,0,78,1,8,31,26.0,20.0,21.285714285714285,0
2023-08-02,SKU_8,Category_4,29,1956.8298678282413,0,75,2,8,31,30.0,21.0,22.714285714285715,0
2023-08-03,SKU_8,Category_4,17,1956.8298678282413,0,63,3,8,31,29.0,21.0,23.857142857142858,0
2023-08-04,SKU_8,Category_4,12,1956.8298678282413,0,12,4,8,31,17.0,20.0,23.285714285714285,1
2023-08-05,SKU_8,Category_4,40,1956.8298678282413,1,61,5,8,31,12.0,15.0,22.142857142857142,0
2023-08-06,SKU_8,Category_4,34,1956.8298678282413,0,45,6,8,31,40.0,26.0,25.714285714285715,0
2023-08-07,SKU_8,Category_4,28,1956.8298678282413,0,35,0,8,32,34.0,26.0,26.857142857142858,0
2023-08-08,SKU_8,Category_4,17,1956.8298678282413,0,17,1,8,32,28.0,30.0,27.142857142857142,1
2023-08-09,SKU_8,Category_4,23,1956.8298678282413,0,65,2,8,32,17.0,29.0,25.285714285714285,0
2023-08-10,SKU_8,Category_4,28,1956.8298678282413,0,40,3,8,32,23.0,17.0,24.428571428571427,0
2023-08-11,SKU_8,Category_4,23,1956.8298678282413,0,72,4,8,32,28.0,12.0,26.0,0
2023-08-12,SKU_8,Category_4,28,1956.8298678282413,0,80,5,8,32,23.0,40.0,27.571428571428573,0
2023-08-13,SKU_8,Category_4,43,1956.8298678282413,0,87,6,8,32,28.0,34.0,25.857142857142858,0
2023-08-14,SKU_8,Category_4,18,1956.8298678282413,0,65,0,8,33,43.0,28.0,27.142857142857142,0
2023-08-15,SKU_8,Category_4,18,1956.8298678282413,0,18,1,8,33,18.0,17.0,25.714285714285715,1
2023-08-16,SKU_8,Category_4,16,1956.8298678282413,0,16,2,8,33,18.0,23.0,25.857142857142858,1
2023-08-17,SKU_8,Category_4,15,1956.8298678282413,0,15,3,8,33,16.0,28.0,24.857142857142858,1
2023-08-18,SKU_8,Category_4,23,1956.8298678282413,0,51,4,8,33,15.0,23.0,23.0,0
2023-08-19,SKU_8,Category_4,37,1956.8298678282413,0,94,5,8,33,23.0,28.0,23.0,0
2023-08-20,SKU_8,Category_4,44,1956.8298678282413,1,78,6,8,33,37.0,43.0,24.285714285714285,0
2023-08-21,SKU_8,Category_4,21,1956.8298678282413,0,21,0,8,34,44.0,18.0,24.428571428571427,1
2023-08-22,SKU_8,Category_4,24,1956.8298678282413,0,59,1,8,34,21.0,18.0,24.857142857142858,0
2023-08-23,SKU_8,Category_4,18,1956.8298678282413,0,18,2,8,34,24.0,16.0,25.714285714285715,1
2023-08-24,SKU_8,Category_4,10,1956.8298678282413,0,10,3,8,34,18.0,15.0,26.0,1
2023-08-25,SKU_8,Category_4,22,1956.8298678282413,0,47,4,8,34,10.0,23.0,25.285714285714285,0
2023-08-26,SKU_8,Category_4,50,1956.8298678282413,1,96,5,8,34,22.0,37.0,25.142857142857142,0
2023-08-27,SKU_8,Category_4,34,1956.8298678282413,0,91,6,8,34,50.0,44.0,27.0,0
2023-08-28,SKU_8,Category_4,23,1956.8298678282413,0,98,0,8,35,34.0,21.0,25.571428571428573,0
2023-08-29,SKU_8,Category_4,27,1956.8298678282413,0,72,1,8,35,23.0,24.0,25.857142857142858,0
2023-08-30,SKU_8,Category_4,25,1956.8298678282413,0,81,2,8,35,27.0,18.0,26.285714285714285,0
2023-08-31,SKU_8,Category_4,20,1956.8298678282413,0,46,3,8,35,25.0,10.0,27.285714285714285,0
2023-09-01,SKU_8,Category_4,23,1956.8298678282413,0,30,4,9,35,20.0,22.0,28.714285714285715,0
2023-09-02,SKU_8,Category_4,31,1956.8298678282413,0,71,5,9,35,23.0,50.0,28.857142857142858,0
2023-09-03,SKU_8,Category_4,26,1956.8298678282413,0,51,6,9,35,31.0,34.0,26.142857142857142,0
2023-09-04,SKU_8,Category_4,13,1956.8298678282413,0,13,0,9,36,26.0,23.0,25.0,1
2023-09-05,SKU_8,Category_4,21,1956.8298678282413,1,66,1,9,36,13.0,27.0,23.571428571428573,0
2023-09-06,SKU_8,Category_4,18,1956.8298678282413,0,57,2,9,36,21.0,25.0,22.714285714285715,0
2023-09-07,SKU_8,Category_4,23,1956.8298678282413,0,42,3,9,36,18.0,20.0,21.714285714285715,0
2023-09-08,SKU_8,Category_4,17,1956.8298678282413,0,56,4,9,36,23.0,23.0,22.142857142857142,0
2023-09-09,SKU_8,Category_4,33,1956.8298678282413,0,82,5,9,36,17.0,31.0,21.285714285714285,0
2023-09-10,SKU_8,Category_4,30,1956.8298678282413,0,90,6,9,36,33.0,26.0,21.571428571428573,0
2023-09-11,SKU_8,Category_4,18,1956.8298678282413,0,62,0,9,37,30.0,13.0,22.142857142857142,0
2023-09-12,SKU_8,Category_4,19,1956.8298678282413,0,68,1,9,37,18.0,21.0,22.857142857142858,0
2023-09-13,SKU_8,Category_4,22,1956.8298678282413,0,61,2,9,37,19.0,18.0,22.571428571428573,0
2023-09-14,SKU_8,Category_4,25,1956.8298678282413,0,46,3,9,37,22.0,23.0,23.142857142857142,0
2023-09-15,SKU_8,Category_4,22,1956.8298678282413,0,90,4,9,37,25.0,17.0,23.428571428571427,0
2023-09-16,SKU_8,Category_4,38,1956.8298678282413,0,95,5,9,37,22.0,33.0,24.142857142857142,0
2023-09-17,SKU_8,Category_4,40,1956.8298678282413,0,66,6,9,37,38.0,30.0,24.857142857142858,0
2023-09-18,SKU_8,Category_4,22,1956.8298678282413,0,39,0,9,38,40.0,18.0,26.285714285714285,0
2023-09-19,SKU_8,Category_4,24,1956.8298678282413,0,48,1,9,38,22.0,19.0,26.857142857142858,0
2023-09-20,SKU_8,Category_4,15,1956.8298678282413,0,27,2,9,38,24.0,22.0,27.571428571428573,0
2023-09-21,SKU_8,Category_4,20,1956.8298678282413,0,58,3,9,38,15.0,25.0,26.571428571428573,0
2023-09-22,SKU_8,Category_4,24,1956.8298678282413,0,31,4,9,38,20.0,22.0,25.857142857142858,0
2023-09-23,SKU_8,Category_4,51,1956.8298678282413,1,60,5,9,38,24.0,38.0,26.142857142857142,0
2023-09-24,SKU_8,Category_4,15,1956.8298678282413,1,15,6,9,38,51.0,40.0,28.0,1
2023-09-25,SKU_8,Category_4,32,1956.8298678282413,1,45,0,9,39,15.0,22.0,24.428571428571427,0
2023-09-26,SKU_8,Category_4,26,1956.8298678282413,0,33,1,9,39,32.0,24.0,25.857142857142858,0
2023-09-27,SKU_8,Category_4,16,1956.8298678282413,0,54,2,9,39,26.0,15.0,26.142857142857142,0
2023-09-28,SKU_8,Category_4,18,1956.8298678282413,0,23,3,9,39,16.0,20.0,26.285714285714285,0
2023-09-29,SKU_8,Category_4,24,1956.8298678282413,0,47,4,9,39,18.0,24.0,26.0,0
2023-09-30,SKU_8,Category_4,23,1956.8298678282413,0,77,5,9,39,24.0,51.0,26.0,0
2023-10-01,SKU_8,Category_4,43,1956.8298678282413,1,69,6,10,39,23.0,15.0,22.0,0
2023-10-02,SKU_8,Category_4,17,1956.8298678282413,1,17,0,10,40,43.0,32.0,26.0,1
2023-10-03,SKU_8,Category_4,21,1956.8298678282413,0,78,1,10,40,17.0,26.0,23.857142857142858,0
2023-10-04,SKU_8,Category_4,26,1956.8298678282413,0,35,2,10,40,21.0,16.0,23.142857142857142,0
2023-10-05,SKU_8,Category_4,22,1956.8298678282413,0,60,3,10,40,26.0,18.0,24.571428571428573,0
2023-10-06,SKU_8,Category_4,20,1956.8298678282413,0,86,4,10,40,22.0,24.0,25.142857142857142,0
2023-10-07,SKU_8,Category_4,20,1956.8298678282413,0,20,5,10,40,20.0,23.0,24.571428571428573,1
2023-10-08,SKU_8,Category_4,29,1956.8298678282413,0,34,6,10,40,20.0,43.0,24.142857142857142,0
2023-10-09,SKU_8,Category_4,22,1956.8298678282413,0,93,0,10,41,29.0,17.0,22.142857142857142,0
2023-10-10,SKU_8,Category_4,23,1956.8298678282413,0,71,1,10,41,22.0,21.0,22.857142857142858,0
2023-10-11,SKU_8,Category_4,24,1956.8298678282413,0,70,2,10,41,23.0,26.0,23.142857142857142,0
2023-10-12,SKU_8,Category_4,20,1956.8298678282413,0,55,3,10,41,24.0,22.0,22.857142857142858,0
2023-10-13,SKU_8,Category_4,30,1956.8298678282413,1,91,4,10,41,20.0,20.0,22.571428571428573,0
2023-10-14,SKU_8,Category_4,27,1956.8298678282413,0,97,5,10,41,30.0,20.0,24.0,0
2023-10-15,SKU_8,Category_4,33,1956.8298678282413,0,65,6,10,41,27.0,29.0,25.0,0
2023-10-16,SKU_8,Category_4,25,1956.8298678282413,0,66,0,10,42,33.0,22.0,25.571428571428573,0
2023-10-17,SKU_8,Category_4,21,1956.8298678282413,0,96,1,10,42,25.0,23.0,26.0,0
2023-10-18,SKU_8,Category_4,26,1956.8298678282413,0,49,2,10,42,21.0,24.0,25.714285714285715,0
2023-10-19,SKU_8,Category_4,21,1956.8298678282413,0,36,3,10,42,26.0,20.0,26.0,0
2023-10-20,SKU_8,Category_4,15,1956.8298678282413,0,15,4,10,42,21.0,30.0,26.142857142857142,1
2023-10-21,SKU_8,Category_4,31,1956.8298678282413,0,31,5,10,42,15.0,27.0,24.0,1
2023-10-22,SKU_8,Category_4,37,1956.8298678282413,0,56,6,10,42,31.0,33.0,24.571428571428573,0
2023-10-23,SKU_8,Category_4,19,1956.8298678282413,0,33,0,10,43,37.0,25.0,25.142857142857142,0
2023-10-24,SKU_8,Category_4,22,1956.8298678282413,1,22,1,10,43,19.0,21.0,24.285714285714285,1
2023-10-25,SKU_8,Category_4,25,1956.8298678282413,0,87,2,10,43,22.0,26.0,24.428571428571427,0
2023-10-26,SKU_8,Category_4,33,1956.8298678282413,1,45,3,10,43,25.0,21.0,24.285714285714285,0
2023-10-27,SKU_8,Category_4,23,1956.8298678282413,0,36,4,10,43,33.0,15.0,26.0,0
2023-10-28,SKU_8,Category_4,25,1956.8298678282413,0,43,5,10,43,23.0,31.0,27.142857142857142,0
2023-10-29,SKU_8,Category_4,12,1956.8298678282413,1,12,6,10,43,25.0,37.0,26.285714285714285,1
2023-10-30,SKU_8,Category_4,25,1956.8298678282413,0,88,0,10,44,12.0,19.0,22.714285714285715,0
2023-10-31,SKU_8,Category_4,25,1956.8298678282413,0,68,1,10,44,25.0,22.0,23.571428571428573,0
2023-11-01,SKU_8,Category_4,26,1956.8298678282413,0,26,2,11,44,25.0,25.0,24.0,1
2023-11-02,SKU_8,Category_4,22,1956.8298678282413,0,94,3,11,44,26.0,33.0,24.142857142857142,0
2023-11-03,SKU_8,Category_4,20,1956.8298678282413,0,20,4,11,44,22.0,23.0,22.571428571428573,1
2023-11-04,SKU_8,Category_4,25,1956.8298678282413,0,57,5,11,44,20.0,25.0,22.142857142857142,0
2023-11-05,SKU_8,Category_4,30,1956.8298678282413,0,30,6,11,44,25.0,12.0,22.142857142857142,1
2023-11-06,SKU_8,Category_4,41,1956.8298678282413,1,60,0,11,45,30.0,25.0,24.714285714285715,0
2023-11-07,SKU_8,Category_4,23,1956.8298678282413,0,94,1,11,45,41.0,25.0,27.0,0
2023-11-08,SKU_8,Category_4,17,1956.8298678282413,0,17,2,11,45,23.0,26.0,26.714285714285715,1
2023-11-09,SKU_8,Category_4,13,1956.8298678282413,0,13,3,11,45,17.0,22.0,25.428571428571427,1
2023-11-10,SKU_8,Category_4,24,1956.8298678282413,0,24,4,11,45,13.0,20.0,24.142857142857142,1
2023-11-11,SKU_8,Category_4,31,1956.8298678282413,0,58,5,11,45,24.0,25.0,24.714285714285715,0
2023-11-12,SKU_8,Category_4,25,1956.8298678282413,0,70,6,11,45,31.0,30.0,25.571428571428573,0
2023-11-13,SKU_8,Category_4,25,1956.8298678282413,0,62,0,11,46,25.0,41.0,24.857142857142858,0
2023-11-14,SKU_8,Category_4,25,1956.8298678282413,0,78,1,11,46,25.0,23.0,22.571428571428573,0
2023-11-15,SKU_8,Category_4,28,1956.8298678282413,0,97,2,11,46,25.0,17.0,22.857142857142858,0
2023-11-16,SKU_8,Category_4,25,1956.8298678282413,0,61,3,11,46,28.0,13.0,24.428571428571427,0
2023-11-17,SKU_8,Category_4,11,1956.8298678282413,0,32,4,11,46,25.0,24.0,26.142857142857142,0
2023-11-18,SKU_8,Category_4,30,1956.8298678282413,0,30,5,11,46,11.0,31.0,24.285714285714285,1
2023-11-19,SKU_8,Category_4,27,1956.8298678282413,0,51,6,11,46,30.0,25.0,24.142857142857142,0
2023-11-20,SKU_8,Category_4,24,1956.8298678282413,0,36,0,11,47,27.0,25.0,24.428571428571427,0
2023-11-21,SKU_8,Category_4,20,1956.8298678282413,0,62,1,11,47,24.0,25.0,24.285714285714285,0
2023-11-22,SKU_8,Category_4,20,1956.8298678282413,0,51,2,11,47,20.0,28.0,23.571428571428573,0
2023-11-23,SKU_8,Category_4,14,1956.8298678282413,0,14,3,11,47,20.0,25.0,22.428571428571427,1
2023-11-24,SKU_8,Category_4,13,1956.8298678282413,0,13,4,11,47,14.0,11.0,20.857142857142858,1
2023-11-25,SKU_8,Category_4,23,1956.8298678282413,0,76,5,11,47,13.0,30.0,21.142857142857142,0
2023-11-26,SKU_8,Category_4,42,1956.8298678282413,1,78,6,11,47,23.0,27.0,20.142857142857142,0
2023-11-27,SKU_8,Category_4,18,1956.8298678282413,0,37,0,11,48,42.0,24.0,22.285714285714285,0
2023-11-28,SKU_8,Category_4,26,1956.8298678282413,0,58,1,11,48,18.0,20.0,21.428571428571427,0
2023-11-29,SKU_8,Category_4,25,1956.8298678282413,0,64,2,11,48,26.0,20.0,22.285714285714285,0
2023-11-30,SKU_8,Category_4,24,1956.8298678282413,0,56,3,11,48,25.0,14.0,23.0,0
2023-12-01,SKU_8,Category_4,32,1956.8298678282413,0,37,4,12,48,24.0,13.0,24.428571428571427,0
2023-12-02,SKU_8,Category_4,35,1956.8298678282413,0,68,5,12,48,32.0,23.0,27.142857142857142,0
2023-12-03,SKU_8,Category_4,30,1956.8298678282413,0,84,6,12,48,35.0,42.0,28.857142857142858,0
2023-12-04,SKU_8,Category_4,12,1956.8298678282413,0,12,0,12,49,30.0,18.0,27.142857142857142,1
2023-12-05,SKU_8,Category_4,13,1956.8298678282413,0,62,1,12,49,12.0,26.0,26.285714285714285,0
2023-12-06,SKU_8,Category_4,23,1956.8298678282413,0,98,2,12,49,13.0,25.0,24.428571428571427,0
2023-12-07,SKU_8,Category_4,24,1956.8298678282413,0,24,3,12,49,23.0,24.0,24.142857142857142,1
2023-12-08,SKU_8,Category_4,17,1956.8298678282413,0,56,4,12,49,24.0,32.0,24.142857142857142,0
2023-12-09,SKU_8,Category_4,30,1956.8298678282413,0,62,5,12,49,17.0,35.0,22.0,0
2023-12-10,SKU_8,Category_4,45,1956.8298678282413,1,81,6,12,49,30.0,30.0,21.285714285714285,0
2023-12-11,SKU_8,Category_4,34,1956.8298678282413,1,35,0,12,50,45.0,12.0,23.428571428571427,0
2023-12-12,SKU_8,Category_4,30,1956.8298678282413,0,61,1,12,50,34.0,13.0,26.571428571428573,0
2023-12-13,SKU_8,Category_4,24,1956.8298678282413,0,98,2,12,50,30.0,23.0,29.0,0
2023-12-14,SKU_8,Category_4,28,1956.8298678282413,0,31,3,12,50,24.0,24.0,29.142857142857142,0
2023-12-15,SKU_8,Category_4,18,1956.8298678282413,0,47,4,12,50,28.0,17.0,29.714285714285715,0
2023-12-16,SKU_8,Category_4,35,1956.8298678282413,0,76,5,12,50,18.0,30.0,29.857142857142858,0
2023-12-17,SKU_8,Category_4,24,1956.8298678282413,1,24,6,12,50,35.0,45.0,30.571428571428573,1
2023-12-18,SKU_8,Category_4,13,1956.8298678282413,0,13,0,12,51,24.0,34.0,27.571428571428573,1
2023-12-19,SKU_8,Category_4,16,1956.8298678282413,0,66,1,12,51,13.0,30.0,24.571428571428573,0
2023-12-20,SKU_8,Category_4,10,1956.8298678282413,0,10,2,12,51,16.0,24.0,22.571428571428573,1
2023-12-21,SKU_8,Category_4,21,1956.8298678282413,0,21,3,12,51,10.0,28.0,20.571428571428573,1
2023-12-22,SKU_8,Category_4,18,1956.8298678282413,0,34,4,12,51,21.0,18.0,19.571428571428573,0
2023-12-23,SKU_8,Category_4,31,1956.8298678282413,0,73,5,12,51,18.0,35.0,19.571428571428573,0
2023-12-24,SKU_8,Category_4,33,1956.8298678282413,0,75,6,12,51,31.0,24.0,19.0,0
2023-12-25,SKU_8,Category_4,15,1956.8298678282413,0,15,0,12,52,33.0,13.0,20.285714285714285,1
2023-12-26,SKU_8,Category_4,26,1956.8298678282413,0,91,1,12,52,15.0,16.0,20.571428571428573,0
2023-12-27,SKU_8,Category_4,18,1956.8298678282413,0,37,2,12,52,26.0,10.0,22.0,0
2023-12-28,SKU_8,Category_4,38,1956.8298678282413,0,76,3,12,52,18.0,21.0,23.142857142857142,0
2023-12-29,SKU_8,Category_4,28,1956.8298678282413,0,89,4,12,52,38.0,18.0,25.571428571428573,0
2023-12-30,SKU_8,Category_4,25,1956.8298678282413,0,28,5,12,52,28.0,31.0,27.0,0
2023-12-31,SKU_8,Category_4,29,1956.8298678282413,0,29,6,12,52,25.0,33.0,26.142857142857142,1
2023-01-08,SKU_9,Category_5,46,1712.235573536319,0,46,6,1,1,59.0,33.0,33.142857142857146,1
2023-01-09,SKU_9,Category_5,49,1712.235573536319,1,49,0,1,2,46.0,31.0,35.0,1
2023-01-10,SKU_9,Category_5,36,1712.235573536319,0,69,1,1,2,49.0,28.0,37.57142857142857,0
2023-01-11,SKU_9,Category_5,28,1712.235573536319,0,28,2,1,2,36.0,21.0,38.714285714285715,1
2023-01-12,SKU_9,Category_5,35,1712.235573536319,0,42,3,1,2,28.0,29.0,39.714285714285715,0
2023-01-13,SKU_9,Category_5,34,1712.235573536319,0,45,4,1,2,35.0,31.0,40.57142857142857,0
2023-01-14,SKU_9,Category_5,30,1712.235573536319,0,30,5,1,2,34.0,59.0,41.0,1
2023-01-15,SKU_9,Category_5,42,1712.235573536319,0,53,6,1,2,30.0,46.0,36.857142857142854,0
2023-01-16,SKU_9,Category_5,32,1712.235573536319,0,58,0,1,3,42.0,49.0,36.285714285714285,0
2023-01-17,SKU_9,Category_5,22,1712.235573536319,0,22,1,1,3,32.0,36.0,33.857142857142854,1
2023-01-18,SKU_9,Category_5,27,1712.235573536319,0,83,2,1,3,22.0,28.0,31.857142857142858,0
2023-01-19,SKU_9,Category_5,21,1712.235573536319,0,80,3,1,3,27.0,35.0,31.714285714285715,0
2023-01-20,SKU_9,Category_5,11,1712.235573536319,0,11,4,1,3,21.0,34.0,29.714285714285715,1
2023-01-21,SKU_9,Category_5,42,1712.235573536319,0,44,5,1,3,11.0,30.0,26.428571428571427,0
2023-01-22,SKU_9,Category_5,24,1712.235573536319,0,24,6,1,3,42.0,42.0,28.142857142857142,1
2023-01-23,SKU_9,Category_5,37,1712.235573536319,0,61,0,1,4,24.0,32.0,25.571428571428573,0
2023-01-24,SKU_9,Category_5,49,1712.235573536319,0,78,1,1,4,37.0,22.0,26.285714285714285,0
2023-01-25,SKU_9,Category_5,33,1712.235573536319,0,73,2,1,4,49.0,27.0,30.142857142857142,0
2023-01-26,SKU_9,Category_5,27,1712.235573536319,0,87,3,1,4,33.0,21.0,31.0,0
2023-01-27,SKU_9,Category_5,25,1712.235573536319,0,72,4,1,4,27.0,11.0,31.857142857142858,0
2023-01-28,SKU_9,Category_5,38,1712.235573536319,0,57,5,1,4,25.0,42.0,33.857142857142854,0
2023-01-29,SKU_9,Category_5,40,1712.235573536319,0,40,6,1,4,38.0,24.0,33.285714285714285,1
2023-01-30,SKU_9,Category_5,31,1712.235573536319,0,35,0,1,5,40.0,37.0,35.57142857142857,0
2023-01-31,SKU_9,Category_5,33,1712.235573536319,0,56,1,1,5,31.0,49.0,34.714285714285715,0
2023-02-01,SKU_9,Category_5,23,1712.235573536319,0,68,2,2,5,33.0,33.0,32.42857142857143,0
2023-02-02,SKU_9,Category_5,34,1712.235573536319,0,62,3,2,5,23.0,27.0,31.0,0
2023-02-03,SKU_9,Category_5,14,1712.235573536319,0,14,4,2,5,34.0,25.0,32.0,1
2023-02-04,SKU_9,Category_5,38,1712.235573536319,0,61,5,2,5,14.0,38.0,30.428571428571427,0
2023-02-05,SKU_9,Category_5,47,1712.235573536319,0,62,6,2,5,38.0,40.0,30.428571428571427,0
2023-02-06,SKU_9,Category_5,26,1712.235573536319,0,44,0,2,6,47.0,31.0,31.428571428571427,0
2023-02-07,SKU_9,Category_5,44,1712.235573536319,0,67,1,2,6,26.0,33.0,30.714285714285715,0
2023-02-08,SKU_9,Category_5,29,1712.235573536319,0,75,2,2,6,44.0,23.0,32.285714285714285,0
2023-02-09,SKU_9,Category_5,40,1712.235573536319,0,91,3,2,6,29.0,34.0,33.142857142857146,0
2023-02-10,SKU_9,Category_5,15,1712.235573536319,0,15,4,2,6,40.0,14.0,34.0,1
2023-02-11,SKU_9,Category_5,40,1712.235573536319,0,59,5,2,6,15.0,38.0,34.142857142857146,0
2023-02-12,SKU_9,Category_5,23,1712.235573536319,0,23,6,2,6,40.0,47.0,34.42857142857143,1
2023-02-13,SKU_9,Category_5,36,1712.235573536319,0,49,0,2,7,23.0,26.0,31.0,0
2023-02-14,SKU_9,Category_5,37,1712.235573536319,0,80,1,2,7,36.0,44.0,32.42857142857143,0
2023-02-15,SKU_9,Category_5,40,1712.235573536319,0,87,2,2,7,37.0,29.0,31.428571428571427,0
2023-02-16,SKU_9,Category_5,29,1712.235573536319,0,45,3,2,7,40.0,40.0,33.0,0
2023-02-17,SKU_9,Category_5,30,1712.235573536319,0,76,4,2,7,29.0,15.0,31.428571428571427,0
2023-02-18,SKU_9,Category_5,34,1712.235573536319,0,97,5,2,7,30.0,40.0,33.57142857142857,0
2023-02-19,SKU_9,Category_5,46,1712.235573536319,0,63,6,2,7,34.0,23.0,32.714285714285715,0
2023-02-20,SKU_9,Category_5,22,1712.235573536319,0,70,0,2,8,46.0,36.0,36.0,0
2023-02-21,SKU_9,Category_5,25,1712.235573536319,0,62,1,2,8,22.0,37.0,34.0,0
2023-02-22,SKU_9,Category_5,39,1712.235573536319,0,71,2,2,8,25.0,40.0,32.285714285714285,0
2023-02-23,SKU_9,Category_5,28,1712.235573536319,0,73,3,2,8,39.0,29.0,32.142857142857146,0
2023-02-24,SKU_9,Category_5,35,1712.235573536319,0,58,4,2,8,28.0,30.0,32.0,0
2023-02-25,SKU_9,Category_5,22,1712.235573536319,0,22,5,2,8,35.0,34.0,32.714285714285715,1
2023-02-26,SKU_9,Category_5,27,1712.235573536319,0,27,6,2,8,22.0,46.0,31.0,1
2023-02-27,SKU_9,Category_5,30,1712.235573536319,0,51,0,2,9,27.0,22.0,28.285714285714285,0
2023-02-28,SKU_9,Category_5,29,1712.235573536319,0,46,1,2,9,30.0,25.0,29.428571428571427,0
2023-03-01,SKU_9,Category_5,22,1712.235573536319,0,22,2,3,9,29.0,39.0,30.0,1
2023-03-02,SKU_9,Category_5,31,1712.235573536319,0,55,3,3,9,22.0,28.0,27.571428571428573,0
2023-03-03,SKU_9,Category_5,46,1712.235573536319,1,46,4,3,9,31.0,35.0,28.0,1
2023-03-04,SKU_9,Category_5,51,1712.235573536319,0,80,5,3,9,46.0,22.0,29.571428571428573,0
2023-03-05,SKU_9,Category_5,35,1712.235573536319,0,35,6,3,9,51.0,27.0,33.714285714285715,1
2023-03-06,SKU_9,Category_5,12,1712.235573536319,0,12,0,3,10,35.0,30.0,34.857142857142854,1
2023-03-07,SKU_9,Category_5,38,1712.235573536319,0,38,1,3,10,12.0,29.0,32.285714285714285,1
2023-03-08,SKU_9,Category_5,22,1712.235573536319,0,22,2,3,10,38.0,22.0,33.57142857142857,1
2023-03-09,SKU_9,Category_5,28,1712.235573536319,0,98,3,3,10,22.0,31.0,33.57142857142857,0
2023-03-10,SKU_9,Category_5,36,1712.235573536319,0,67,4,3,10,28.0,46.0,33.142857142857146,0
2023-03-11,SKU_9,Category_5,15,1712.235573536319,0,15,5,3,10,36.0,51.0,31.714285714285715,1
2023-03-12,SKU_9,Category_5,38,1712.235573536319,0,77,6,3,10,15.0,35.0,26.571428571428573,0
2023-03-13,SKU_9,Category_5,30,1712.235573536319,0,65,0,3,11,38.0,12.0,27.0,0
2023-03-14,SKU_9,Category_5,35,1712.235573536319,0,96,1,3,11,30.0,38.0,29.571428571428573,0
2023-03-15,SKU_9,Category_5,23,1712.235573536319,0,85,2,3,11,35.0,22.0,29.142857142857142,0
2023-03-16,SKU_9,Category_5,32,1712.235573536319,0,93,3,3,11,23.0,28.0,29.285714285714285,0
2023-03-17,SKU_9,Category_5,32,1712.235573536319,0,57,4,3,11,32.0,36.0,29.857142857142858,0
2023-03-18,SKU_9,Category_5,48,1712.235573536319,0,50,5,3,11,32.0,15.0,29.285714285714285,0
2023-03-19,SKU_9,Category_5,48,1712.235573536319,0,59,6,3,11,48.0,38.0,34.0,0
2023-03-20,SKU_9,Category_5,34,1712.235573536319,0,90,0,3,12,48.0,30.0,35.42857142857143,0
2023-03-21,SKU_9,Category_5,21,1712.235573536319,0,21,1,3,12,34.0,35.0,36.0,1
2023-03-22,SKU_9,Category_5,36,1712.235573536319,0,68,2,3,12,21.0,23.0,34.0,0
2023-03-23,SKU_9,Category_5,25,1712.235573536319,0,25,3,3,12,36.0,32.0,35.857142857142854,1
2023-03-24,SKU_9,Category_5,37,1712.235573536319,0,69,4,3,12,25.0,32.0,34.857142857142854,0
2023-03-25,SKU_9,Category_5,22,1712.235573536319,0,22,5,3,12,37.0,48.0,35.57142857142857,1
2023-03-26,SKU_9,Category_5,44,1712.235573536319,0,59,6,3,12,22.0,48.0,31.857142857142858,0
2023-03-27,SKU_9,Category_5,27,1712.235573536319,0,49,0,3,13,44.0,34.0,31.285714285714285,0
2023-03-28,SKU_9,Category_5,26,1712.235573536319,0,88,1,3,13,27.0,21.0,30.285714285714285,0
2023-03-29,SKU_9,Category_5,55,1712.235573536319,1,66,2,3,13,26.0,36.0,31.0,0
2023-03-30,SKU_9,Category_5,31,1712.235573536319,0,64,3,3,13,55.0,25.0,33.714285714285715,0
2023-03-31,SKU_9,Category_5,14,1712.235573536319,0,14,4,3,13,31.0,37.0,34.57142857142857,1
2023-04-01,SKU_9,Category_5,64,1712.235573536319,1,89,5,4,13,14.0,22.0,31.285714285714285,0
2023-04-02,SKU_9,Category_5,33,1712.235573536319,0,96,6,4,13,64.0,44.0,37.285714285714285,0
2023-04-03,SKU_9,Category_5,22,1712.235573536319,0,77,0,4,14,33.0,27.0,35.714285714285715,0
2023-04-04,SKU_9,Category_5,35,1712.235573536319,0,95,1,4,14,22.0,26.0,35.0,0
2023-04-05,SKU_9,Category_5,24,1712.235573536319,0,24,2,4,14,35.0,55.0,36.285714285714285,1
2023-04-06,SKU_9,Category_5,33,1712.235573536319,0,82,3,4,14,24.0,31.0,31.857142857142858,0
2023-04-07,SKU_9,Category_5,32,1712.235573536319,0,47,4,4,14,33.0,14.0,32.142857142857146,0
2023-04-08,SKU_9,Category_5,48,1712.235573536319,0,96,5,4,14,32.0,64.0,34.714285714285715,0
2023-04-09,SKU_9,Category_5,33,1712.235573536319,0,39,6,4,14,48.0,33.0,32.42857142857143,0
2023-04-10,SKU_9,Category_5,35,1712.235573536319,0,42,0,4,15,33.0,22.0,32.42857142857143,0
2023-04-11,SKU_9,Category_5,16,1712.235573536319,0,16,1,4,15,35.0,35.0,34.285714285714285,1
2023-04-12,SKU_9,Category_5,27,1712.235573536319,0,54,2,4,15,16.0,24.0,31.571428571428573,0
2023-04-13,SKU_9,Category_5,20,1712.235573536319,0,20,3,4,15,27.0,33.0,32.0,1
2023-04-14,SKU_9,Category_5,21,1712.235573536319,0,21,4,4,15,20.0,32.0,30.142857142857142,1
2023-04-15,SKU_9,Category_5,44,1712.235573536319,0,59,5,4,15,21.0,48.0,28.571428571428573,0
2023-04-16,SKU_9,Category_5,40,1712.235573536319,0,44,6,4,15,44.0,33.0,28.0,0
2023-04-17,SKU_9,Category_5,29,1712.235573536319,0,96,0,4,16,40.0,35.0,29.0,0
2023-04-18,SKU_9,Category_5,26,1712.235573536319,0,72,1,4,16,29.0,16.0,28.142857142857142,0
2023-04-19,SKU_9,Category_5,32,1712.235573536319,0,70,2,4,16,26.0,27.0,29.571428571428573,0
2023-04-20,SKU_9,Category_5,36,1712.235573536319,0,88,3,4,16,32.0,20.0,30.285714285714285,0
2023-04-21,SKU_9,Category_5,25,1712.235573536319,0,29,4,4,16,36.0,21.0,32.57142857142857,0
2023-04-22,SKU_9,Category_5,36,1712.235573536319,0,78,5,4,16,25.0,44.0,33.142857142857146,0
2023-04-23,SKU_9,Category_5,37,1712.235573536319,0,66,6,4,16,36.0,40.0,32.0,0
2023-04-24,SKU_9,Category_5,10,1712.235573536319,0,10,0,4,17,37.0,29.0,31.571428571428573,1
2023-04-25,SKU_9,Category_5,25,1712.235573536319,0,60,1,4,17,10.0,26.0,28.857142857142858,0
2023-04-26,SKU_9,Category_5,36,1712.235573536319,0,77,2,4,17,25.0,32.0,28.714285714285715,0
2023-04-27,SKU_9,Category_5,20,1712.235573536319,0,77,3,4,17,36.0,36.0,29.285714285714285,0
2023-04-28,SKU_9,Category_5,33,1712.235573536319,0,71,4,4,17,20.0,25.0,27.0,0
2023-04-29,SKU_9,Category_5,35,1712.235573536319,1,35,5,4,17,33.0,36.0,28.142857142857142,1
2023-04-30,SKU_9,Category_5,28,1712.235573536319,0,28,6,4,17,35.0,37.0,28.0,1
2023-05-01,SKU_9,Category_5,40,1712.235573536319,0,89,0,5,18,28.0,10.0,26.714285714285715,0
2023-05-02,SKU_9,Category_5,30,1712.235573536319,0,31,1,5,18,40.0,25.0,31.0,0
2023-05-03,SKU_9,Category_5,17,1712.235573536319,0,17,2,5,18,30.0,36.0,31.714285714285715,1
2023-05-04,SKU_9,Category_5,27,1712.235573536319,0,27,3,5,18,17.0,20.0,29.0,1
2023-05-05,SKU_9,Category_5,29,1712.235573536319,0,35,4,5,18,27.0,33.0,30.0,0
2023-05-06,SKU_9,Category_5,35,1712.235573536319,0,35,5,5,18,29.0,35.0,29.428571428571427,1
2023-05-07,SKU_9,Category_5,42,1712.235573536319,0,63,6,5,18,35.0,28.0,29.428571428571427,0
2023-05-08,SKU_9,Category_5,24,1712.235573536319,0,24,0,5,19,42.0,40.0,31.428571428571427,1
2023-05-09,SKU_9,Category_5,46,1712.235573536319,1,71,1,5,19,24.0,30.0,29.142857142857142,0
2023-05-10,SKU_9,Category_5,34,1712.235573536319,0,48,2,5,19,46.0,17.0,31.428571428571427,0
2023-05-11,SKU_9,Category_5,50,1712.235573536319,1,89,3,5,19,34.0,27.0,33.857142857142854,0
2023-05-12,SKU_9,Category_5,35,1712.235573536319,0,79,4,5,19,50.0,29.0,37.142857142857146,0
2023-05-13,SKU_9,Category_5,18,1712.235573536319,0,18,5,5,19,35.0,35.0,38.0,1
2023-05-14,SKU_9,Category_5,41,1712.235573536319,0,90,6,5,19,18.0,42.0,35.57142857142857,0
2023-05-15,SKU_9,Category_5,34,1712.235573536319,0,73,0,5,20,41.0,24.0,35.42857142857143,0
2023-05-16,SKU_9,Category_5,18,1712.235573536319,0,43,1,5,20,34.0,46.0,36.857142857142854,0
2023-05-17,SKU_9,Category_5,22,1712.235573536319,0,22,2,5,20,18.0,34.0,32.857142857142854,1
2023-05-18,SKU_9,Category_5,36,1712.235573536319,0,54,3,5,20,22.0,50.0,31.142857142857142,0
2023-05-19,SKU_9,Category_5,14,1712.235573536319,0,14,4,5,20,36.0,35.0,29.142857142857142,1
2023-05-20,SKU_9,Category_5,14,1712.235573536319,0,14,5,5,20,14.0,18.0,26.142857142857142,1
2023-05-21,SKU_9,Category_5,27,1712.235573536319,0,27,6,5,20,14.0,41.0,25.571428571428573,1
2023-05-22,SKU_9,Category_5,19,1712.235573536319,0,19,0,5,21,27.0,34.0,23.571428571428573,1
2023-05-23,SKU_9,Category_5,37,1712.235573536319,0,69,1,5,21,19.0,18.0,21.428571428571427,0
2023-05-24,SKU_9,Category_5,32,1712.235573536319,1,32,2,5,21,37.0,22.0,24.142857142857142,1
2023-05-25,SKU_9,Category_5,32,1712.235573536319,0,48,3,5,21,32.0,36.0,25.571428571428573,0
2023-05-26,SKU_9,Category_5,39,1712.235573536319,0,79,4,5,21,32.0,14.0,25.0,0
2023-05-27,SKU_9,Category_5,40,1712.235573536319,0,69,5,5,21,39.0,14.0,28.571428571428573,0
2023-05-28,SKU_9,Category_5,21,1712.235573536319,1,21,6,5,21,40.0,27.0,32.285714285714285,1
2023-05-29,SKU_9,Category_5,22,1712.235573536319,0,57,0,5,22,21.0,19.0,31.428571428571427,0
2023-05-30,SKU_9,Category_5,29,1712.235573536319,0,53,1,5,22,22.0,37.0,31.857142857142858,0
2023-05-31,SKU_9,Category_5,47,1712.235573536319,1,48,2,5,22,29.0,32.0,30.714285714285715,0
2023-06-01,SKU_9,Category_5,36,1712.235573536319,0,74,3,6,22,47.0,32.0,32.857142857142854,0
2023-06-02,SKU_9,Category_5,35,1712.235573536319,0,99,4,6,22,36.0,39.0,33.42857142857143,0
2023-06-03,SKU_9,Category_5,29,1712.235573536319,0,29,5,6,22,35.0,40.0,32.857142857142854,1
2023-06-04,SKU_9,Category_5,51,1712.235573536319,0,55,6,6,22,29.0,21.0,31.285714285714285,0
2023-06-05,SKU_9,Category_5,33,1712.235573536319,0,55,0,6,23,51.0,22.0,35.57142857142857,0
2023-06-06,SKU_9,Category_5,31,1712.235573536319,0,57,1,6,23,33.0,29.0,37.142857142857146,0
2023-06-07,SKU_9,Category_5,27,1712.235573536319,0,27,2,6,23,31.0,47.0,37.42857142857143,1
2023-06-08,SKU_9,Category_5,59,1712.235573536319,1,83,3,6,23,27.0,36.0,34.57142857142857,0
2023-06-09,SKU_9,Category_5,33,1712.235573536319,0,33,4,6,23,59.0,35.0,37.857142857142854,1
2023-06-10,SKU_9,Category_5,11,1712.235573536319,0,11,5,6,23,33.0,29.0,37.57142857142857,1
2023-06-11,SKU_9,Category_5,28,1712.235573536319,0,51,6,6,23,11.0,51.0,35.0,0
2023-06-12,SKU_9,Category_5,31,1712.235573536319,0,54,0,6,24,28.0,33.0,31.714285714285715,0
2023-06-13,SKU_9,Category_5,26,1712.235573536319,0,51,1,6,24,31.0,31.0,31.428571428571427,0
2023-06-14,SKU_9,Category_5,26,1712.235573536319,0,43,2,6,24,26.0,27.0,30.714285714285715,0
2023-06-15,SKU_9,Category_5,27,1712.235573536319,1,27,3,6,24,26.0,59.0,30.571428571428573,1
2023-06-16,SKU_9,Category_5,42,1712.235573536319,1,51,4,6,24,27.0,33.0,26.0,0
2023-06-17,SKU_9,Category_5,38,1712.235573536319,0,81,5,6,24,42.0,11.0,27.285714285714285,0
2023-06-18,SKU_9,Category_5,14,1712.235573536319,0,14,6,6,24,38.0,28.0,31.142857142857142,1
2023-06-19,SKU_9,Category_5,27,1712.235573536319,0,71,0,6,25,14.0,31.0,29.142857142857142,0
2023-06-20,SKU_9,Category_5,27,1712.235573536319,0,99,1,6,25,27.0,26.0,28.571428571428573,0
2023-06-21,SKU_9,Category_5,28,1712.235573536319,0,57,2,6,25,27.0,26.0,28.714285714285715,0
2023-06-22,SKU_9,Category_5,31,1712.235573536319,0,40,3,6,25,28.0,27.0,29.0,0
2023-06-23,SKU_9,Category_5,31,1712.235573536319,0,35,4,6,25,31.0,42.0,29.571428571428573,0
2023-06-24,SKU_9,Category_5,22,1712.235573536319,0,22,5,6,25,31.0,38.0,28.0,1
2023-06-25,SKU_9,Category_5,46,1712.235573536319,0,86,6,6,25,22.0,14.0,25.714285714285715,0
2023-06-26,SKU_9,Category_5,47,1712.235573536319,1,72,0,6,26,46.0,27.0,30.285714285714285,0
2023-06-27,SKU_9,Category_5,37,1712.235573536319,1,37,1,6,26,47.0,27.0,33.142857142857146,1
2023-06-28,SKU_9,Category_5,34,1712.235573536319,0,71,2,6,26,37.0,28.0,34.57142857142857,0
2023-06-29,SKU_9,Category_5,45,1712.235573536319,1,76,3,6,26,34.0,31.0,35.42857142857143,0
2023-06-30,SKU_9,Category_5,36,1712.235573536319,0,45,4,6,26,45.0,31.0,37.42857142857143,0
2023-07-01,SKU_9,Category_5,40,1712.235573536319,0,87,5,7,26,36.0,22.0,38.142857142857146,0
2023-07-02,SKU_9,Category_5,62,1712.235573536319,1,95,6,7,26,40.0,46.0,40.714285714285715,0
2023-07-03,SKU_9,Category_5,27,1712.235573536319,0,85,0,7,27,62.0,47.0,43.0,0
2023-07-04,SKU_9,Category_5,38,1712.235573536319,0,60,1,7,27,27.0,37.0,40.142857142857146,0
2023-07-05,SKU_9,Category_5,33,1712.235573536319,0,33,2,7,27,38.0,34.0,40.285714285714285,1
2023-07-06,SKU_9,Category_5,35,1712.235573536319,0,53,3,7,27,33.0,45.0,40.142857142857146,0
2023-07-07,SKU_9,Category_5,28,1712.235573536319,0,77,4,7,27,35.0,36.0,38.714285714285715,0
2023-07-08,SKU_9,Category_5,28,1712.235573536319,0,28,5,7,27,28.0,40.0,37.57142857142857,1
2023-07-09,SKU_9,Category_5,20,1712.235573536319,0,20,6,7,27,28.0,62.0,35.857142857142854,1
2023-07-10,SKU_9,Category_5,12,1712.235573536319,0,12,0,7,28,20.0,27.0,29.857142857142858,1
2023-07-11,SKU_9,Category_5,28,1712.235573536319,0,37,1,7,28,12.0,38.0,27.714285714285715,0
2023-07-12,SKU_9,Category_5,33,1712.235573536319,0,36,2,7,28,28.0,33.0,26.285714285714285,0
2023-07-13,SKU_9,Category_5,22,1712.235573536319,0,22,3,7,28,33.0,35.0,26.285714285714285,1
2023-07-14,SKU_9,Category_5,26,1712.235573536319,0,27,4,7,28,22.0,28.0,24.428571428571427,0
2023-07-15,SKU_9,Category_5,41,1712.235573536319,0,46,5,7,28,26.0,28.0,24.142857142857142,0
2023-07-16,SKU_9,Category_5,32,1712.235573536319,0,32,6,7,28,41.0,20.0,26.0,1
2023-07-17,SKU_9,Category_5,31,1712.235573536319,0,38,0,7,29,32.0,12.0,27.714285714285715,0
2023-07-18,SKU_9,Category_5,26,1712.235573536319,0,92,1,7,29,31.0,28.0,30.428571428571427,0
2023-07-19,SKU_9,Category_5,44,1712.235573536319,1,96,2,7,29,26.0,33.0,30.142857142857142,0
2023-07-20,SKU_9,Category_5,22,1712.235573536319,0,89,3,7,29,44.0,22.0,31.714285714285715,0
2023-07-21,SKU_9,Category_5,28,1712.235573536319,0,92,4,7,29,22.0,26.0,31.714285714285715,0
2023-07-22,SKU_9,Category_5,23,1712.235573536319,0,23,5,7,29,28.0,41.0,32.0,1
2023-07-23,SKU_9,Category_5,39,1712.235573536319,0,81,6,7,29,23.0,32.0,29.428571428571427,0
2023-07-24,SKU_9,Category_5,26,1712.235573536319,0,65,0,7,30,39.0,31.0,30.428571428571427,0
2023-07-25,SKU_9,Category_5,39,1712.235573536319,0,57,1,7,30,26.0,26.0,29.714285714285715,0
2023-07-26,SKU_9,Category_5,35,1712.235573536319,0,71,2,7,30,39.0,44.0,31.571428571428573,0
2023-07-27,SKU_9,Category_5,19,1712.235573536319,0,19,3,7,30,35.0,22.0,30.285714285714285,1
2023-07-28,SKU_9,Category_5,38,1712.235573536319,0,65,4,7,30,19.0,28.0,29.857142857142858,0
2023-07-29,SKU_9,Category_5,22,1712.235573536319,0,22,5,7,30,38.0,23.0,31.285714285714285,1
2023-07-30,SKU_9,Category_5,53,1712.235573536319,0,88,6,7,30,22.0,39.0,31.142857142857142,0
2023-07-31,SKU_9,Category_5,38,1712.235573536319,0,78,0,7,31,53.0,26.0,33.142857142857146,0
2023-08-01,SKU_9,Category_5,30,1712.235573536319,0,40,1,8,31,38.0,39.0,34.857142857142854,0
2023-08-02,SKU_9,Category_5,29,1712.235573536319,0,81,2,8,31,30.0,35.0,33.57142857142857,0
2023-08-03,SKU_9,Category_5,34,1712.235573536319,0,75,3,8,31,29.0,19.0,32.714285714285715,0
2023-08-04,SKU_9,Category_5,26,1712.235573536319,0,26,4,8,31,34.0,38.0,34.857142857142854,1
2023-08-05,SKU_9,Category_5,20,1712.235573536319,0,20,5,8,31,26.0,22.0,33.142857142857146,1
2023-08-06,SKU_9,Category_5,35,1712.235573536319,0,51,6,8,31,20.0,53.0,32.857142857142854,0
2023-08-07,SKU_9,Category_5,36,1712.235573536319,0,36,0,8,32,35.0,38.0,30.285714285714285,1
2023-08-08,SKU_9,Category_5,25,1712.235573536319,0,95,1,8,32,36.0,30.0,30.0,0
2023-08-09,SKU_9,Category_5,31,1712.235573536319,0,90,2,8,32,25.0,29.0,29.285714285714285,0
2023-08-10,SKU_9,Category_5,16,1712.235573536319,1,16,3,8,32,31.0,34.0,29.571428571428573,1
2023-08-11,SKU_9,Category_5,30,1712.235573536319,0,56,4,8,32,16.0,26.0,27.0,0
2023-08-12,SKU_9,Category_5,45,1712.235573536319,0,52,5,8,32,30.0,20.0,27.571428571428573,0
2023-08-13,SKU_9,Category_5,39,1712.235573536319,0,69,6,8,32,45.0,35.0,31.142857142857142,0
2023-08-14,SKU_9,Category_5,11,1712.235573536319,1,11,0,8,33,39.0,36.0,31.714285714285715,1
2023-08-15,SKU_9,Category_5,38,1712.235573536319,0,68,1,8,33,11.0,25.0,28.142857142857142,0
2023-08-16,SKU_9,Category_5,12,1712.235573536319,0,12,2,8,33,38.0,31.0,30.0,1
2023-08-17,SKU_9,Category_5,25,1712.235573536319,0,25,3,8,33,12.0,16.0,27.285714285714285,1
2023-08-18,SKU_9,Category_5,36,1712.235573536319,0,84,4,8,33,25.0,30.0,28.571428571428573,0
2023-08-19,SKU_9,Category_5,37,1712.235573536319,0,37,5,8,33,36.0,45.0,29.428571428571427,1
2023-08-20,SKU_9,Category_5,43,1712.235573536319,0,82,6,8,33,37.0,39.0,28.285714285714285,0
2023-08-21,SKU_9,Category_5,33,1712.235573536319,0,58,0,8,34,43.0,11.0,28.857142857142858,0
2023-08-22,SKU_9,Category_5,30,1712.235573536319,0,48,1,8,34,33.0,38.0,32.0,0
2023-08-23,SKU_9,Category_5,25,1712.235573536319,0,69,2,8,34,30.0,12.0,30.857142857142858,0
2023-08-24,SKU_9,Category_5,30,1712.235573536319,0,75,3,8,34,25.0,25.0,32.714285714285715,0
2023-08-25,SKU_9,Category_5,33,1712.235573536319,0,57,4,8,34,30.0,36.0,33.42857142857143,0
2023-08-26,SKU_9,Category_5,48,1712.235573536319,0,51,5,8,34,33.0,37.0,33.0,0
2023-08-27,SKU_9,Category_5,45,1712.235573536319,0,91,6,8,34,48.0,43.0,34.57142857142857,0
2023-08-28,SKU_9,Category_5,26,1712.235573536319,0,72,0,8,35,45.0,33.0,34.857142857142854,0
2023-08-29,SKU_9,Category_5,35,1712.235573536319,0,74,1,8,35,26.0,30.0,33.857142857142854,0
2023-08-30,SKU_9,Category_5,23,1712.235573536319,0,80,2,8,35,35.0,25.0,34.57142857142857,0
2023-08-31,SKU_9,Category_5,19,1712.235573536319,0,19,3,8,35,23.0,30.0,34.285714285714285,1
2023-09-01,SKU_9,Category_5,34,1712.235573536319,0,94,4,9,35,19.0,33.0,32.714285714285715,0
2023-09-02,SKU_9,Category_5,36,1712.235573536319,1,36,5,9,35,34.0,48.0,32.857142857142854,1
2023-09-03,SKU_9,Category_5,13,1712.235573536319,0,13,6,9,35,36.0,45.0,31.142857142857142,1
2023-09-04,SKU_9,Category_5,34,1712.235573536319,0,90,0,9,36,13.0,26.0,26.571428571428573,0
2023-09-05,SKU_9,Category_5,23,1712.235573536319,0,58,1,9,36,34.0,35.0,27.714285714285715,0
2023-09-06,SKU_9,Category_5,33,1712.235573536319,0,62,2,9,36,23.0,23.0,26.0,0
2023-09-07,SKU_9,Category_5,24,1712.235573536319,0,85,3,9,36,33.0,19.0,27.428571428571427,0
2023-09-08,SKU_9,Category_5,16,1712.235573536319,0,16,4,9,36,24.0,34.0,28.142857142857142,1
2023-09-09,SKU_9,Category_5,22,1712.235573536319,0,22,5,9,36,16.0,36.0,25.571428571428573,1
2023-09-10,SKU_9,Category_5,42,1712.235573536319,0,54,6,9,36,22.0,13.0,23.571428571428573,0
2023-09-11,SKU_9,Category_5,23,1712.235573536319,0,65,0,9,37,42.0,34.0,27.714285714285715,0
2023-09-12,SKU_9,Category_5,23,1712.235573536319,0,39,1,9,37,23.0,23.0,26.142857142857142,0
2023-09-13,SKU_9,Category_5,39,1712.235573536319,0,69,2,9,37,23.0,33.0,26.142857142857142,0
2023-09-14,SKU_9,Category_5,30,1712.235573536319,0,43,3,9,37,39.0,24.0,27.0,0
2023-09-15,SKU_9,Category_5,37,1712.235573536319,0,69,4,9,37,30.0,16.0,27.857142857142858,0
2023-09-16,SKU_9,Category_5,36,1712.235573536319,0,90,5,9,37,37.0,22.0,30.857142857142858,0
2023-09-17,SKU_9,Category_5,46,1712.235573536319,0,95,6,9,37,36.0,42.0,32.857142857142854,0
2023-09-18,SKU_9,Category_5,27,1712.235573536319,0,43,0,9,38,46.0,23.0,33.42857142857143,0
2023-09-19,SKU_9,Category_5,34,1712.235573536319,0,57,1,9,38,27.0,23.0,34.0,0
2023-09-20,SKU_9,Category_5,28,1712.235573536319,0,41,2,9,38,34.0,39.0,35.57142857142857,0
2023-09-21,SKU_9,Category_5,31,1712.235573536319,0,62,3,9,38,28.0,30.0,34.0,0
2023-09-22,SKU_9,Category_5,33,1712.235573536319,0,95,4,9,38,31.0,37.0,34.142857142857146,0
2023-09-23,SKU_9,Category_5,42,1712.235573536319,0,69,5,9,38,33.0,36.0,33.57142857142857,0
2023-09-24,SKU_9,Category_5,46,1712.235573536319,0,90,6,9,38,42.0,46.0,34.42857142857143,0
2023-09-25,SKU_9,Category_5,50,1712.235573536319,1,99,0,9,39,46.0,27.0,34.42857142857143,0
2023-09-26,SKU_9,Category_5,13,1712.235573536319,0,13,1,9,39,50.0,34.0,37.714285714285715,1
2023-09-27,SKU_9,Category_5,39,1712.235573536319,0,39,2,9,39,13.0,28.0,34.714285714285715,1
2023-09-28,SKU_9,Category_5,32,1712.235573536319,1,32,3,9,39,39.0,31.0,36.285714285714285,1
2023-09-29,SKU_9,Category_5,36,1712.235573536319,0,81,4,9,39,32.0,33.0,36.42857142857143,0
2023-09-30,SKU_9,Category_5,39,1712.235573536319,0,89,5,9,39,36.0,42.0,36.857142857142854,0
2023-10-01,SKU_9,Category_5,16,1712.235573536319,0,16,6,10,39,39.0,46.0,36.42857142857143,1
2023-10-02,SKU_9,Category_5,29,1712.235573536319,0,56,0,10,40,16.0,50.0,32.142857142857146,0
2023-10-03,SKU_9,Category_5,19,1712.235573536319,0,19,1,10,40,29.0,13.0,29.142857142857142,1
2023-10-04,SKU_9,Category_5,29,1712.235573536319,0,90,2,10,40,19.0,39.0,30.0,0
2023-10-05,SKU_9,Category_5,25,1712.235573536319,0,25,3,10,40,29.0,32.0,28.571428571428573,1
2023-10-06,SKU_9,Category_5,25,1712.235573536319,0,78,4,10,40,25.0,36.0,27.571428571428573,0
2023-10-07,SKU_9,Category_5,46,1712.235573536319,0,78,5,10,40,25.0,39.0,26.0,0
2023-10-08,SKU_9,Category_5,52,1712.235573536319,0,91,6,10,40,46.0,16.0,27.0,0
2023-10-09,SKU_9,Category_5,21,1712.235573536319,1,21,0,10,41,52.0,29.0,32.142857142857146,1
2023-10-10,SKU_9,Category_5,28,1712.235573536319,0,52,1,10,41,21.0,19.0,31.0,0
2023-10-11,SKU_9,Category_5,32,1712.235573536319,0,91,2,10,41,28.0,29.0,32.285714285714285,0
2023-10-12,SKU_9,Category_5,19,1712.235573536319,0,19,3,10,41,32.0,25.0,32.714285714285715,1
2023-10-13,SKU_9,Category_5,34,1712.235573536319,0,90,4,10,41,19.0,25.0,31.857142857142858,0
2023-10-14,SKU_9,Category_5,41,1712.235573536319,0,56,5,10,41,34.0,46.0,33.142857142857146,0
2023-10-15,SKU_9,Category_5,53,1712.235573536319,1,62,6,10,41,41.0,52.0,32.42857142857143,0
2023-10-16,SKU_9,Category_5,11,1712.235573536319,0,11,0,10,42,53.0,21.0,32.57142857142857,1
2023-10-17,SKU_9,Category_5,47,1712.235573536319,1,66,1,10,42,11.0,28.0,31.142857142857142,0
2023-10-18,SKU_9,Category_5,28,1712.235573536319,0,42,2,10,42,47.0,32.0,33.857142857142854,0
2023-10-19,SKU_9,Category_5,28,1712.235573536319,0,82,3,10,42,28.0,19.0,33.285714285714285,0
2023-10-20,SKU_9,Category_5,28,1712.235573536319,0,92,4,10,42,28.0,34.0,34.57142857142857,0
2023-10-21,SKU_9,Category_5,42,1712.235573536319,0,80,5,10,42,28.0,41.0,33.714285714285715,0
2023-10-22,SKU_9,Category_5,31,1712.235573536319,0,72,6,10,42,42.0,53.0,33.857142857142854,0
2023-10-23,SKU_9,Category_5,30,1712.235573536319,0,95,0,10,43,31.0,11.0,30.714285714285715,0
2023-10-24,SKU_9,Category_5,26,1712.235573536319,0,59,1,10,43,30.0,47.0,33.42857142857143,0
2023-10-25,SKU_9,Category_5,38,1712.235573536319,0,75,2,10,43,26.0,28.0,30.428571428571427,0
2023-10-26,SKU_9,Category_5,14,1712.235573536319,0,14,3,10,43,38.0,28.0,31.857142857142858,1
2023-10-27,SKU_9,Category_5,36,1712.235573536319,0,67,4,10,43,14.0,28.0,29.857142857142858,0
2023-10-28,SKU_9,Category_5,30,1712.235573536319,0,30,5,10,43,36.0,42.0,31.0,1
2023-10-29,SKU_9,Category_5,39,1712.235573536319,0,99,6,10,43,30.0,31.0,29.285714285714285,0
2023-10-30,SKU_9,Category_5,31,1712.235573536319,0,68,0,10,44,39.0,30.0,30.428571428571427,0
2023-10-31,SKU_9,Category_5,10,1712.235573536319,0,10,1,10,44,31.0,26.0,30.571428571428573,1
2023-11-01,SKU_9,Category_5,24,1712.235573536319,0,27,2,11,44,10.0,38.0,28.285714285714285,0
2023-11-02,SKU_9,Category_5,26,1712.235573536319,0,39,3,11,44,24.0,14.0,26.285714285714285,0
2023-11-03,SKU_9,Category_5,15,1712.235573536319,0,15,4,11,44,26.0,36.0,28.0,1
2023-11-04,SKU_9,Category_5,37,1712.235573536319,0,52,5,11,44,15.0,30.0,25.0,0
2023-11-05,SKU_9,Category_5,31,1712.235573536319,0,31,6,11,44,37.0,39.0,26.0,1
2023-11-06,SKU_9,Category_5,25,1712.235573536319,0,83,0,11,45,31.0,31.0,24.857142857142858,0
2023-11-07,SKU_9,Category_5,35,1712.235573536319,0,96,1,11,45,25.0,10.0,24.0,0
2023-11-08,SKU_9,Category_5,27,1712.235573536319,0,30,2,11,45,35.0,24.0,27.571428571428573,0
2023-11-09,SKU_9,Category_5,18,1712.235573536319,0,18,3,11,45,27.0,26.0,28.0,1
2023-11-10,SKU_9,Category_5,24,1712.235573536319,0,33,4,11,45,18.0,15.0,26.857142857142858,0
2023-11-11,SKU_9,Category_5,14,1712.235573536319,0,14,5,11,45,24.0,37.0,28.142857142857142,1
2023-11-12,SKU_9,Category_5,13,1712.235573536319,0,13,6,11,45,14.0,31.0,24.857142857142858,1
2023-11-13,SKU_9,Category_5,35,1712.235573536319,0,54,0,11,46,13.0,25.0,22.285714285714285,0
2023-11-14,SKU_9,Category_5,27,1712.235573536319,0,37,1,11,46,35.0,35.0,23.714285714285715,0
2023-11-15,SKU_9,Category_5,26,1712.235573536319,0,35,2,11,46,27.0,27.0,22.571428571428573,0
2023-11-16,SKU_9,Category_5,37,1712.235573536319,0,48,3,11,46,26.0,18.0,22.428571428571427,0
2023-11-17,SKU_9,Category_5,22,1712.235573536319,0,22,4,11,46,37.0,24.0,25.142857142857142,1
2023-11-18,SKU_9,Category_5,32,1712.235573536319,0,41,5,11,46,22.0,14.0,24.857142857142858,0
2023-11-19,SKU_9,Category_5,46,1712.235573536319,0,77,6,11,46,32.0,13.0,27.428571428571427,0
2023-11-20,SKU_9,Category_5,28,1712.235573536319,0,28,0,11,47,46.0,35.0,32.142857142857146,1
2023-11-21,SKU_9,Category_5,26,1712.235573536319,0,54,1,11,47,28.0,27.0,31.142857142857142,0
2023-11-22,SKU_9,Category_5,37,1712.235573536319,0,76,2,11,47,26.0,26.0,31.0,0
2023-11-23,SKU_9,Category_5,32,1712.235573536319,0,49,3,11,47,37.0,37.0,32.57142857142857,0
2023-11-24,SKU_9,Category_5,33,1712.235573536319,0,33,4,11,47,32.0,22.0,31.857142857142858,1
2023-11-25,SKU_9,Category_5,32,1712.235573536319,0,32,5,11,47,33.0,32.0,33.42857142857143,1
2023-11-26,SKU_9,Category_5,30,1712.235573536319,0,30,6,11,47,32.0,46.0,33.42857142857143,1
2023-11-27,SKU_9,Category_5,17,1712.235573536319,0,17,0,11,48,30.0,28.0,31.142857142857142,1
2023-11-28,SKU_9,Category_5,38,1712.235573536319,1,57,1,11,48,17.0,26.0,29.571428571428573,0
2023-11-29,SKU_9,Category_5,45,1712.235573536319,0,62,2,11,48,38.0,37.0,31.285714285714285,0
2023-11-30,SKU_9,Category_5,36,1712.235573536319,0,76,3,11,48,45.0,32.0,32.42857142857143,0
2023-12-01,SKU_9,Category_5,12,1712.235573536319,0,12,4,12,48,36.0,33.0,33.0,1
2023-12-02,SKU_9,Category_5,43,1712.235573536319,0,95,5,12,48,12.0,32.0,30.0,0
2023-12-03,SKU_9,Category_5,40,1712.235573536319,0,42,6,12,48,43.0,30.0,31.571428571428573,0
2023-12-04,SKU_9,Category_5,28,1712.235573536319,0,92,0,12,49,40.0,17.0,33.0,0
2023-12-05,SKU_9,Category_5,27,1712.235573536319,0,35,1,12,49,28.0,38.0,34.57142857142857,0
2023-12-06,SKU_9,Category_5,11,1712.235573536319,0,11,2,12,49,27.0,45.0,33.0,1
2023-12-07,SKU_9,Category_5,48,1712.235573536319,1,59,3,12,49,11.0,36.0,28.142857142857142,0
2023-12-08,SKU_9,Category_5,22,1712.235573536319,0,22,4,12,49,48.0,12.0,29.857142857142858,1
2023-12-09,SKU_9,Category_5,22,1712.235573536319,0,22,5,12,49,22.0,43.0,31.285714285714285,1
2023-12-10,SKU_9,Category_5,59,1712.235573536319,1,99,6,12,49,22.0,40.0,28.285714285714285,0
2023-12-11,SKU_9,Category_5,27,1712.235573536319,0,99,0,12,50,59.0,28.0,31.0,0
2023-12-12,SKU_9,Category_5,24,1712.235573536319,0,44,1,12,50,27.0,27.0,30.857142857142858,0
2023-12-13,SKU_9,Category_5,37,1712.235573536319,0,94,2,12,50,24.0,11.0,30.428571428571427,0
2023-12-14,SKU_9,Category_5,30,1712.235573536319,0,60,3,12,50,37.0,48.0,34.142857142857146,0
2023-12-15,SKU_9,Category_5,33,1712.235573536319,0,42,4,12,50,30.0,22.0,31.571428571428573,0
2023-12-16,SKU_9,Category_5,49,1712.235573536319,0,61,5,12,50,33.0,22.0,33.142857142857146,0
2023-12-17,SKU_9,Category_5,41,1712.235573536319,0,89,6,12,50,49.0,59.0,37.0,0
2023-12-18,SKU_9,Category_5,19,1712.235573536319,0,19,0,12,51,41.0,27.0,34.42857142857143,1
2023-12-19,SKU_9,Category_5,26,1712.235573536319,0,26,1,12,51,19.0,24.0,33.285714285714285,1
2023-12-20,SKU_9,Category_5,29,1712.235573536319,0,67,2,12,51,26.0,37.0,33.57142857142857,0
2023-12-21,SKU_9,Category_5,24,1712.235573536319,0,45,3,12,51,29.0,30.0,32.42857142857143,0
2023-12-22,SKU_9,Category_5,31,1712.235573536319,0,34,4,12,51,24.0,33.0,31.571428571428573,0
2023-12-23,SKU_9,Category_5,40,1712.235573536319,0,59,5,12,51,31.0,49.0,31.285714285714285,0
2023-12-24,SKU_9,Category_5,49,1712.235573536319,0,81,6,12,51,40.0,41.0,30.0,0
2023-12-25,SKU_9,Category_5,29,1712.235573536319,0,69,0,12,52,49.0,19.0,31.142857142857142,0
2023-12-26,SKU_9,Category_5,29,1712.235573536319,0,84,1,12,52,29.0,26.0,32.57142857142857,0
2023-12-27,SKU_9,Category_5,15,1712.235573536319,0,15,2,12,52,29.0,29.0,33.0,1
2023-12-28,SKU_9,Category_5,31,1712.235573536319,0,89,3,12,52,15.0,24.0,31.0,0
2023-12-29,SKU_9,Category_5,26,1712.235573536319,0,51,4,12,52,31.0,31.0,32.0,0
2023-12-30,SKU_9,Category_5,46,1712.235573536319,0,87,5,12,52,26.0,40.0,31.285714285714285,0
2023-12-31,SKU_9,Category_5,37,1712.235573536319,0,53,6,12,52,46.0,49.0,32.142857142857146,0
