date,sku_id,category,units_sold,price,promotion_flag,inventory_level
2023-01-01,SKU_1,Category_2,36,1694.8144802903494,0,92
2023-01-02,SKU_1,Category_2,32,1694.8144802903494,0,84
2023-01-03,SKU_1,Category_2,31,1694.8144802903494,0,31
2023-01-04,SKU_1,Category_2,29,1694.8144802903494,0,97
2023-01-05,SKU_1,Category_2,23,1694.8144802903494,0,30
2023-01-06,SKU_1,Category_2,23,1694.8144802903494,0,67
2023-01-07,SKU_1,Category_2,25,1694.8144802903494,0,68
2023-01-08,SKU_1,Category_2,30,1694.8144802903494,0,69
2023-01-09,SKU_1,Category_2,33,1694.8144802903494,0,60
2023-01-10,SKU_1,Category_2,24,1694.8144802903494,0,73
2023-01-11,SKU_1,Category_2,28,1694.8144802903494,0,82
2023-01-12,SKU_1,Category_2,13,1694.8144802903494,0,13
2023-01-13,SKU_1,Category_2,28,1694.8144802903494,1,99
2023-01-14,SKU_1,Category_2,39,1694.8144802903494,0,93
2023-01-15,SKU_1,Category_2,17,1694.8144802903494,0,17
2023-01-16,SKU_1,Category_2,33,1694.8144802903494,0,87
2023-01-17,SKU_1,Category_2,15,1694.8144802903494,0,15
2023-01-18,SKU_1,Category_2,13,1694.8144802903494,0,13
2023-01-19,SKU_1,Category_2,29,1694.8144802903494,0,81
2023-01-20,SKU_1,Category_2,26,1694.8144802903494,0,71
2023-01-21,SKU_1,Category_2,26,1694.8144802903494,0,62
2023-01-22,SKU_1,Category_2,30,1694.8144802903494,0,98
2023-01-23,SKU_1,Category_2,20,1694.8144802903494,0,24
2023-01-24,SKU_1,Category_2,26,1694.8144802903494,0,98
2023-01-25,SKU_1,Category_2,35,1694.8144802903494,1,97
2023-01-26,SKU_1,Category_2,29,1694.8144802903494,0,90
2023-01-27,SKU_1,Category_2,28,1694.8144802903494,0,50
2023-01-28,SKU_1,Category_2,57,1694.8144802903494,1,82
2023-01-29,SKU_1,Category_2,31,1694.8144802903494,0,32
2023-01-30,SKU_1,Category_2,25,1694.8144802903494,0,46
2023-01-31,SKU_1,Category_2,30,1694.8144802903494,0,74
2023-02-01,SKU_1,Category_2,27,1694.8144802903494,0,56
2023-02-02,SKU_1,Category_2,23,1694.8144802903494,0,23
2023-02-03,SKU_1,Category_2,18,1694.8144802903494,0,18
2023-02-04,SKU_1,Category_2,33,1694.8144802903494,0,60
2023-02-05,SKU_1,Category_2,28,1694.8144802903494,0,61
2023-02-06,SKU_1,Category_2,22,1694.8144802903494,0,24
2023-02-07,SKU_1,Category_2,28,1694.8144802903494,0,45
2023-02-08,SKU_1,Category_2,37,1694.8144802903494,1,37
2023-02-09,SKU_1,Category_2,43,1694.8144802903494,1,54
2023-02-10,SKU_1,Category_2,25,1694.8144802903494,0,53
2023-02-11,SKU_1,Category_2,29,1694.8144802903494,0,71
2023-02-12,SKU_1,Category_2,30,1694.8144802903494,0,36
2023-02-13,SKU_1,Category_2,24,1694.8144802903494,0,86
2023-02-14,SKU_1,Category_2,18,1694.8144802903494,0,18
2023-02-15,SKU_1,Category_2,24,1694.8144802903494,0,60
2023-02-16,SKU_1,Category_2,22,1694.8144802903494,0,41
2023-02-17,SKU_1,Category_2,23,1694.8144802903494,0,61
2023-02-18,SKU_1,Category_2,33,1694.8144802903494,0,65
2023-02-19,SKU_1,Category_2,11,1694.8144802903494,0,11
2023-02-20,SKU_1,Category_2,11,1694.8144802903494,0,11
2023-02-21,SKU_1,Category_2,27,1694.8144802903494,0,99
2023-02-22,SKU_1,Category_2,42,1694.8144802903494,1,84
2023-02-23,SKU_1,Category_2,20,1694.8144802903494,0,26
2023-02-24,SKU_1,Category_2,33,1694.8144802903494,0,79
2023-02-25,SKU_1,Category_2,25,1694.8144802903494,0,25
2023-02-26,SKU_1,Category_2,12,1694.8144802903494,0,12
2023-02-27,SKU_1,Category_2,23,1694.8144802903494,0,68
2023-02-28,SKU_1,Category_2,29,1694.8144802903494,0,29
2023-03-01,SKU_1,Category_2,29,1694.8144802903494,0,61
2023-03-02,SKU_1,Category_2,10,1694.8144802903494,1,10
2023-03-03,SKU_1,Category_2,13,1694.8144802903494,0,66
2023-03-04,SKU_1,Category_2,37,1694.8144802903494,0,99
2023-03-05,SKU_1,Category_2,44,1694.8144802903494,1,69
2023-03-06,SKU_1,Category_2,18,1694.8144802903494,0,18
2023-03-07,SKU_1,Category_2,26,1694.8144802903494,0,28
2023-03-08,SKU_1,Category_2,29,1694.8144802903494,0,84
2023-03-09,SKU_1,Category_2,45,1694.8144802903494,1,45
2023-03-10,SKU_1,Category_2,27,1694.8144802903494,0,27
2023-03-11,SKU_1,Category_2,30,1694.8144802903494,0,91
2023-03-12,SKU_1,Category_2,34,1694.8144802903494,0,42
2023-03-13,SKU_1,Category_2,23,1694.8144802903494,0,23
2023-03-14,SKU_1,Category_2,16,1694.8144802903494,0,16
2023-03-15,SKU_1,Category_2,32,1694.8144802903494,0,42
2023-03-16,SKU_1,Category_2,31,1694.8144802903494,0,31
2023-03-17,SKU_1,Category_2,26,1694.8144802903494,0,47
2023-03-18,SKU_1,Category_2,36,1694.8144802903494,1,36
2023-03-19,SKU_1,Category_2,33,1694.8144802903494,0,39
2023-03-20,SKU_1,Category_2,30,1694.8144802903494,0,70
2023-03-21,SKU_1,Category_2,13,1694.8144802903494,0,13
2023-03-22,SKU_1,Category_2,20,1694.8144802903494,0,39
2023-03-23,SKU_1,Category_2,15,1694.8144802903494,1,15
2023-03-24,SKU_1,Category_2,28,1694.8144802903494,0,69
2023-03-25,SKU_1,Category_2,33,1694.8144802903494,0,72
2023-03-26,SKU_1,Category_2,30,1694.8144802903494,0,76
2023-03-27,SKU_1,Category_2,21,1694.8144802903494,0,34
2023-03-28,SKU_1,Category_2,20,1694.8144802903494,0,36
2023-03-29,SKU_1,Category_2,32,1694.8144802903494,0,99
2023-03-30,SKU_1,Category_2,31,1694.8144802903494,0,57
2023-03-31,SKU_1,Category_2,31,1694.8144802903494,0,51
2023-04-01,SKU_1,Category_2,22,1694.8144802903494,0,22
2023-04-02,SKU_1,Category_2,16,1694.8144802903494,0,16
2023-04-03,SKU_1,Category_2,25,1694.8144802903494,0,25
2023-04-04,SKU_1,Category_2,31,1694.8144802903494,0,96
2023-04-05,SKU_1,Category_2,18,1694.8144802903494,0,72
2023-04-06,SKU_1,Category_2,34,1694.8144802903494,0,34
2023-04-07,SKU_1,Category_2,23,1694.8144802903494,0,51
2023-04-08,SKU_1,Category_2,36,1694.8144802903494,0,63
2023-04-09,SKU_1,Category_2,38,1694.8144802903494,0,69
2023-04-10,SKU_1,Category_2,14,1694.8144802903494,0,14
2023-04-11,SKU_1,Category_2,24,1694.8144802903494,0,56
2023-04-12,SKU_1,Category_2,28,1694.8144802903494,0,49
2023-04-13,SKU_1,Category_2,26,1694.8144802903494,0,39
2023-04-14,SKU_1,Category_2,28,1694.8144802903494,0,72
2023-04-15,SKU_1,Category_2,29,1694.8144802903494,0,99
2023-04-16,SKU_1,Category_2,32,1694.8144802903494,1,32
2023-04-17,SKU_1,Category_2,10,1694.8144802903494,0,10
2023-04-18,SKU_1,Category_2,26,1694.8144802903494,0,57
2023-04-19,SKU_1,Category_2,26,1694.8144802903494,0,70
2023-04-20,SKU_1,Category_2,28,1694.8144802903494,0,72
2023-04-21,SKU_1,Category_2,20,1694.8144802903494,0,95
2023-04-22,SKU_1,Category_2,34,1694.8144802903494,0,87
2023-04-23,SKU_1,Category_2,32,1694.8144802903494,0,71
2023-04-24,SKU_1,Category_2,22,1694.8144802903494,0,85
2023-04-25,SKU_1,Category_2,29,1694.8144802903494,0,42
2023-04-26,SKU_1,Category_2,28,1694.8144802903494,0,32
2023-04-27,SKU_1,Category_2,26,1694.8144802903494,0,78
2023-04-28,SKU_1,Category_2,25,1694.8144802903494,0,25
2023-04-29,SKU_1,Category_2,32,1694.8144802903494,0,41
2023-04-30,SKU_1,Category_2,33,1694.8144802903494,1,33
2023-05-01,SKU_1,Category_2,20,1694.8144802903494,0,70
2023-05-02,SKU_1,Category_2,21,1694.8144802903494,0,21
2023-05-03,SKU_1,Category_2,27,1694.8144802903494,0,90
2023-05-04,SKU_1,Category_2,22,1694.8144802903494,0,35
2023-05-05,SKU_1,Category_2,16,1694.8144802903494,0,16
2023-05-06,SKU_1,Category_2,29,1694.8144802903494,0,84
2023-05-07,SKU_1,Category_2,37,1694.8144802903494,0,45
2023-05-08,SKU_1,Category_2,29,1694.8144802903494,0,82
2023-05-09,SKU_1,Category_2,34,1694.8144802903494,0,45
2023-05-10,SKU_1,Category_2,28,1694.8144802903494,0,33
2023-05-11,SKU_1,Category_2,18,1694.8144802903494,0,64
2023-05-12,SKU_1,Category_2,27,1694.8144802903494,0,98
2023-05-13,SKU_1,Category_2,36,1694.8144802903494,0,93
2023-05-14,SKU_1,Category_2,22,1694.8144802903494,0,95
2023-05-15,SKU_1,Category_2,27,1694.8144802903494,0,61
2023-05-16,SKU_1,Category_2,25,1694.8144802903494,0,25
2023-05-17,SKU_1,Category_2,20,1694.8144802903494,0,94
2023-05-18,SKU_1,Category_2,19,1694.8144802903494,0,32
2023-05-19,SKU_1,Category_2,35,1694.8144802903494,0,85
2023-05-20,SKU_1,Category_2,35,1694.8144802903494,0,67
2023-05-21,SKU_1,Category_2,31,1694.8144802903494,0,59
2023-05-22,SKU_1,Category_2,27,1694.8144802903494,0,75
2023-05-23,SKU_1,Category_2,18,1694.8144802903494,0,26
2023-05-24,SKU_1,Category_2,31,1694.8144802903494,1,98
2023-05-25,SKU_1,Category_2,28,1694.8144802903494,0,28
2023-05-26,SKU_1,Category_2,21,1694.8144802903494,0,63
2023-05-27,SKU_1,Category_2,29,1694.8144802903494,0,76
2023-05-28,SKU_1,Category_2,27,1694.8144802903494,0,67
2023-05-29,SKU_1,Category_2,29,1694.8144802903494,0,48
2023-05-30,SKU_1,Category_2,28,1694.8144802903494,0,86
2023-05-31,SKU_1,Category_2,23,1694.8144802903494,0,34
2023-06-01,SKU_1,Category_2,13,1694.8144802903494,0,47
2023-06-02,SKU_1,Category_2,16,1694.8144802903494,0,89
2023-06-03,SKU_1,Category_2,36,1694.8144802903494,0,84
2023-06-04,SKU_1,Category_2,54,1694.8144802903494,1,66
2023-06-05,SKU_1,Category_2,20,1694.8144802903494,0,58
2023-06-06,SKU_1,Category_2,12,1694.8144802903494,0,12
2023-06-07,SKU_1,Category_2,35,1694.8144802903494,1,66
2023-06-08,SKU_1,Category_2,17,1694.8144802903494,1,17
2023-06-09,SKU_1,Category_2,24,1694.8144802903494,0,45
2023-06-10,SKU_1,Category_2,38,1694.8144802903494,0,50
2023-06-11,SKU_1,Category_2,24,1694.8144802903494,0,36
2023-06-12,SKU_1,Category_2,16,1694.8144802903494,0,93
2023-06-13,SKU_1,Category_2,27,1694.8144802903494,0,38
2023-06-14,SKU_1,Category_2,34,1694.8144802903494,0,34
2023-06-15,SKU_1,Category_2,17,1694.8144802903494,0,65
2023-06-16,SKU_1,Category_2,19,1694.8144802903494,0,42
2023-06-17,SKU_1,Category_2,27,1694.8144802903494,0,27
2023-06-18,SKU_1,Category_2,52,1694.8144802903494,1,72
2023-06-19,SKU_1,Category_2,20,1694.8144802903494,0,68
2023-06-20,SKU_1,Category_2,10,1694.8144802903494,0,10
2023-06-21,SKU_1,Category_2,32,1694.8144802903494,0,64
2023-06-22,SKU_1,Category_2,26,1694.8144802903494,0,62
2023-06-23,SKU_1,Category_2,39,1694.8144802903494,1,83
2023-06-24,SKU_1,Category_2,10,1694.8144802903494,0,10
2023-06-25,SKU_1,Category_2,47,1694.8144802903494,1,86
2023-06-26,SKU_1,Category_2,27,1694.8144802903494,0,43
2023-06-27,SKU_1,Category_2,28,1694.8144802903494,0,81
2023-06-28,SKU_1,Category_2,8,1694.8144802903494,0,12
2023-06-29,SKU_1,Category_2,21,1694.8144802903494,0,21
2023-06-30,SKU_1,Category_2,28,1694.8144802903494,0,56
2023-07-01,SKU_1,Category_2,40,1694.8144802903494,0,94
2023-07-02,SKU_1,Category_2,34,1694.8144802903494,0,59
2023-07-03,SKU_1,Category_2,26,1694.8144802903494,0,39
2023-07-04,SKU_1,Category_2,27,1694.8144802903494,0,47
2023-07-05,SKU_1,Category_2,23,1694.8144802903494,0,88
2023-07-06,SKU_1,Category_2,14,1694.8144802903494,0,14
2023-07-07,SKU_1,Category_2,19,1694.8144802903494,0,19
2023-07-08,SKU_1,Category_2,42,1694.8144802903494,1,97
2023-07-09,SKU_1,Category_2,15,1694.8144802903494,0,15
2023-07-10,SKU_1,Category_2,31,1694.8144802903494,0,84
2023-07-11,SKU_1,Category_2,18,1694.8144802903494,0,32
2023-07-12,SKU_1,Category_2,20,1694.8144802903494,0,65
2023-07-13,SKU_1,Category_2,28,1694.8144802903494,0,76
2023-07-14,SKU_1,Category_2,26,1694.8144802903494,0,60
2023-07-15,SKU_1,Category_2,14,1694.8144802903494,0,14
2023-07-16,SKU_1,Category_2,32,1694.8144802903494,0,79
2023-07-17,SKU_1,Category_2,21,1694.8144802903494,0,21
2023-07-18,SKU_1,Category_2,26,1694.8144802903494,0,54
2023-07-19,SKU_1,Category_2,14,1694.8144802903494,0,35
2023-07-20,SKU_1,Category_2,22,1694.8144802903494,0,72
2023-07-21,SKU_1,Category_2,27,1694.8144802903494,0,90
2023-07-22,SKU_1,Category_2,36,1694.8144802903494,0,61
2023-07-23,SKU_1,Category_2,37,1694.8144802903494,0,65
2023-07-24,SKU_1,Category_2,18,1694.8144802903494,0,97
2023-07-25,SKU_1,Category_2,32,1694.8144802903494,0,35
2023-07-26,SKU_1,Category_2,30,1694.8144802903494,0,32
2023-07-27,SKU_1,Category_2,21,1694.8144802903494,0,27
2023-07-28,SKU_1,Category_2,17,1694.8144802903494,0,98
2023-07-29,SKU_1,Category_2,34,1694.8144802903494,0,37
2023-07-30,SKU_1,Category_2,28,1694.8144802903494,0,99
2023-07-31,SKU_1,Category_2,22,1694.8144802903494,0,34
2023-08-01,SKU_1,Category_2,34,1694.8144802903494,0,76
2023-08-02,SKU_1,Category_2,27,1694.8144802903494,0,27
2023-08-03,SKU_1,Category_2,17,1694.8144802903494,0,17
2023-08-04,SKU_1,Category_2,31,1694.8144802903494,0,92
2023-08-05,SKU_1,Category_2,37,1694.8144802903494,0,73
2023-08-06,SKU_1,Category_2,32,1694.8144802903494,0,65
2023-08-07,SKU_1,Category_2,28,1694.8144802903494,0,62
2023-08-08,SKU_1,Category_2,25,1694.8144802903494,0,79
2023-08-09,SKU_1,Category_2,31,1694.8144802903494,0,71
2023-08-10,SKU_1,Category_2,25,1694.8144802903494,0,33
2023-08-11,SKU_1,Category_2,26,1694.8144802903494,0,49
2023-08-12,SKU_1,Category_2,29,1694.8144802903494,0,33
2023-08-13,SKU_1,Category_2,13,1694.8144802903494,0,13
2023-08-14,SKU_1,Category_2,25,1694.8144802903494,0,60
2023-08-15,SKU_1,Category_2,27,1694.8144802903494,0,35
2023-08-16,SKU_1,Category_2,34,1694.8144802903494,0,53
2023-08-17,SKU_1,Category_2,21,1694.8144802903494,0,21
2023-08-18,SKU_1,Category_2,21,1694.8144802903494,0,99
2023-08-19,SKU_1,Category_2,33,1694.8144802903494,0,86
2023-08-20,SKU_1,Category_2,29,1694.8144802903494,0,42
2023-08-21,SKU_1,Category_2,19,1694.8144802903494,0,19
2023-08-22,SKU_1,Category_2,22,1694.8144802903494,1,22
2023-08-23,SKU_1,Category_2,37,1694.8144802903494,0,44
2023-08-24,SKU_1,Category_2,22,1694.8144802903494,0,58
2023-08-25,SKU_1,Category_2,23,1694.8144802903494,0,84
2023-08-26,SKU_1,Category_2,58,1694.8144802903494,1,85
2023-08-27,SKU_1,Category_2,34,1694.8144802903494,0,69
2023-08-28,SKU_1,Category_2,27,1694.8144802903494,0,81
2023-08-29,SKU_1,Category_2,29,1694.8144802903494,0,44
2023-08-30,SKU_1,Category_2,14,1694.8144802903494,0,14
2023-08-31,SKU_1,Category_2,29,1694.8144802903494,0,98
2023-09-01,SKU_1,Category_2,27,1694.8144802903494,0,98
2023-09-02,SKU_1,Category_2,41,1694.8144802903494,0,41
2023-09-03,SKU_1,Category_2,31,1694.8144802903494,0,47
2023-09-04,SKU_1,Category_2,26,1694.8144802903494,0,26
2023-09-05,SKU_1,Category_2,18,1694.8144802903494,0,75
2023-09-06,SKU_1,Category_2,27,1694.8144802903494,0,60
2023-09-07,SKU_1,Category_2,29,1694.8144802903494,0,76
2023-09-08,SKU_1,Category_2,21,1694.8144802903494,0,24
2023-09-09,SKU_1,Category_2,31,1694.8144802903494,0,42
2023-09-10,SKU_1,Category_2,34,1694.8144802903494,0,47
2023-09-11,SKU_1,Category_2,27,1694.8144802903494,0,36
2023-09-12,SKU_1,Category_2,19,1694.8144802903494,0,19
2023-09-13,SKU_1,Category_2,23,1694.8144802903494,0,83
2023-09-14,SKU_1,Category_2,14,1694.8144802903494,0,14
2023-09-15,SKU_1,Category_2,23,1694.8144802903494,0,77
2023-09-16,SKU_1,Category_2,38,1694.8144802903494,0,45
2023-09-17,SKU_1,Category_2,40,1694.8144802903494,0,52
2023-09-18,SKU_1,Category_2,20,1694.8144802903494,0,32
2023-09-19,SKU_1,Category_2,22,1694.8144802903494,0,55
2023-09-20,SKU_1,Category_2,24,1694.8144802903494,0,69
2023-09-21,SKU_1,Category_2,23,1694.8144802903494,0,77
2023-09-22,SKU_1,Category_2,18,1694.8144802903494,0,18
2023-09-23,SKU_1,Category_2,38,1694.8144802903494,0,38
2023-09-24,SKU_1,Category_2,32,1694.8144802903494,0,99
2023-09-25,SKU_1,Category_2,23,1694.8144802903494,0,63
2023-09-26,SKU_1,Category_2,19,1694.8144802903494,0,49
2023-09-27,SKU_1,Category_2,20,1694.8144802903494,0,56
2023-09-28,SKU_1,Category_2,31,1694.8144802903494,0,35
2023-09-29,SKU_1,Category_2,23,1694.8144802903494,0,72
2023-09-30,SKU_1,Category_2,26,1694.8144802903494,0,26
2023-10-01,SKU_1,Category_2,19,1694.8144802903494,0,68
2023-10-02,SKU_1,Category_2,24,1694.8144802903494,0,80
2023-10-03,SKU_1,Category_2,24,1694.8144802903494,0,97
2023-10-04,SKU_1,Category_2,22,1694.8144802903494,0,35
2023-10-05,SKU_1,Category_2,30,1694.8144802903494,0,94
2023-10-06,SKU_1,Category_2,25,1694.8144802903494,0,29
2023-10-07,SKU_1,Category_2,35,1694.8144802903494,0,72
2023-10-08,SKU_1,Category_2,22,1694.8144802903494,1,22
2023-10-09,SKU_1,Category_2,26,1694.8144802903494,0,60
2023-10-10,SKU_1,Category_2,25,1694.8144802903494,0,38
2023-10-11,SKU_1,Category_2,26,1694.8144802903494,0,39
2023-10-12,SKU_1,Category_2,17,1694.8144802903494,0,56
2023-10-13,SKU_1,Category_2,29,1694.8144802903494,0,47
2023-10-14,SKU_1,Category_2,32,1694.8144802903494,0,64
2023-10-15,SKU_1,Category_2,41,1694.8144802903494,1,41
2023-10-16,SKU_1,Category_2,26,1694.8144802903494,0,96
2023-10-17,SKU_1,Category_2,41,1694.8144802903494,1,41
2023-10-18,SKU_1,Category_2,25,1694.8144802903494,0,76
2023-10-19,SKU_1,Category_2,26,1694.8144802903494,0,68
2023-10-20,SKU_1,Category_2,17,1694.8144802903494,0,76
2023-10-21,SKU_1,Category_2,17,1694.8144802903494,0,17
2023-10-22,SKU_1,Category_2,37,1694.8144802903494,0,55
2023-10-23,SKU_1,Category_2,21,1694.8144802903494,0,77
2023-10-24,SKU_1,Category_2,37,1694.8144802903494,1,64
2023-10-25,SKU_1,Category_2,16,1694.8144802903494,0,16
2023-10-26,SKU_1,Category_2,28,1694.8144802903494,0,28
2023-10-27,SKU_1,Category_2,28,1694.8144802903494,0,69
2023-10-28,SKU_1,Category_2,20,1694.8144802903494,0,20
2023-10-29,SKU_1,Category_2,11,1694.8144802903494,0,11
2023-10-30,SKU_1,Category_2,18,1694.8144802903494,0,18
2023-10-31,SKU_1,Category_2,22,1694.8144802903494,0,53
2023-11-01,SKU_1,Category_2,26,1694.8144802903494,0,68
2023-11-02,SKU_1,Category_2,21,1694.8144802903494,0,90
2023-11-03,SKU_1,Category_2,34,1694.8144802903494,0,75
2023-11-04,SKU_1,Category_2,34,1694.8144802903494,0,82
2023-11-05,SKU_1,Category_2,27,1694.8144802903494,0,96
2023-11-06,SKU_1,Category_2,26,1694.8144802903494,0,79
2023-11-07,SKU_1,Category_2,39,1694.8144802903494,1,47
2023-11-08,SKU_1,Category_2,21,1694.8144802903494,0,46
2023-11-09,SKU_1,Category_2,23,1694.8144802903494,0,95
2023-11-10,SKU_1,Category_2,28,1694.8144802903494,0,66
2023-11-11,SKU_1,Category_2,29,1694.8144802903494,0,62
2023-11-12,SKU_1,Category_2,38,1694.8144802903494,0,54
2023-11-13,SKU_1,Category_2,33,1694.8144802903494,0,55
2023-11-14,SKU_1,Category_2,23,1694.8144802903494,0,63
2023-11-15,SKU_1,Category_2,26,1694.8144802903494,0,35
2023-11-16,SKU_1,Category_2,20,1694.8144802903494,0,20
2023-11-17,SKU_1,Category_2,32,1694.8144802903494,0,48
2023-11-18,SKU_1,Category_2,29,1694.8144802903494,0,63
2023-11-19,SKU_1,Category_2,36,1694.8144802903494,0,78
2023-11-20,SKU_1,Category_2,26,1694.8144802903494,0,45
2023-11-21,SKU_1,Category_2,27,1694.8144802903494,0,90
2023-11-22,SKU_1,Category_2,24,1694.8144802903494,0,82
2023-11-23,SKU_1,Category_2,25,1694.8144802903494,0,52
2023-11-24,SKU_1,Category_2,34,1694.8144802903494,0,34
2023-11-25,SKU_1,Category_2,36,1694.8144802903494,0,53
2023-11-26,SKU_1,Category_2,21,1694.8144802903494,1,21
2023-11-27,SKU_1,Category_2,19,1694.8144802903494,0,71
2023-11-28,SKU_1,Category_2,37,1694.8144802903494,1,92
2023-11-29,SKU_1,Category_2,28,1694.8144802903494,0,89
2023-11-30,SKU_1,Category_2,31,1694.8144802903494,0,34
2023-12-01,SKU_1,Category_2,35,1694.8144802903494,1,35
2023-12-02,SKU_1,Category_2,19,1694.8144802903494,0,19
2023-12-03,SKU_1,Category_2,24,1694.8144802903494,0,88
2023-12-04,SKU_1,Category_2,18,1694.8144802903494,0,18
2023-12-05,SKU_1,Category_2,25,1694.8144802903494,0,91
2023-12-06,SKU_1,Category_2,21,1694.8144802903494,0,48
2023-12-07,SKU_1,Category_2,23,1694.8144802903494,0,23
2023-12-08,SKU_1,Category_2,27,1694.8144802903494,0,69
2023-12-09,SKU_1,Category_2,34,1694.8144802903494,0,99
2023-12-10,SKU_1,Category_2,38,1694.8144802903494,0,48
2023-12-11,SKU_1,Category_2,33,1694.8144802903494,0,34
2023-12-12,SKU_1,Category_2,26,1694.8144802903494,0,42
2023-12-13,SKU_1,Category_2,19,1694.8144802903494,0,64
2023-12-14,SKU_1,Category_2,28,1694.8144802903494,0,43
2023-12-15,SKU_1,Category_2,26,1694.8144802903494,0,41
2023-12-16,SKU_1,Category_2,48,1694.8144802903494,1,48
2023-12-17,SKU_1,Category_2,25,1694.8144802903494,0,25
2023-12-18,SKU_1,Category_2,19,1694.8144802903494,0,19
2023-12-19,SKU_1,Category_2,27,1694.8144802903494,0,74
2023-12-20,SKU_1,Category_2,12,1694.8144802903494,0,12
2023-12-21,SKU_1,Category_2,27,1694.8144802903494,0,27
2023-12-22,SKU_1,Category_2,23,1694.8144802903494,0,34
2023-12-23,SKU_1,Category_2,32,1694.8144802903494,0,77
2023-12-24,SKU_1,Category_2,29,1694.8144802903494,0,46
2023-12-25,SKU_1,Category_2,25,1694.8144802903494,0,65
2023-12-26,SKU_1,Category_2,21,1694.8144802903494,0,97
2023-12-27,SKU_1,Category_2,20,1694.8144802903494,0,61
2023-12-28,SKU_1,Category_2,27,1694.8144802903494,0,81
2023-12-29,SKU_1,Category_2,44,1694.8144802903494,1,83
2023-12-30,SKU_1,Category_2,41,1694.8144802903494,0,66
2023-12-31,SKU_1,Category_2,15,1694.8144802903494,0,15
2023-01-01,SKU_2,Category_3,43,586.7640148450946,1,58
2023-01-02,SKU_2,Category_3,27,586.7640148450946,0,44
2023-01-03,SKU_2,Category_3,36,586.7640148450946,0,71
2023-01-04,SKU_2,Category_3,22,586.7640148450946,1,22
2023-01-05,SKU_2,Category_3,28,586.7640148450946,0,98
2023-01-06,SKU_2,Category_3,19,586.7640148450946,0,65
2023-01-07,SKU_2,Category_3,32,586.7640148450946,0,38
2023-01-08,SKU_2,Category_3,14,586.7640148450946,0,14
2023-01-09,SKU_2,Category_3,29,586.7640148450946,0,97
2023-01-10,SKU_2,Category_3,24,586.7640148450946,0,46
2023-01-11,SKU_2,Category_3,20,586.7640148450946,0,86
2023-01-12,SKU_2,Category_3,24,586.7640148450946,0,67
2023-01-13,SKU_2,Category_3,29,586.7640148450946,0,49
2023-01-14,SKU_2,Category_3,15,586.7640148450946,0,15
2023-01-15,SKU_2,Category_3,33,586.7640148450946,0,89
2023-01-16,SKU_2,Category_3,28,586.7640148450946,0,98
2023-01-17,SKU_2,Category_3,38,586.7640148450946,1,72
2023-01-18,SKU_2,Category_3,24,586.7640148450946,0,54
2023-01-19,SKU_2,Category_3,23,586.7640148450946,0,40
2023-01-20,SKU_2,Category_3,22,586.7640148450946,0,39
2023-01-21,SKU_2,Category_3,42,586.7640148450946,1,91
2023-01-22,SKU_2,Category_3,31,586.7640148450946,0,48
2023-01-23,SKU_2,Category_3,22,586.7640148450946,0,22
2023-01-24,SKU_2,Category_3,24,586.7640148450946,0,69
2023-01-25,SKU_2,Category_3,24,586.7640148450946,0,44
2023-01-26,SKU_2,Category_3,29,586.7640148450946,0,37
2023-01-27,SKU_2,Category_3,22,586.7640148450946,0,46
2023-01-28,SKU_2,Category_3,32,586.7640148450946,0,77
2023-01-29,SKU_2,Category_3,26,586.7640148450946,0,26
2023-01-30,SKU_2,Category_3,22,586.7640148450946,0,31
2023-01-31,SKU_2,Category_3,33,586.7640148450946,0,91
2023-02-01,SKU_2,Category_3,21,586.7640148450946,0,85
2023-02-02,SKU_2,Category_3,20,586.7640148450946,0,20
2023-02-03,SKU_2,Category_3,29,586.7640148450946,0,84
2023-02-04,SKU_2,Category_3,28,586.7640148450946,0,35
2023-02-05,SKU_2,Category_3,22,586.7640148450946,0,22
2023-02-06,SKU_2,Category_3,23,586.7640148450946,0,24
2023-02-07,SKU_2,Category_3,11,586.7640148450946,0,11
2023-02-08,SKU_2,Category_3,27,586.7640148450946,0,93
2023-02-09,SKU_2,Category_3,22,586.7640148450946,0,30
2023-02-10,SKU_2,Category_3,30,586.7640148450946,1,68
2023-02-11,SKU_2,Category_3,10,586.7640148450946,1,10
2023-02-12,SKU_2,Category_3,38,586.7640148450946,0,47
2023-02-13,SKU_2,Category_3,17,586.7640148450946,0,24
2023-02-14,SKU_2,Category_3,31,586.7640148450946,0,36
2023-02-15,SKU_2,Category_3,37,586.7640148450946,1,62
2023-02-16,SKU_2,Category_3,22,586.7640148450946,0,36
2023-02-17,SKU_2,Category_3,27,586.7640148450946,0,73
2023-02-18,SKU_2,Category_3,33,586.7640148450946,0,33
2023-02-19,SKU_2,Category_3,34,586.7640148450946,1,34
2023-02-20,SKU_2,Category_3,26,586.7640148450946,0,80
2023-02-21,SKU_2,Category_3,20,586.7640148450946,0,47
2023-02-22,SKU_2,Category_3,33,586.7640148450946,0,69
2023-02-23,SKU_2,Category_3,16,586.7640148450946,0,97
2023-02-24,SKU_2,Category_3,26,586.7640148450946,0,73
2023-02-25,SKU_2,Category_3,28,586.7640148450946,0,47
2023-02-26,SKU_2,Category_3,19,586.7640148450946,0,54
2023-02-27,SKU_2,Category_3,28,586.7640148450946,0,50
2023-02-28,SKU_2,Category_3,28,586.7640148450946,0,55
2023-03-01,SKU_2,Category_3,29,586.7640148450946,0,29
2023-03-02,SKU_2,Category_3,23,586.7640148450946,0,49
2023-03-03,SKU_2,Category_3,25,586.7640148450946,0,42
2023-03-04,SKU_2,Category_3,20,586.7640148450946,0,39
2023-03-05,SKU_2,Category_3,30,586.7640148450946,0,75
2023-03-06,SKU_2,Category_3,32,586.7640148450946,1,99
2023-03-07,SKU_2,Category_3,21,586.7640148450946,0,53
2023-03-08,SKU_2,Category_3,26,586.7640148450946,0,84
2023-03-09,SKU_2,Category_3,25,586.7640148450946,0,82
2023-03-10,SKU_2,Category_3,28,586.7640148450946,0,41
2023-03-11,SKU_2,Category_3,16,586.7640148450946,0,16
2023-03-12,SKU_2,Category_3,33,586.7640148450946,0,89
2023-03-13,SKU_2,Category_3,12,586.7640148450946,0,12
2023-03-14,SKU_2,Category_3,30,586.7640148450946,0,69
2023-03-15,SKU_2,Category_3,20,586.7640148450946,0,54
2023-03-16,SKU_2,Category_3,21,586.7640148450946,0,28
2023-03-17,SKU_2,Category_3,30,586.7640148450946,1,62
2023-03-18,SKU_2,Category_3,28,586.7640148450946,0,60
2023-03-19,SKU_2,Category_3,33,586.7640148450946,0,68
2023-03-20,SKU_2,Category_3,14,586.7640148450946,0,83
2023-03-21,SKU_2,Category_3,21,586.7640148450946,0,88
2023-03-22,SKU_2,Category_3,16,586.7640148450946,0,85
2023-03-23,SKU_2,Category_3,23,586.7640148450946,0,33
2023-03-24,SKU_2,Category_3,13,586.7640148450946,0,13
2023-03-25,SKU_2,Category_3,31,586.7640148450946,0,59
2023-03-26,SKU_2,Category_3,39,586.7640148450946,0,45
2023-03-27,SKU_2,Category_3,31,586.7640148450946,0,88
2023-03-28,SKU_2,Category_3,15,586.7640148450946,1,15
2023-03-29,SKU_2,Category_3,17,586.7640148450946,0,27
2023-03-30,SKU_2,Category_3,16,586.7640148450946,0,24
2023-03-31,SKU_2,Category_3,21,586.7640148450946,0,96
2023-04-01,SKU_2,Category_3,23,586.7640148450946,0,23
2023-04-02,SKU_2,Category_3,48,586.7640148450946,1,50
2023-04-03,SKU_2,Category_3,22,586.7640148450946,0,69
2023-04-04,SKU_2,Category_3,31,586.7640148450946,0,93
2023-04-05,SKU_2,Category_3,33,586.7640148450946,0,79
2023-04-06,SKU_2,Category_3,19,586.7640148450946,0,44
2023-04-07,SKU_2,Category_3,15,586.7640148450946,0,74
2023-04-08,SKU_2,Category_3,23,586.7640148450946,0,76
2023-04-09,SKU_2,Category_3,29,586.7640148450946,0,89
2023-04-10,SKU_2,Category_3,10,586.7640148450946,0,10
2023-04-11,SKU_2,Category_3,17,586.7640148450946,0,17
2023-04-12,SKU_2,Category_3,19,586.7640148450946,0,93
2023-04-13,SKU_2,Category_3,26,586.7640148450946,0,46
2023-04-14,SKU_2,Category_3,31,586.7640148450946,0,53
2023-04-15,SKU_2,Category_3,32,586.7640148450946,0,88
2023-04-16,SKU_2,Category_3,28,586.7640148450946,0,87
2023-04-17,SKU_2,Category_3,24,586.7640148450946,0,46
2023-04-18,SKU_2,Category_3,39,586.7640148450946,1,78
2023-04-19,SKU_2,Category_3,23,586.7640148450946,0,60
2023-04-20,SKU_2,Category_3,24,586.7640148450946,0,66
2023-04-21,SKU_2,Category_3,26,586.7640148450946,0,65
2023-04-22,SKU_2,Category_3,41,586.7640148450946,0,93
2023-04-23,SKU_2,Category_3,30,586.7640148450946,0,54
2023-04-24,SKU_2,Category_3,17,586.7640148450946,0,17
2023-04-25,SKU_2,Category_3,10,586.7640148450946,1,10
2023-04-26,SKU_2,Category_3,21,586.7640148450946,0,95
2023-04-27,SKU_2,Category_3,21,586.7640148450946,0,74
2023-04-28,SKU_2,Category_3,24,586.7640148450946,0,91
2023-04-29,SKU_2,Category_3,17,586.7640148450946,0,17
2023-04-30,SKU_2,Category_3,29,586.7640148450946,0,98
2023-05-01,SKU_2,Category_3,25,586.7640148450946,0,42
2023-05-02,SKU_2,Category_3,28,586.7640148450946,0,71
2023-05-03,SKU_2,Category_3,33,586.7640148450946,0,73
2023-05-04,SKU_2,Category_3,23,586.7640148450946,0,57
2023-05-05,SKU_2,Category_3,25,586.7640148450946,0,86
2023-05-06,SKU_2,Category_3,13,586.7640148450946,0,13
2023-05-07,SKU_2,Category_3,27,586.7640148450946,0,79
2023-05-08,SKU_2,Category_3,34,586.7640148450946,1,84
2023-05-09,SKU_2,Category_3,27,586.7640148450946,0,63
2023-05-10,SKU_2,Category_3,29,586.7640148450946,0,80
2023-05-11,SKU_2,Category_3,16,586.7640148450946,0,28
2023-05-12,SKU_2,Category_3,16,586.7640148450946,0,44
2023-05-13,SKU_2,Category_3,29,586.7640148450946,0,99
2023-05-14,SKU_2,Category_3,33,586.7640148450946,0,75
2023-05-15,SKU_2,Category_3,12,586.7640148450946,0,12
2023-05-16,SKU_2,Category_3,15,586.7640148450946,0,24
2023-05-17,SKU_2,Category_3,24,586.7640148450946,0,96
2023-05-18,SKU_2,Category_3,22,586.7640148450946,0,84
2023-05-19,SKU_2,Category_3,25,586.7640148450946,0,77
2023-05-20,SKU_2,Category_3,43,586.7640148450946,1,77
2023-05-21,SKU_2,Category_3,29,586.7640148450946,0,61
2023-05-22,SKU_2,Category_3,17,586.7640148450946,0,17
2023-05-23,SKU_2,Category_3,27,586.7640148450946,0,45
2023-05-24,SKU_2,Category_3,25,586.7640148450946,0,99
2023-05-25,SKU_2,Category_3,23,586.7640148450946,0,84
2023-05-26,SKU_2,Category_3,25,586.7640148450946,0,40
2023-05-27,SKU_2,Category_3,33,586.7640148450946,0,65
2023-05-28,SKU_2,Category_3,27,586.7640148450946,0,63
2023-05-29,SKU_2,Category_3,23,586.7640148450946,0,54
2023-05-30,SKU_2,Category_3,24,586.7640148450946,0,30
2023-05-31,SKU_2,Category_3,18,586.7640148450946,0,18
2023-06-01,SKU_2,Category_3,18,586.7640148450946,0,51
2023-06-02,SKU_2,Category_3,38,586.7640148450946,1,89
2023-06-03,SKU_2,Category_3,26,586.7640148450946,0,33
2023-06-04,SKU_2,Category_3,25,586.7640148450946,0,69
2023-06-05,SKU_2,Category_3,26,586.7640148450946,0,83
2023-06-06,SKU_2,Category_3,27,586.7640148450946,0,78
2023-06-07,SKU_2,Category_3,27,586.7640148450946,0,30
2023-06-08,SKU_2,Category_3,26,586.7640148450946,0,57
2023-06-09,SKU_2,Category_3,20,586.7640148450946,0,20
2023-06-10,SKU_2,Category_3,27,586.7640148450946,0,87
2023-06-11,SKU_2,Category_3,27,586.7640148450946,0,27
2023-06-12,SKU_2,Category_3,16,586.7640148450946,0,48
2023-06-13,SKU_2,Category_3,25,586.7640148450946,0,51
2023-06-14,SKU_2,Category_3,42,586.7640148450946,1,45
2023-06-15,SKU_2,Category_3,18,586.7640148450946,0,50
2023-06-16,SKU_2,Category_3,20,586.7640148450946,0,22
2023-06-17,SKU_2,Category_3,32,586.7640148450946,0,81
2023-06-18,SKU_2,Category_3,23,586.7640148450946,0,53
2023-06-19,SKU_2,Category_3,30,586.7640148450946,0,96
2023-06-20,SKU_2,Category_3,17,586.7640148450946,0,90
2023-06-21,SKU_2,Category_3,26,586.7640148450946,1,31
2023-06-22,SKU_2,Category_3,20,586.7640148450946,0,45
2023-06-23,SKU_2,Category_3,42,586.7640148450946,1,64
2023-06-24,SKU_2,Category_3,34,586.7640148450946,0,71
2023-06-25,SKU_2,Category_3,19,586.7640148450946,0,32
2023-06-26,SKU_2,Category_3,14,586.7640148450946,0,14
2023-06-27,SKU_2,Category_3,20,586.7640148450946,0,39
2023-06-28,SKU_2,Category_3,27,586.7640148450946,0,79
2023-06-29,SKU_2,Category_3,25,586.7640148450946,0,25
2023-06-30,SKU_2,Category_3,23,586.7640148450946,0,23
2023-07-01,SKU_2,Category_3,27,586.7640148450946,0,94
2023-07-02,SKU_2,Category_3,25,586.7640148450946,0,82
2023-07-03,SKU_2,Category_3,21,586.7640148450946,0,35
2023-07-04,SKU_2,Category_3,28,586.7640148450946,0,64
2023-07-05,SKU_2,Category_3,25,586.7640148450946,0,69
2023-07-06,SKU_2,Category_3,21,586.7640148450946,0,21
2023-07-07,SKU_2,Category_3,36,586.7640148450946,1,44
2023-07-08,SKU_2,Category_3,30,586.7640148450946,0,39
2023-07-09,SKU_2,Category_3,23,586.7640148450946,0,23
2023-07-10,SKU_2,Category_3,21,586.7640148450946,0,30
2023-07-11,SKU_2,Category_3,21,586.7640148450946,0,87
2023-07-12,SKU_2,Category_3,19,586.7640148450946,1,19
2023-07-13,SKU_2,Category_3,23,586.7640148450946,0,89
2023-07-14,SKU_2,Category_3,28,586.7640148450946,0,61
2023-07-15,SKU_2,Category_3,17,586.7640148450946,0,17
2023-07-16,SKU_2,Category_3,29,586.7640148450946,0,77
2023-07-17,SKU_2,Category_3,24,586.7640148450946,0,41
2023-07-18,SKU_2,Category_3,22,586.7640148450946,0,22
2023-07-19,SKU_2,Category_3,34,586.7640148450946,1,72
2023-07-20,SKU_2,Category_3,27,586.7640148450946,0,52
2023-07-21,SKU_2,Category_3,14,586.7640148450946,0,14
2023-07-22,SKU_2,Category_3,19,586.7640148450946,0,19
2023-07-23,SKU_2,Category_3,39,586.7640148450946,0,40
2023-07-24,SKU_2,Category_3,23,586.7640148450946,0,82
2023-07-25,SKU_2,Category_3,16,586.7640148450946,0,16
2023-07-26,SKU_2,Category_3,13,586.7640148450946,0,13
2023-07-27,SKU_2,Category_3,20,586.7640148450946,0,61
2023-07-28,SKU_2,Category_3,20,586.7640148450946,0,45
2023-07-29,SKU_2,Category_3,25,586.7640148450946,0,72
2023-07-30,SKU_2,Category_3,16,586.7640148450946,0,16
2023-07-31,SKU_2,Category_3,17,586.7640148450946,0,95
2023-08-01,SKU_2,Category_3,35,586.7640148450946,1,64
2023-08-02,SKU_2,Category_3,22,586.7640148450946,0,88
2023-08-03,SKU_2,Category_3,23,586.7640148450946,0,96
2023-08-04,SKU_2,Category_3,16,586.7640148450946,0,94
2023-08-05,SKU_2,Category_3,32,586.7640148450946,0,94
2023-08-06,SKU_2,Category_3,20,586.7640148450946,0,20
2023-08-07,SKU_2,Category_3,20,586.7640148450946,0,61
2023-08-08,SKU_2,Category_3,22,586.7640148450946,0,91
2023-08-09,SKU_2,Category_3,26,586.7640148450946,0,61
2023-08-10,SKU_2,Category_3,26,586.7640148450946,0,73
2023-08-11,SKU_2,Category_3,18,586.7640148450946,0,18
2023-08-12,SKU_2,Category_3,48,586.7640148450946,1,69
2023-08-13,SKU_2,Category_3,30,586.7640148450946,0,37
2023-08-14,SKU_2,Category_3,27,586.7640148450946,0,81
2023-08-15,SKU_2,Category_3,25,586.7640148450946,0,26
2023-08-16,SKU_2,Category_3,18,586.7640148450946,0,41
2023-08-17,SKU_2,Category_3,36,586.7640148450946,1,96
2023-08-18,SKU_2,Category_3,22,586.7640148450946,0,33
2023-08-19,SKU_2,Category_3,26,586.7640148450946,0,26
2023-08-20,SKU_2,Category_3,20,586.7640148450946,1,20
2023-08-21,SKU_2,Category_3,42,586.7640148450946,1,92
2023-08-22,SKU_2,Category_3,14,586.7640148450946,0,14
2023-08-23,SKU_2,Category_3,17,586.7640148450946,0,17
2023-08-24,SKU_2,Category_3,27,586.7640148450946,0,75
2023-08-25,SKU_2,Category_3,30,586.7640148450946,0,76
2023-08-26,SKU_2,Category_3,37,586.7640148450946,0,50
2023-08-27,SKU_2,Category_3,49,586.7640148450946,1,71
2023-08-28,SKU_2,Category_3,11,586.7640148450946,0,11
2023-08-29,SKU_2,Category_3,22,586.7640148450946,0,62
2023-08-30,SKU_2,Category_3,20,586.7640148450946,1,20
2023-08-31,SKU_2,Category_3,26,586.7640148450946,0,26
2023-09-01,SKU_2,Category_3,33,586.7640148450946,1,68
2023-09-02,SKU_2,Category_3,24,586.7640148450946,0,98
2023-09-03,SKU_2,Category_3,32,586.7640148450946,0,53
2023-09-04,SKU_2,Category_3,23,586.7640148450946,0,55
2023-09-05,SKU_2,Category_3,21,586.7640148450946,0,21
2023-09-06,SKU_2,Category_3,27,586.7640148450946,1,27
2023-09-07,SKU_2,Category_3,25,586.7640148450946,0,32
2023-09-08,SKU_2,Category_3,31,586.7640148450946,0,84
2023-09-09,SKU_2,Category_3,27,586.7640148450946,0,38
2023-09-10,SKU_2,Category_3,11,586.7640148450946,0,11
2023-09-11,SKU_2,Category_3,28,586.7640148450946,0,88
2023-09-12,SKU_2,Category_3,26,586.7640148450946,0,97
2023-09-13,SKU_2,Category_3,31,586.7640148450946,0,65
2023-09-14,SKU_2,Category_3,21,586.7640148450946,0,28
2023-09-15,SKU_2,Category_3,24,586.7640148450946,0,34
2023-09-16,SKU_2,Category_3,17,586.7640148450946,0,17
2023-09-17,SKU_2,Category_3,30,586.7640148450946,0,98
2023-09-18,SKU_2,Category_3,19,586.7640148450946,0,55
2023-09-19,SKU_2,Category_3,21,586.7640148450946,0,22
2023-09-20,SKU_2,Category_3,18,586.7640148450946,0,45
2023-09-21,SKU_2,Category_3,20,586.7640148450946,0,43
2023-09-22,SKU_2,Category_3,27,586.7640148450946,0,29
2023-09-23,SKU_2,Category_3,28,586.7640148450946,0,65
2023-09-24,SKU_2,Category_3,27,586.7640148450946,0,67
2023-09-25,SKU_2,Category_3,32,586.7640148450946,0,33
2023-09-26,SKU_2,Category_3,22,586.7640148450946,0,35
2023-09-27,SKU_2,Category_3,30,586.7640148450946,0,30
2023-09-28,SKU_2,Category_3,20,586.7640148450946,0,55
2023-09-29,SKU_2,Category_3,21,586.7640148450946,0,23
2023-09-30,SKU_2,Category_3,43,586.7640148450946,0,89
2023-10-01,SKU_2,Category_3,29,586.7640148450946,0,33
2023-10-02,SKU_2,Category_3,24,586.7640148450946,0,91
2023-10-03,SKU_2,Category_3,19,586.7640148450946,0,33
2023-10-04,SKU_2,Category_3,25,586.7640148450946,0,39
2023-10-05,SKU_2,Category_3,28,586.7640148450946,1,28
2023-10-06,SKU_2,Category_3,21,586.7640148450946,0,64
2023-10-07,SKU_2,Category_3,28,586.7640148450946,0,56
2023-10-08,SKU_2,Category_3,40,586.7640148450946,1,54
2023-10-09,SKU_2,Category_3,23,586.7640148450946,0,56
2023-10-10,SKU_2,Category_3,35,586.7640148450946,0,79
2023-10-11,SKU_2,Category_3,40,586.7640148450946,1,99
2023-10-12,SKU_2,Category_3,28,586.7640148450946,0,70
2023-10-13,SKU_2,Category_3,38,586.7640148450946,1,79
2023-10-14,SKU_2,Category_3,26,586.7640148450946,0,60
2023-10-15,SKU_2,Category_3,44,586.7640148450946,1,78
2023-10-16,SKU_2,Category_3,16,586.7640148450946,0,46
2023-10-17,SKU_2,Category_3,27,586.7640148450946,0,79
2023-10-18,SKU_2,Category_3,23,586.7640148450946,0,48
2023-10-19,SKU_2,Category_3,32,586.7640148450946,0,79
2023-10-20,SKU_2,Category_3,21,586.7640148450946,0,55
2023-10-21,SKU_2,Category_3,33,586.7640148450946,0,33
2023-10-22,SKU_2,Category_3,28,586.7640148450946,0,94
2023-10-23,SKU_2,Category_3,16,586.7640148450946,0,16
2023-10-24,SKU_2,Category_3,22,586.7640148450946,0,23
2023-10-25,SKU_2,Category_3,28,586.7640148450946,0,98
2023-10-26,SKU_2,Category_3,19,586.7640148450946,0,53
2023-10-27,SKU_2,Category_3,29,586.7640148450946,0,30
2023-10-28,SKU_2,Category_3,41,586.7640148450946,0,42
2023-10-29,SKU_2,Category_3,30,586.7640148450946,0,41
2023-10-30,SKU_2,Category_3,22,586.7640148450946,0,29
2023-10-31,SKU_2,Category_3,22,586.7640148450946,0,35
2023-11-01,SKU_2,Category_3,23,586.7640148450946,0,23
2023-11-02,SKU_2,Category_3,18,586.7640148450946,0,97
2023-11-03,SKU_2,Category_3,26,586.7640148450946,0,98
2023-11-04,SKU_2,Category_3,42,586.7640148450946,1,95
2023-11-05,SKU_2,Category_3,30,586.7640148450946,0,90
2023-11-06,SKU_2,Category_3,33,586.7640148450946,1,52
2023-11-07,SKU_2,Category_3,17,586.7640148450946,0,95
2023-11-08,SKU_2,Category_3,17,586.7640148450946,0,74
2023-11-09,SKU_2,Category_3,14,586.7640148450946,0,14
2023-11-10,SKU_2,Category_3,25,586.7640148450946,1,25
2023-11-11,SKU_2,Category_3,35,586.7640148450946,0,48
2023-11-12,SKU_2,Category_3,31,586.7640148450946,0,69
2023-11-13,SKU_2,Category_3,20,586.7640148450946,0,73
2023-11-14,SKU_2,Category_3,13,586.7640148450946,0,30
2023-11-15,SKU_2,Category_3,23,586.7640148450946,0,77
2023-11-16,SKU_2,Category_3,16,586.7640148450946,0,94
2023-11-17,SKU_2,Category_3,23,586.7640148450946,0,23
2023-11-18,SKU_2,Category_3,32,586.7640148450946,0,35
2023-11-19,SKU_2,Category_3,31,586.7640148450946,0,75
2023-11-20,SKU_2,Category_3,28,586.7640148450946,0,51
2023-11-21,SKU_2,Category_3,15,586.7640148450946,0,15
2023-11-22,SKU_2,Category_3,12,586.7640148450946,0,52
2023-11-23,SKU_2,Category_3,18,586.7640148450946,0,60
2023-11-24,SKU_2,Category_3,30,586.7640148450946,0,94
2023-11-25,SKU_2,Category_3,18,586.7640148450946,0,18
2023-11-26,SKU_2,Category_3,31,586.7640148450946,0,51
2023-11-27,SKU_2,Category_3,28,586.7640148450946,0,79
2023-11-28,SKU_2,Category_3,12,586.7640148450946,0,12
2023-11-29,SKU_2,Category_3,21,586.7640148450946,0,49
2023-11-30,SKU_2,Category_3,17,586.7640148450946,0,17
2023-12-01,SKU_2,Category_3,24,586.7640148450946,0,57
2023-12-02,SKU_2,Category_3,28,586.7640148450946,0,28
2023-12-03,SKU_2,Category_3,21,586.7640148450946,0,21
2023-12-04,SKU_2,Category_3,18,586.7640148450946,0,39
2023-12-05,SKU_2,Category_3,13,586.7640148450946,0,13
2023-12-06,SKU_2,Category_3,12,586.7640148450946,1,12
2023-12-07,SKU_2,Category_3,20,586.7640148450946,0,34
2023-12-08,SKU_2,Category_3,21,586.7640148450946,0,70
2023-12-09,SKU_2,Category_3,18,586.7640148450946,0,18
2023-12-10,SKU_2,Category_3,40,586.7640148450946,0,53
2023-12-11,SKU_2,Category_3,37,586.7640148450946,1,75
2023-12-12,SKU_2,Category_3,13,586.7640148450946,0,95
2023-12-13,SKU_2,Category_3,20,586.7640148450946,0,39
2023-12-14,SKU_2,Category_3,28,586.7640148450946,0,71
2023-12-15,SKU_2,Category_3,26,586.7640148450946,0,44
2023-12-16,SKU_2,Category_3,27,586.7640148450946,0,67
2023-12-17,SKU_2,Category_3,21,586.7640148450946,0,32
2023-12-18,SKU_2,Category_3,20,586.7640148450946,0,20
2023-12-19,SKU_2,Category_3,21,586.7640148450946,0,44
2023-12-20,SKU_2,Category_3,21,586.7640148450946,0,49
2023-12-21,SKU_2,Category_3,25,586.7640148450946,0,56
2023-12-22,SKU_2,Category_3,21,586.7640148450946,0,81
2023-12-23,SKU_2,Category_3,33,586.7640148450946,0,72
2023-12-24,SKU_2,Category_3,24,586.7640148450946,0,24
2023-12-25,SKU_2,Category_3,26,586.7640148450946,0,66
2023-12-26,SKU_2,Category_3,26,586.7640148450946,0,85
2023-12-27,SKU_2,Category_3,18,586.7640148450946,0,18
2023-12-28,SKU_2,Category_3,15,586.7640148450946,0,15
2023-12-29,SKU_2,Category_3,28,586.7640148450946,0,32
2023-12-30,SKU_2,Category_3,23,586.7640148450946,0,23
2023-12-31,SKU_2,Category_3,24,586.7640148450946,0,81
2023-01-01,SKU_3,Category_4,34,1070.6008234556143,1,34
2023-01-02,SKU_3,Category_4,23,1070.6008234556143,0,23
2023-01-03,SKU_3,Category_4,77,1070.6008234556143,1,92
2023-01-04,SKU_3,Category_4,12,1070.6008234556143,1,12
2023-01-05,SKU_3,Category_4,28,1070.6008234556143,0,28
2023-01-06,SKU_3,Category_4,23,1070.6008234556143,0,23
2023-01-07,SKU_3,Category_4,23,1070.6008234556143,0,23
2023-01-08,SKU_3,Category_4,66,1070.6008234556143,0,68
2023-01-09,SKU_3,Category_4,17,1070.6008234556143,0,17
2023-01-10,SKU_3,Category_4,49,1070.6008234556143,0,95
2023-01-11,SKU_3,Category_4,39,1070.6008234556143,0,39
2023-01-12,SKU_3,Category_4,20,1070.6008234556143,0,20
2023-01-13,SKU_3,Category_4,73,1070.6008234556143,1,78
2023-01-14,SKU_3,Category_4,69,1070.6008234556143,0,76
2023-01-15,SKU_3,Category_4,18,1070.6008234556143,0,18
2023-01-16,SKU_3,Category_4,57,1070.6008234556143,0,90
2023-01-17,SKU_3,Category_4,46,1070.6008234556143,0,63
2023-01-18,SKU_3,Category_4,50,1070.6008234556143,0,56
2023-01-19,SKU_3,Category_4,31,1070.6008234556143,0,31
2023-01-20,SKU_3,Category_4,46,1070.6008234556143,0,60
2023-01-21,SKU_3,Category_4,64,1070.6008234556143,0,64
2023-01-22,SKU_3,Category_4,37,1070.6008234556143,0,37
2023-01-23,SKU_3,Category_4,44,1070.6008234556143,0,64
2023-01-24,SKU_3,Category_4,68,1070.6008234556143,1,81
2023-01-25,SKU_3,Category_4,26,1070.6008234556143,0,26
2023-01-26,SKU_3,Category_4,15,1070.6008234556143,0,15
2023-01-27,SKU_3,Category_4,46,1070.6008234556143,0,74
2023-01-28,SKU_3,Category_4,49,1070.6008234556143,0,49
2023-01-29,SKU_3,Category_4,57,1070.6008234556143,0,58
2023-01-30,SKU_3,Category_4,35,1070.6008234556143,0,58
2023-01-31,SKU_3,Category_4,47,1070.6008234556143,0,94
2023-02-01,SKU_3,Category_4,45,1070.6008234556143,0,73
2023-02-02,SKU_3,Category_4,18,1070.6008234556143,0,18
2023-02-03,SKU_3,Category_4,48,1070.6008234556143,0,58
2023-02-04,SKU_3,Category_4,48,1070.6008234556143,0,48
2023-02-05,SKU_3,Category_4,48,1070.6008234556143,0,48
2023-02-06,SKU_3,Category_4,10,1070.6008234556143,0,10
2023-02-07,SKU_3,Category_4,28,1070.6008234556143,0,28
2023-02-08,SKU_3,Category_4,21,1070.6008234556143,0,21
2023-02-09,SKU_3,Category_4,42,1070.6008234556143,0,42
2023-02-10,SKU_3,Category_4,49,1070.6008234556143,0,91
2023-02-11,SKU_3,Category_4,60,1070.6008234556143,0,77
2023-02-12,SKU_3,Category_4,28,1070.6008234556143,0,28
2023-02-13,SKU_3,Category_4,45,1070.6008234556143,0,49
2023-02-14,SKU_3,Category_4,51,1070.6008234556143,0,72
2023-02-15,SKU_3,Category_4,48,1070.6008234556143,0,83
2023-02-16,SKU_3,Category_4,48,1070.6008234556143,0,91
2023-02-17,SKU_3,Category_4,49,1070.6008234556143,0,82
2023-02-18,SKU_3,Category_4,36,1070.6008234556143,0,36
2023-02-19,SKU_3,Category_4,47,1070.6008234556143,0,47
2023-02-20,SKU_3,Category_4,50,1070.6008234556143,0,74
2023-02-21,SKU_3,Category_4,58,1070.6008234556143,0,88
2023-02-22,SKU_3,Category_4,34,1070.6008234556143,0,34
2023-02-23,SKU_3,Category_4,43,1070.6008234556143,0,47
2023-02-24,SKU_3,Category_4,45,1070.6008234556143,0,54
2023-02-25,SKU_3,Category_4,62,1070.6008234556143,0,62
2023-02-26,SKU_3,Category_4,41,1070.6008234556143,0,41
2023-02-27,SKU_3,Category_4,37,1070.6008234556143,0,37
2023-02-28,SKU_3,Category_4,47,1070.6008234556143,0,84
2023-03-01,SKU_3,Category_4,50,1070.6008234556143,0,66
2023-03-02,SKU_3,Category_4,43,1070.6008234556143,0,43
2023-03-03,SKU_3,Category_4,37,1070.6008234556143,0,46
2023-03-04,SKU_3,Category_4,62,1070.6008234556143,0,83
2023-03-05,SKU_3,Category_4,44,1070.6008234556143,0,44
2023-03-06,SKU_3,Category_4,48,1070.6008234556143,0,58
2023-03-07,SKU_3,Category_4,45,1070.6008234556143,0,73
2023-03-08,SKU_3,Category_4,42,1070.6008234556143,0,85
2023-03-09,SKU_3,Category_4,40,1070.6008234556143,0,40
2023-03-10,SKU_3,Category_4,48,1070.6008234556143,0,97
2023-03-11,SKU_3,Category_4,57,1070.6008234556143,0,84
2023-03-12,SKU_3,Category_4,63,1070.6008234556143,0,73
2023-03-13,SKU_3,Category_4,48,1070.6008234556143,0,60
2023-03-14,SKU_3,Category_4,39,1070.6008234556143,0,39
2023-03-15,SKU_3,Category_4,46,1070.6008234556143,0,46
2023-03-16,SKU_3,Category_4,76,1070.6008234556143,1,77
2023-03-17,SKU_3,Category_4,71,1070.6008234556143,1,82
2023-03-18,SKU_3,Category_4,31,1070.6008234556143,1,31
2023-03-19,SKU_3,Category_4,46,1070.6008234556143,0,46
2023-03-20,SKU_3,Category_4,42,1070.6008234556143,0,62
2023-03-21,SKU_3,Category_4,49,1070.6008234556143,0,60
2023-03-22,SKU_3,Category_4,51,1070.6008234556143,0,94
2023-03-23,SKU_3,Category_4,30,1070.6008234556143,0,30
2023-03-24,SKU_3,Category_4,63,1070.6008234556143,1,72
2023-03-25,SKU_3,Category_4,22,1070.6008234556143,0,22
2023-03-26,SKU_3,Category_4,26,1070.6008234556143,0,26
2023-03-27,SKU_3,Category_4,47,1070.6008234556143,0,91
2023-03-28,SKU_3,Category_4,46,1070.6008234556143,0,46
2023-03-29,SKU_3,Category_4,17,1070.6008234556143,0,17
2023-03-30,SKU_3,Category_4,28,1070.6008234556143,0,28
2023-03-31,SKU_3,Category_4,20,1070.6008234556143,0,20
2023-04-01,SKU_3,Category_4,20,1070.6008234556143,0,20
2023-04-02,SKU_3,Category_4,14,1070.6008234556143,0,14
2023-04-03,SKU_3,Category_4,21,1070.6008234556143,0,21
2023-04-04,SKU_3,Category_4,28,1070.6008234556143,1,28
2023-04-05,SKU_3,Category_4,50,1070.6008234556143,0,79
2023-04-06,SKU_3,Category_4,47,1070.6008234556143,0,84
2023-04-07,SKU_3,Category_4,46,1070.6008234556143,0,84
2023-04-08,SKU_3,Category_4,90,1070.6008234556143,1,90
2023-04-09,SKU_3,Category_4,60,1070.6008234556143,0,60
2023-04-10,SKU_3,Category_4,13,1070.6008234556143,0,13
2023-04-11,SKU_3,Category_4,49,1070.6008234556143,0,81
2023-04-12,SKU_3,Category_4,48,1070.6008234556143,0,90
2023-04-13,SKU_3,Category_4,43,1070.6008234556143,0,72
2023-04-14,SKU_3,Category_4,45,1070.6008234556143,0,68
2023-04-15,SKU_3,Category_4,31,1070.6008234556143,0,31
2023-04-16,SKU_3,Category_4,52,1070.6008234556143,0,52
2023-04-17,SKU_3,Category_4,30,1070.6008234556143,0,30
2023-04-18,SKU_3,Category_4,51,1070.6008234556143,0,75
2023-04-19,SKU_3,Category_4,50,1070.6008234556143,0,56
2023-04-20,SKU_3,Category_4,17,1070.6008234556143,1,17
2023-04-21,SKU_3,Category_4,46,1070.6008234556143,1,46
2023-04-22,SKU_3,Category_4,46,1070.6008234556143,0,46
2023-04-23,SKU_3,Category_4,44,1070.6008234556143,0,44
2023-04-24,SKU_3,Category_4,32,1070.6008234556143,0,32
2023-04-25,SKU_3,Category_4,39,1070.6008234556143,0,39
2023-04-26,SKU_3,Category_4,45,1070.6008234556143,0,84
2023-04-27,SKU_3,Category_4,49,1070.6008234556143,0,54
2023-04-28,SKU_3,Category_4,48,1070.6008234556143,0,54
2023-04-29,SKU_3,Category_4,49,1070.6008234556143,1,49
2023-04-30,SKU_3,Category_4,43,1070.6008234556143,0,43
2023-05-01,SKU_3,Category_4,48,1070.6008234556143,0,75
2023-05-02,SKU_3,Category_4,49,1070.6008234556143,0,65
2023-05-03,SKU_3,Category_4,17,1070.6008234556143,0,17
2023-05-04,SKU_3,Category_4,44,1070.6008234556143,0,64
2023-05-05,SKU_3,Category_4,72,1070.6008234556143,1,74
2023-05-06,SKU_3,Category_4,39,1070.6008234556143,0,39
2023-05-07,SKU_3,Category_4,66,1070.6008234556143,1,66
2023-05-08,SKU_3,Category_4,40,1070.6008234556143,0,40
2023-05-09,SKU_3,Category_4,19,1070.6008234556143,0,19
2023-05-10,SKU_3,Category_4,49,1070.6008234556143,0,63
2023-05-11,SKU_3,Category_4,37,1070.6008234556143,0,37
2023-05-12,SKU_3,Category_4,52,1070.6008234556143,0,62
2023-05-13,SKU_3,Category_4,69,1070.6008234556143,0,86
2023-05-14,SKU_3,Category_4,17,1070.6008234556143,1,17
2023-05-15,SKU_3,Category_4,39,1070.6008234556143,0,91
2023-05-16,SKU_3,Category_4,48,1070.6008234556143,0,84
2023-05-17,SKU_3,Category_4,35,1070.6008234556143,0,35
2023-05-18,SKU_3,Category_4,47,1070.6008234556143,0,95
2023-05-19,SKU_3,Category_4,20,1070.6008234556143,0,20
2023-05-20,SKU_3,Category_4,28,1070.6008234556143,0,28
2023-05-21,SKU_3,Category_4,64,1070.6008234556143,0,91
2023-05-22,SKU_3,Category_4,22,1070.6008234556143,0,22
2023-05-23,SKU_3,Category_4,52,1070.6008234556143,0,60
2023-05-24,SKU_3,Category_4,48,1070.6008234556143,0,67
2023-05-25,SKU_3,Category_4,52,1070.6008234556143,0,98
2023-05-26,SKU_3,Category_4,19,1070.6008234556143,0,19
2023-05-27,SKU_3,Category_4,42,1070.6008234556143,0,42
2023-05-28,SKU_3,Category_4,20,1070.6008234556143,0,20
2023-05-29,SKU_3,Category_4,30,1070.6008234556143,1,30
2023-05-30,SKU_3,Category_4,54,1070.6008234556143,0,92
2023-05-31,SKU_3,Category_4,48,1070.6008234556143,0,57
2023-06-01,SKU_3,Category_4,46,1070.6008234556143,0,50
2023-06-02,SKU_3,Category_4,50,1070.6008234556143,0,80
2023-06-03,SKU_3,Category_4,59,1070.6008234556143,0,91
2023-06-04,SKU_3,Category_4,18,1070.6008234556143,0,18
2023-06-05,SKU_3,Category_4,45,1070.6008234556143,0,84
2023-06-06,SKU_3,Category_4,54,1070.6008234556143,0,96
2023-06-07,SKU_3,Category_4,43,1070.6008234556143,0,43
2023-06-08,SKU_3,Category_4,49,1070.6008234556143,0,63
2023-06-09,SKU_3,Category_4,30,1070.6008234556143,0,30
2023-06-10,SKU_3,Category_4,60,1070.6008234556143,0,63
2023-06-11,SKU_3,Category_4,53,1070.6008234556143,0,53
2023-06-12,SKU_3,Category_4,33,1070.6008234556143,0,33
2023-06-13,SKU_3,Category_4,52,1070.6008234556143,0,90
2023-06-14,SKU_3,Category_4,26,1070.6008234556143,0,26
2023-06-15,SKU_3,Category_4,33,1070.6008234556143,1,33
2023-06-16,SKU_3,Category_4,37,1070.6008234556143,0,37
2023-06-17,SKU_3,Category_4,60,1070.6008234556143,0,90
2023-06-18,SKU_3,Category_4,15,1070.6008234556143,0,15
2023-06-19,SKU_3,Category_4,34,1070.6008234556143,0,34
2023-06-20,SKU_3,Category_4,21,1070.6008234556143,0,21
2023-06-21,SKU_3,Category_4,50,1070.6008234556143,0,52
2023-06-22,SKU_3,Category_4,54,1070.6008234556143,0,60
2023-06-23,SKU_3,Category_4,49,1070.6008234556143,0,84
2023-06-24,SKU_3,Category_4,54,1070.6008234556143,0,54
2023-06-25,SKU_3,Category_4,13,1070.6008234556143,0,13
2023-06-26,SKU_3,Category_4,37,1070.6008234556143,0,37
2023-06-27,SKU_3,Category_4,49,1070.6008234556143,0,96
2023-06-28,SKU_3,Category_4,14,1070.6008234556143,0,14
2023-06-29,SKU_3,Category_4,49,1070.6008234556143,0,93
2023-06-30,SKU_3,Category_4,42,1070.6008234556143,0,80
2023-07-01,SKU_3,Category_4,35,1070.6008234556143,0,35
2023-07-02,SKU_3,Category_4,58,1070.6008234556143,0,86
2023-07-03,SKU_3,Category_4,44,1070.6008234556143,0,77
2023-07-04,SKU_3,Category_4,43,1070.6008234556143,0,58
2023-07-05,SKU_3,Category_4,77,1070.6008234556143,1,97
2023-07-06,SKU_3,Category_4,45,1070.6008234556143,0,55
2023-07-07,SKU_3,Category_4,14,1070.6008234556143,0,14
2023-07-08,SKU_3,Category_4,24,1070.6008234556143,0,24
2023-07-09,SKU_3,Category_4,30,1070.6008234556143,0,30
2023-07-10,SKU_3,Category_4,71,1070.6008234556143,1,71
2023-07-11,SKU_3,Category_4,49,1070.6008234556143,0,83
2023-07-12,SKU_3,Category_4,15,1070.6008234556143,0,15
2023-07-13,SKU_3,Category_4,41,1070.6008234556143,0,53
2023-07-14,SKU_3,Category_4,44,1070.6008234556143,0,84
2023-07-15,SKU_3,Category_4,20,1070.6008234556143,0,20
2023-07-16,SKU_3,Category_4,59,1070.6008234556143,0,77
2023-07-17,SKU_3,Category_4,57,1070.6008234556143,1,57
2023-07-18,SKU_3,Category_4,49,1070.6008234556143,0,85
2023-07-19,SKU_3,Category_4,52,1070.6008234556143,0,98
2023-07-20,SKU_3,Category_4,70,1070.6008234556143,1,91
2023-07-21,SKU_3,Category_4,13,1070.6008234556143,1,13
2023-07-22,SKU_3,Category_4,26,1070.6008234556143,0,26
2023-07-23,SKU_3,Category_4,89,1070.6008234556143,1,89
2023-07-24,SKU_3,Category_4,17,1070.6008234556143,1,17
2023-07-25,SKU_3,Category_4,51,1070.6008234556143,0,74
2023-07-26,SKU_3,Category_4,51,1070.6008234556143,0,53
2023-07-27,SKU_3,Category_4,51,1070.6008234556143,0,83
2023-07-28,SKU_3,Category_4,52,1070.6008234556143,0,52
2023-07-29,SKU_3,Category_4,51,1070.6008234556143,0,51
2023-07-30,SKU_3,Category_4,31,1070.6008234556143,0,31
2023-07-31,SKU_3,Category_4,52,1070.6008234556143,0,76
2023-08-01,SKU_3,Category_4,48,1070.6008234556143,0,98
2023-08-02,SKU_3,Category_4,52,1070.6008234556143,0,76
2023-08-03,SKU_3,Category_4,50,1070.6008234556143,0,99
2023-08-04,SKU_3,Category_4,27,1070.6008234556143,0,27
2023-08-05,SKU_3,Category_4,91,1070.6008234556143,1,91
2023-08-06,SKU_3,Category_4,10,1070.6008234556143,0,10
2023-08-07,SKU_3,Category_4,14,1070.6008234556143,0,14
2023-08-08,SKU_3,Category_4,26,1070.6008234556143,0,26
2023-08-09,SKU_3,Category_4,43,1070.6008234556143,0,77
2023-08-10,SKU_3,Category_4,20,1070.6008234556143,0,20
2023-08-11,SKU_3,Category_4,28,1070.6008234556143,0,28
2023-08-12,SKU_3,Category_4,59,1070.6008234556143,0,80
2023-08-13,SKU_3,Category_4,70,1070.6008234556143,0,93
2023-08-14,SKU_3,Category_4,17,1070.6008234556143,0,17
2023-08-15,SKU_3,Category_4,37,1070.6008234556143,0,37
2023-08-16,SKU_3,Category_4,46,1070.6008234556143,0,77
2023-08-17,SKU_3,Category_4,33,1070.6008234556143,0,33
2023-08-18,SKU_3,Category_4,54,1070.6008234556143,0,72
2023-08-19,SKU_3,Category_4,13,1070.6008234556143,0,13
2023-08-20,SKU_3,Category_4,66,1070.6008234556143,0,66
2023-08-21,SKU_3,Category_4,48,1070.6008234556143,0,62
2023-08-22,SKU_3,Category_4,52,1070.6008234556143,0,66
2023-08-23,SKU_3,Category_4,48,1070.6008234556143,0,66
2023-08-24,SKU_3,Category_4,16,1070.6008234556143,1,16
2023-08-25,SKU_3,Category_4,48,1070.6008234556143,0,60
2023-08-26,SKU_3,Category_4,62,1070.6008234556143,0,77
2023-08-27,SKU_3,Category_4,50,1070.6008234556143,1,50
2023-08-28,SKU_3,Category_4,43,1070.6008234556143,0,96
2023-08-29,SKU_3,Category_4,44,1070.6008234556143,0,66
2023-08-30,SKU_3,Category_4,44,1070.6008234556143,0,56
2023-08-31,SKU_3,Category_4,25,1070.6008234556143,0,25
2023-09-01,SKU_3,Category_4,40,1070.6008234556143,0,40
2023-09-02,SKU_3,Category_4,19,1070.6008234556143,0,19
2023-09-03,SKU_3,Category_4,26,1070.6008234556143,0,26
2023-09-04,SKU_3,Category_4,30,1070.6008234556143,0,30
2023-09-05,SKU_3,Category_4,44,1070.6008234556143,0,74
2023-09-06,SKU_3,Category_4,24,1070.6008234556143,0,24
2023-09-07,SKU_3,Category_4,48,1070.6008234556143,0,79
2023-09-08,SKU_3,Category_4,66,1070.6008234556143,1,66
2023-09-09,SKU_3,Category_4,50,1070.6008234556143,0,50
2023-09-10,SKU_3,Category_4,57,1070.6008234556143,0,61
2023-09-11,SKU_3,Category_4,42,1070.6008234556143,0,90
2023-09-12,SKU_3,Category_4,51,1070.6008234556143,0,64
2023-09-13,SKU_3,Category_4,57,1070.6008234556143,0,90
2023-09-14,SKU_3,Category_4,51,1070.6008234556143,0,77
2023-09-15,SKU_3,Category_4,46,1070.6008234556143,0,92
2023-09-16,SKU_3,Category_4,42,1070.6008234556143,0,42
2023-09-17,SKU_3,Category_4,70,1070.6008234556143,1,70
2023-09-18,SKU_3,Category_4,15,1070.6008234556143,0,15
2023-09-19,SKU_3,Category_4,58,1070.6008234556143,0,58
2023-09-20,SKU_3,Category_4,40,1070.6008234556143,0,89
2023-09-21,SKU_3,Category_4,22,1070.6008234556143,0,22
2023-09-22,SKU_3,Category_4,75,1070.6008234556143,1,98
2023-09-23,SKU_3,Category_4,62,1070.6008234556143,0,77
2023-09-24,SKU_3,Category_4,66,1070.6008234556143,0,66
2023-09-25,SKU_3,Category_4,16,1070.6008234556143,0,16
2023-09-26,SKU_3,Category_4,49,1070.6008234556143,0,89
2023-09-27,SKU_3,Category_4,21,1070.6008234556143,0,21
2023-09-28,SKU_3,Category_4,26,1070.6008234556143,0,26
2023-09-29,SKU_3,Category_4,14,1070.6008234556143,1,14
2023-09-30,SKU_3,Category_4,60,1070.6008234556143,0,68
2023-10-01,SKU_3,Category_4,59,1070.6008234556143,0,59
2023-10-02,SKU_3,Category_4,43,1070.6008234556143,0,75
2023-10-03,SKU_3,Category_4,48,1070.6008234556143,0,48
2023-10-04,SKU_3,Category_4,80,1070.6008234556143,1,88
2023-10-05,SKU_3,Category_4,54,1070.6008234556143,0,96
2023-10-06,SKU_3,Category_4,38,1070.6008234556143,0,38
2023-10-07,SKU_3,Category_4,65,1070.6008234556143,0,72
2023-10-08,SKU_3,Category_4,15,1070.6008234556143,0,15
2023-10-09,SKU_3,Category_4,37,1070.6008234556143,0,37
2023-10-10,SKU_3,Category_4,50,1070.6008234556143,0,50
2023-10-11,SKU_3,Category_4,54,1070.6008234556143,0,58
2023-10-12,SKU_3,Category_4,44,1070.6008234556143,0,98
2023-10-13,SKU_3,Category_4,11,1070.6008234556143,0,11
2023-10-14,SKU_3,Category_4,52,1070.6008234556143,0,52
2023-10-15,SKU_3,Category_4,38,1070.6008234556143,0,38
2023-10-16,SKU_3,Category_4,29,1070.6008234556143,1,29
2023-10-17,SKU_3,Category_4,45,1070.6008234556143,0,93
2023-10-18,SKU_3,Category_4,31,1070.6008234556143,0,31
2023-10-19,SKU_3,Category_4,77,1070.6008234556143,1,88
2023-10-20,SKU_3,Category_4,58,1070.6008234556143,0,79
2023-10-21,SKU_3,Category_4,60,1070.6008234556143,0,68
2023-10-22,SKU_3,Category_4,31,1070.6008234556143,0,31
2023-10-23,SKU_3,Category_4,39,1070.6008234556143,0,39
2023-10-24,SKU_3,Category_4,47,1070.6008234556143,0,77
2023-10-25,SKU_3,Category_4,18,1070.6008234556143,1,18
2023-10-26,SKU_3,Category_4,48,1070.6008234556143,0,55
2023-10-27,SKU_3,Category_4,41,1070.6008234556143,0,41
2023-10-28,SKU_3,Category_4,36,1070.6008234556143,0,36
2023-10-29,SKU_3,Category_4,44,1070.6008234556143,0,44
2023-10-30,SKU_3,Category_4,50,1070.6008234556143,0,82
2023-10-31,SKU_3,Category_4,28,1070.6008234556143,0,28
2023-11-01,SKU_3,Category_4,51,1070.6008234556143,0,51
2023-11-02,SKU_3,Category_4,49,1070.6008234556143,0,49
2023-11-03,SKU_3,Category_4,44,1070.6008234556143,0,71
2023-11-04,SKU_3,Category_4,54,1070.6008234556143,0,84
2023-11-05,SKU_3,Category_4,56,1070.6008234556143,0,91
2023-11-06,SKU_3,Category_4,28,1070.6008234556143,0,28
2023-11-07,SKU_3,Category_4,12,1070.6008234556143,0,12
2023-11-08,SKU_3,Category_4,45,1070.6008234556143,0,74
2023-11-09,SKU_3,Category_4,15,1070.6008234556143,0,15
2023-11-10,SKU_3,Category_4,48,1070.6008234556143,0,48
2023-11-11,SKU_3,Category_4,18,1070.6008234556143,0,18
2023-11-12,SKU_3,Category_4,62,1070.6008234556143,0,68
2023-11-13,SKU_3,Category_4,42,1070.6008234556143,0,69
2023-11-14,SKU_3,Category_4,49,1070.6008234556143,0,49
2023-11-15,SKU_3,Category_4,27,1070.6008234556143,0,27
2023-11-16,SKU_3,Category_4,31,1070.6008234556143,0,31
2023-11-17,SKU_3,Category_4,42,1070.6008234556143,0,95
2023-11-18,SKU_3,Category_4,65,1070.6008234556143,0,70
2023-11-19,SKU_3,Category_4,47,1070.6008234556143,0,47
2023-11-20,SKU_3,Category_4,10,1070.6008234556143,0,10
2023-11-21,SKU_3,Category_4,73,1070.6008234556143,1,83
2023-11-22,SKU_3,Category_4,68,1070.6008234556143,1,80
2023-11-23,SKU_3,Category_4,47,1070.6008234556143,0,77
2023-11-24,SKU_3,Category_4,55,1070.6008234556143,0,77
2023-11-25,SKU_3,Category_4,34,1070.6008234556143,1,34
2023-11-26,SKU_3,Category_4,53,1070.6008234556143,0,72
2023-11-27,SKU_3,Category_4,49,1070.6008234556143,0,55
2023-11-28,SKU_3,Category_4,14,1070.6008234556143,1,14
2023-11-29,SKU_3,Category_4,48,1070.6008234556143,0,48
2023-11-30,SKU_3,Category_4,37,1070.6008234556143,0,94
2023-12-01,SKU_3,Category_4,14,1070.6008234556143,1,14
2023-12-02,SKU_3,Category_4,52,1070.6008234556143,0,90
2023-12-03,SKU_3,Category_4,51,1070.6008234556143,0,95
2023-12-04,SKU_3,Category_4,43,1070.6008234556143,0,46
2023-12-05,SKU_3,Category_4,32,1070.6008234556143,0,32
2023-12-06,SKU_3,Category_4,56,1070.6008234556143,0,94
2023-12-07,SKU_3,Category_4,31,1070.6008234556143,0,31
2023-12-08,SKU_3,Category_4,39,1070.6008234556143,0,39
2023-12-09,SKU_3,Category_4,45,1070.6008234556143,0,45
2023-12-10,SKU_3,Category_4,37,1070.6008234556143,0,37
2023-12-11,SKU_3,Category_4,28,1070.6008234556143,0,28
2023-12-12,SKU_3,Category_4,37,1070.6008234556143,0,37
2023-12-13,SKU_3,Category_4,42,1070.6008234556143,0,42
2023-12-14,SKU_3,Category_4,28,1070.6008234556143,0,28
2023-12-15,SKU_3,Category_4,38,1070.6008234556143,0,38
2023-12-16,SKU_3,Category_4,22,1070.6008234556143,0,22
2023-12-17,SKU_3,Category_4,66,1070.6008234556143,0,86
2023-12-18,SKU_3,Category_4,60,1070.6008234556143,0,73
2023-12-19,SKU_3,Category_4,26,1070.6008234556143,1,26
2023-12-20,SKU_3,Category_4,48,1070.6008234556143,0,78
2023-12-21,SKU_3,Category_4,54,1070.6008234556143,0,62
2023-12-22,SKU_3,Category_4,52,1070.6008234556143,0,71
2023-12-23,SKU_3,Category_4,63,1070.6008234556143,0,88
2023-12-24,SKU_3,Category_4,41,1070.6008234556143,0,41
2023-12-25,SKU_3,Category_4,50,1070.6008234556143,0,82
2023-12-26,SKU_3,Category_4,51,1070.6008234556143,0,74
2023-12-27,SKU_3,Category_4,47,1070.6008234556143,0,60
2023-12-28,SKU_3,Category_4,50,1070.6008234556143,0,80
2023-12-29,SKU_3,Category_4,50,1070.6008234556143,0,54
2023-12-30,SKU_3,Category_4,20,1070.6008234556143,0,20
2023-12-31,SKU_3,Category_4,60,1070.6008234556143,0,60
2023-01-01,SKU_4,Category_5,15,811.9345389340849,0,15
2023-01-02,SKU_4,Category_5,37,811.9345389340849,0,66
2023-01-03,SKU_4,Category_5,52,811.9345389340849,1,91
2023-01-04,SKU_4,Category_5,33,811.9345389340849,0,73
2023-01-05,SKU_4,Category_5,59,811.9345389340849,1,76
2023-01-06,SKU_4,Category_5,28,811.9345389340849,0,68
2023-01-07,SKU_4,Category_5,13,811.9345389340849,0,13
2023-01-08,SKU_4,Category_5,39,811.9345389340849,0,39
2023-01-09,SKU_4,Category_5,41,811.9345389340849,0,71
2023-01-10,SKU_4,Category_5,42,811.9345389340849,0,70
2023-01-11,SKU_4,Category_5,28,811.9345389340849,0,57
2023-01-12,SKU_4,Category_5,37,811.9345389340849,0,54
2023-01-13,SKU_4,Category_5,42,811.9345389340849,0,67
2023-01-14,SKU_4,Category_5,18,811.9345389340849,0,18
2023-01-15,SKU_4,Category_5,15,811.9345389340849,0,15
2023-01-16,SKU_4,Category_5,12,811.9345389340849,0,12
2023-01-17,SKU_4,Category_5,36,811.9345389340849,0,99
2023-01-18,SKU_4,Category_5,44,811.9345389340849,0,51
2023-01-19,SKU_4,Category_5,40,811.9345389340849,0,70
2023-01-20,SKU_4,Category_5,30,811.9345389340849,0,68
2023-01-21,SKU_4,Category_5,42,811.9345389340849,0,68
2023-01-22,SKU_4,Category_5,20,811.9345389340849,0,20
2023-01-23,SKU_4,Category_5,38,811.9345389340849,0,90
2023-01-24,SKU_4,Category_5,32,811.9345389340849,0,32
2023-01-25,SKU_4,Category_5,29,811.9345389340849,0,71
2023-01-26,SKU_4,Category_5,35,811.9345389340849,0,70
2023-01-27,SKU_4,Category_5,34,811.9345389340849,0,54
2023-01-28,SKU_4,Category_5,36,811.9345389340849,0,36
2023-01-29,SKU_4,Category_5,31,811.9345389340849,0,31
2023-01-30,SKU_4,Category_5,32,811.9345389340849,0,32
2023-01-31,SKU_4,Category_5,55,811.9345389340849,1,97
2023-02-01,SKU_4,Category_5,30,811.9345389340849,0,37
2023-02-02,SKU_4,Category_5,42,811.9345389340849,0,46
2023-02-03,SKU_4,Category_5,36,811.9345389340849,0,55
2023-02-04,SKU_4,Category_5,15,811.9345389340849,0,15
2023-02-05,SKU_4,Category_5,38,811.9345389340849,0,38
2023-02-06,SKU_4,Category_5,27,811.9345389340849,0,86
2023-02-07,SKU_4,Category_5,32,811.9345389340849,0,63
2023-02-08,SKU_4,Category_5,38,811.9345389340849,0,47
2023-02-09,SKU_4,Category_5,38,811.9345389340849,0,83
2023-02-10,SKU_4,Category_5,38,811.9345389340849,0,44
2023-02-11,SKU_4,Category_5,40,811.9345389340849,0,44
2023-02-12,SKU_4,Category_5,39,811.9345389340849,0,68
2023-02-13,SKU_4,Category_5,34,811.9345389340849,0,57
2023-02-14,SKU_4,Category_5,34,811.9345389340849,0,95
2023-02-15,SKU_4,Category_5,38,811.9345389340849,0,41
2023-02-16,SKU_4,Category_5,41,811.9345389340849,0,67
2023-02-17,SKU_4,Category_5,19,811.9345389340849,0,19
2023-02-18,SKU_4,Category_5,47,811.9345389340849,0,77
2023-02-19,SKU_4,Category_5,66,811.9345389340849,1,83
2023-02-20,SKU_4,Category_5,34,811.9345389340849,0,34
2023-02-21,SKU_4,Category_5,38,811.9345389340849,0,64
2023-02-22,SKU_4,Category_5,35,811.9345389340849,0,72
2023-02-23,SKU_4,Category_5,40,811.9345389340849,0,93
2023-02-24,SKU_4,Category_5,23,811.9345389340849,1,23
2023-02-25,SKU_4,Category_5,55,811.9345389340849,0,64
2023-02-26,SKU_4,Category_5,42,811.9345389340849,0,96
2023-02-27,SKU_4,Category_5,49,811.9345389340849,1,68
2023-02-28,SKU_4,Category_5,35,811.9345389340849,0,63
2023-03-01,SKU_4,Category_5,13,811.9345389340849,0,13
2023-03-02,SKU_4,Category_5,29,811.9345389340849,0,85
2023-03-03,SKU_4,Category_5,28,811.9345389340849,0,55
2023-03-04,SKU_4,Category_5,29,811.9345389340849,0,29
2023-03-05,SKU_4,Category_5,29,811.9345389340849,0,29
2023-03-06,SKU_4,Category_5,12,811.9345389340849,1,12
2023-03-07,SKU_4,Category_5,40,811.9345389340849,0,75
2023-03-08,SKU_4,Category_5,35,811.9345389340849,1,35
2023-03-09,SKU_4,Category_5,29,811.9345389340849,0,29
2023-03-10,SKU_4,Category_5,30,811.9345389340849,0,49
2023-03-11,SKU_4,Category_5,46,811.9345389340849,0,64
2023-03-12,SKU_4,Category_5,49,811.9345389340849,0,71
2023-03-13,SKU_4,Category_5,37,811.9345389340849,0,65
2023-03-14,SKU_4,Category_5,35,811.9345389340849,0,62
2023-03-15,SKU_4,Category_5,31,811.9345389340849,0,90
2023-03-16,SKU_4,Category_5,31,811.9345389340849,0,66
2023-03-17,SKU_4,Category_5,21,811.9345389340849,0,21
2023-03-18,SKU_4,Category_5,44,811.9345389340849,0,73
2023-03-19,SKU_4,Category_5,47,811.9345389340849,0,59
2023-03-20,SKU_4,Category_5,25,811.9345389340849,0,67
2023-03-21,SKU_4,Category_5,19,811.9345389340849,0,19
2023-03-22,SKU_4,Category_5,24,811.9345389340849,0,24
2023-03-23,SKU_4,Category_5,34,811.9345389340849,0,65
2023-03-24,SKU_4,Category_5,20,811.9345389340849,0,20
2023-03-25,SKU_4,Category_5,40,811.9345389340849,0,69
2023-03-26,SKU_4,Category_5,37,811.9345389340849,0,37
2023-03-27,SKU_4,Category_5,32,811.9345389340849,0,35
2023-03-28,SKU_4,Category_5,35,811.9345389340849,0,91
2023-03-29,SKU_4,Category_5,20,811.9345389340849,0,20
2023-03-30,SKU_4,Category_5,30,811.9345389340849,0,71
2023-03-31,SKU_4,Category_5,33,811.9345389340849,0,33
2023-04-01,SKU_4,Category_5,58,811.9345389340849,0,69
2023-04-02,SKU_4,Category_5,45,811.9345389340849,0,66
2023-04-03,SKU_4,Category_5,30,811.9345389340849,0,62
2023-04-04,SKU_4,Category_5,43,811.9345389340849,0,57
2023-04-05,SKU_4,Category_5,33,811.9345389340849,0,85
2023-04-06,SKU_4,Category_5,32,811.9345389340849,0,72
2023-04-07,SKU_4,Category_5,22,811.9345389340849,0,22
2023-04-08,SKU_4,Category_5,66,811.9345389340849,1,94
2023-04-09,SKU_4,Category_5,49,811.9345389340849,0,89
2023-04-10,SKU_4,Category_5,44,811.9345389340849,0,69
2023-04-11,SKU_4,Category_5,37,811.9345389340849,0,57
2023-04-12,SKU_4,Category_5,32,811.9345389340849,0,98
2023-04-13,SKU_4,Category_5,22,811.9345389340849,0,22
2023-04-14,SKU_4,Category_5,35,811.9345389340849,0,86
2023-04-15,SKU_4,Category_5,52,811.9345389340849,0,99
2023-04-16,SKU_4,Category_5,47,811.9345389340849,0,81
2023-04-17,SKU_4,Category_5,34,811.9345389340849,0,41
2023-04-18,SKU_4,Category_5,12,811.9345389340849,0,12
2023-04-19,SKU_4,Category_5,33,811.9345389340849,0,89
2023-04-20,SKU_4,Category_5,29,811.9345389340849,0,87
2023-04-21,SKU_4,Category_5,19,811.9345389340849,0,19
2023-04-22,SKU_4,Category_5,40,811.9345389340849,0,40
2023-04-23,SKU_4,Category_5,41,811.9345389340849,0,78
2023-04-24,SKU_4,Category_5,29,811.9345389340849,0,94
2023-04-25,SKU_4,Category_5,31,811.9345389340849,0,31
2023-04-26,SKU_4,Category_5,41,811.9345389340849,0,58
2023-04-27,SKU_4,Category_5,43,811.9345389340849,0,86
2023-04-28,SKU_4,Category_5,36,811.9345389340849,0,86
2023-04-29,SKU_4,Category_5,37,811.9345389340849,0,67
2023-04-30,SKU_4,Category_5,49,811.9345389340849,0,68
2023-05-01,SKU_4,Category_5,35,811.9345389340849,0,37
2023-05-02,SKU_4,Category_5,34,811.9345389340849,0,91
2023-05-03,SKU_4,Category_5,28,811.9345389340849,0,39
2023-05-04,SKU_4,Category_5,49,811.9345389340849,1,91
2023-05-05,SKU_4,Category_5,41,811.9345389340849,0,94
2023-05-06,SKU_4,Category_5,46,811.9345389340849,0,92
2023-05-07,SKU_4,Category_5,43,811.9345389340849,0,82
2023-05-08,SKU_4,Category_5,32,811.9345389340849,0,61
2023-05-09,SKU_4,Category_5,36,811.9345389340849,0,66
2023-05-10,SKU_4,Category_5,33,811.9345389340849,0,84
2023-05-11,SKU_4,Category_5,18,811.9345389340849,0,18
2023-05-12,SKU_4,Category_5,42,811.9345389340849,0,66
2023-05-13,SKU_4,Category_5,36,811.9345389340849,0,36
2023-05-14,SKU_4,Category_5,51,811.9345389340849,0,71
2023-05-15,SKU_4,Category_5,32,811.9345389340849,0,52
2023-05-16,SKU_4,Category_5,36,811.9345389340849,0,94
2023-05-17,SKU_4,Category_5,27,811.9345389340849,0,32
2023-05-18,SKU_4,Category_5,45,811.9345389340849,1,73
2023-05-19,SKU_4,Category_5,29,811.9345389340849,0,81
2023-05-20,SKU_4,Category_5,41,811.9345389340849,0,58
2023-05-21,SKU_4,Category_5,39,811.9345389340849,0,75
2023-05-22,SKU_4,Category_5,26,811.9345389340849,0,26
2023-05-23,SKU_4,Category_5,36,811.9345389340849,0,65
2023-05-24,SKU_4,Category_5,36,811.9345389340849,0,99
2023-05-25,SKU_4,Category_5,45,811.9345389340849,1,45
2023-05-26,SKU_4,Category_5,56,811.9345389340849,1,92
2023-05-27,SKU_4,Category_5,52,811.9345389340849,0,65
2023-05-28,SKU_4,Category_5,41,811.9345389340849,0,49
2023-05-29,SKU_4,Category_5,28,811.9345389340849,0,85
2023-05-30,SKU_4,Category_5,36,811.9345389340849,0,36
2023-05-31,SKU_4,Category_5,25,811.9345389340849,0,25
2023-06-01,SKU_4,Category_5,30,811.9345389340849,0,34
2023-06-02,SKU_4,Category_5,46,811.9345389340849,1,76
2023-06-03,SKU_4,Category_5,35,811.9345389340849,0,35
2023-06-04,SKU_4,Category_5,19,811.9345389340849,0,19
2023-06-05,SKU_4,Category_5,31,811.9345389340849,0,36
2023-06-06,SKU_4,Category_5,24,811.9345389340849,0,24
2023-06-07,SKU_4,Category_5,33,811.9345389340849,0,56
2023-06-08,SKU_4,Category_5,37,811.9345389340849,0,59
2023-06-09,SKU_4,Category_5,33,811.9345389340849,0,64
2023-06-10,SKU_4,Category_5,48,811.9345389340849,0,98
2023-06-11,SKU_4,Category_5,46,811.9345389340849,0,93
2023-06-12,SKU_4,Category_5,38,811.9345389340849,0,95
2023-06-13,SKU_4,Category_5,24,811.9345389340849,0,24
2023-06-14,SKU_4,Category_5,52,811.9345389340849,1,61
2023-06-15,SKU_4,Category_5,14,811.9345389340849,0,14
2023-06-16,SKU_4,Category_5,44,811.9345389340849,0,56
2023-06-17,SKU_4,Category_5,40,811.9345389340849,0,95
2023-06-18,SKU_4,Category_5,46,811.9345389340849,0,73
2023-06-19,SKU_4,Category_5,26,811.9345389340849,0,81
2023-06-20,SKU_4,Category_5,30,811.9345389340849,0,70
2023-06-21,SKU_4,Category_5,31,811.9345389340849,0,78
2023-06-22,SKU_4,Category_5,11,811.9345389340849,0,11
2023-06-23,SKU_4,Category_5,35,811.9345389340849,0,85
2023-06-24,SKU_4,Category_5,44,811.9345389340849,0,86
2023-06-25,SKU_4,Category_5,47,811.9345389340849,0,63
2023-06-26,SKU_4,Category_5,34,811.9345389340849,0,82
2023-06-27,SKU_4,Category_5,31,811.9345389340849,0,43
2023-06-28,SKU_4,Category_5,38,811.9345389340849,0,61
2023-06-29,SKU_4,Category_5,10,811.9345389340849,0,10
2023-06-30,SKU_4,Category_5,35,811.9345389340849,0,72
2023-07-01,SKU_4,Category_5,31,811.9345389340849,0,31
2023-07-02,SKU_4,Category_5,47,811.9345389340849,0,89
2023-07-03,SKU_4,Category_5,32,811.9345389340849,0,99
2023-07-04,SKU_4,Category_5,40,811.9345389340849,0,47
2023-07-05,SKU_4,Category_5,23,811.9345389340849,0,23
2023-07-06,SKU_4,Category_5,34,811.9345389340849,0,70
2023-07-07,SKU_4,Category_5,38,811.9345389340849,0,40
2023-07-08,SKU_4,Category_5,44,811.9345389340849,0,44
2023-07-09,SKU_4,Category_5,32,811.9345389340849,0,32
2023-07-10,SKU_4,Category_5,35,811.9345389340849,0,35
2023-07-11,SKU_4,Category_5,47,811.9345389340849,1,68
2023-07-12,SKU_4,Category_5,27,811.9345389340849,0,27
2023-07-13,SKU_4,Category_5,24,811.9345389340849,0,24
2023-07-14,SKU_4,Category_5,31,811.9345389340849,0,44
2023-07-15,SKU_4,Category_5,41,811.9345389340849,0,41
2023-07-16,SKU_4,Category_5,53,811.9345389340849,1,53
2023-07-17,SKU_4,Category_5,27,811.9345389340849,0,59
2023-07-18,SKU_4,Category_5,41,811.9345389340849,0,41
2023-07-19,SKU_4,Category_5,46,811.9345389340849,0,46
2023-07-20,SKU_4,Category_5,44,811.9345389340849,0,77
2023-07-21,SKU_4,Category_5,32,811.9345389340849,0,75
2023-07-22,SKU_4,Category_5,17,811.9345389340849,0,17
2023-07-23,SKU_4,Category_5,47,811.9345389340849,0,66
2023-07-24,SKU_4,Category_5,33,811.9345389340849,0,39
2023-07-25,SKU_4,Category_5,44,811.9345389340849,0,48
2023-07-26,SKU_4,Category_5,36,811.9345389340849,0,52
2023-07-27,SKU_4,Category_5,15,811.9345389340849,0,15
2023-07-28,SKU_4,Category_5,27,811.9345389340849,0,27
2023-07-29,SKU_4,Category_5,36,811.9345389340849,0,83
2023-07-30,SKU_4,Category_5,47,811.9345389340849,0,72
2023-07-31,SKU_4,Category_5,34,811.9345389340849,0,50
2023-08-01,SKU_4,Category_5,37,811.9345389340849,0,41
2023-08-02,SKU_4,Category_5,20,811.9345389340849,0,20
2023-08-03,SKU_4,Category_5,12,811.9345389340849,0,12
2023-08-04,SKU_4,Category_5,27,811.9345389340849,1,27
2023-08-05,SKU_4,Category_5,38,811.9345389340849,0,82
2023-08-06,SKU_4,Category_5,39,811.9345389340849,0,56
2023-08-07,SKU_4,Category_5,37,811.9345389340849,0,96
2023-08-08,SKU_4,Category_5,33,811.9345389340849,0,34
2023-08-09,SKU_4,Category_5,33,811.9345389340849,0,67
2023-08-10,SKU_4,Category_5,19,811.9345389340849,0,19
2023-08-11,SKU_4,Category_5,20,811.9345389340849,0,20
2023-08-12,SKU_4,Category_5,44,811.9345389340849,0,90
2023-08-13,SKU_4,Category_5,46,811.9345389340849,0,73
2023-08-14,SKU_4,Category_5,27,811.9345389340849,0,27
2023-08-15,SKU_4,Category_5,28,811.9345389340849,0,68
2023-08-16,SKU_4,Category_5,34,811.9345389340849,0,85
2023-08-17,SKU_4,Category_5,13,811.9345389340849,0,13
2023-08-18,SKU_4,Category_5,36,811.9345389340849,1,36
2023-08-19,SKU_4,Category_5,47,811.9345389340849,0,81
2023-08-20,SKU_4,Category_5,21,811.9345389340849,1,21
2023-08-21,SKU_4,Category_5,24,811.9345389340849,0,52
2023-08-22,SKU_4,Category_5,31,811.9345389340849,0,94
2023-08-23,SKU_4,Category_5,31,811.9345389340849,0,99
2023-08-24,SKU_4,Category_5,25,811.9345389340849,0,85
2023-08-25,SKU_4,Category_5,31,811.9345389340849,0,32
2023-08-26,SKU_4,Category_5,30,811.9345389340849,0,76
2023-08-27,SKU_4,Category_5,43,811.9345389340849,0,56
2023-08-28,SKU_4,Category_5,36,811.9345389340849,0,73
2023-08-29,SKU_4,Category_5,29,811.9345389340849,0,64
2023-08-30,SKU_4,Category_5,32,811.9345389340849,0,45
2023-08-31,SKU_4,Category_5,25,811.9345389340849,0,25
2023-09-01,SKU_4,Category_5,28,811.9345389340849,0,28
2023-09-02,SKU_4,Category_5,22,811.9345389340849,0,22
2023-09-03,SKU_4,Category_5,39,811.9345389340849,0,82
2023-09-04,SKU_4,Category_5,28,811.9345389340849,0,28
2023-09-05,SKU_4,Category_5,29,811.9345389340849,0,29
2023-09-06,SKU_4,Category_5,13,811.9345389340849,0,13
2023-09-07,SKU_4,Category_5,35,811.9345389340849,0,84
2023-09-08,SKU_4,Category_5,33,811.9345389340849,0,67
2023-09-09,SKU_4,Category_5,46,811.9345389340849,0,77
2023-09-10,SKU_4,Category_5,40,811.9345389340849,1,40
2023-09-11,SKU_4,Category_5,40,811.9345389340849,0,92
2023-09-12,SKU_4,Category_5,41,811.9345389340849,1,41
2023-09-13,SKU_4,Category_5,27,811.9345389340849,0,69
2023-09-14,SKU_4,Category_5,25,811.9345389340849,0,25
2023-09-15,SKU_4,Category_5,34,811.9345389340849,0,97
2023-09-16,SKU_4,Category_5,43,811.9345389340849,0,94
2023-09-17,SKU_4,Category_5,11,811.9345389340849,0,11
2023-09-18,SKU_4,Category_5,13,811.9345389340849,0,13
2023-09-19,SKU_4,Category_5,21,811.9345389340849,0,21
2023-09-20,SKU_4,Category_5,36,811.9345389340849,0,36
2023-09-21,SKU_4,Category_5,43,811.9345389340849,0,69
2023-09-22,SKU_4,Category_5,39,811.9345389340849,0,93
2023-09-23,SKU_4,Category_5,41,811.9345389340849,0,69
2023-09-24,SKU_4,Category_5,71,811.9345389340849,1,86
2023-09-25,SKU_4,Category_5,28,811.9345389340849,0,89
2023-09-26,SKU_4,Category_5,38,811.9345389340849,0,66
2023-09-27,SKU_4,Category_5,33,811.9345389340849,0,75
2023-09-28,SKU_4,Category_5,24,811.9345389340849,0,82
2023-09-29,SKU_4,Category_5,29,811.9345389340849,0,45
2023-09-30,SKU_4,Category_5,36,811.9345389340849,0,36
2023-10-01,SKU_4,Category_5,24,811.9345389340849,0,24
2023-10-02,SKU_4,Category_5,37,811.9345389340849,0,37
2023-10-03,SKU_4,Category_5,34,811.9345389340849,0,87
2023-10-04,SKU_4,Category_5,34,811.9345389340849,0,97
2023-10-05,SKU_4,Category_5,34,811.9345389340849,0,79
2023-10-06,SKU_4,Category_5,38,811.9345389340849,0,45
2023-10-07,SKU_4,Category_5,37,811.9345389340849,0,54
2023-10-08,SKU_4,Category_5,27,811.9345389340849,0,27
2023-10-09,SKU_4,Category_5,25,811.9345389340849,0,25
2023-10-10,SKU_4,Category_5,30,811.9345389340849,0,77
2023-10-11,SKU_4,Category_5,34,811.9345389340849,0,87
2023-10-12,SKU_4,Category_5,25,811.9345389340849,0,25
2023-10-13,SKU_4,Category_5,26,811.9345389340849,1,26
2023-10-14,SKU_4,Category_5,44,811.9345389340849,0,53
2023-10-15,SKU_4,Category_5,44,811.9345389340849,0,87
2023-10-16,SKU_4,Category_5,30,811.9345389340849,0,40
2023-10-17,SKU_4,Category_5,29,811.9345389340849,0,71
2023-10-18,SKU_4,Category_5,35,811.9345389340849,0,49
2023-10-19,SKU_4,Category_5,31,811.9345389340849,0,31
2023-10-20,SKU_4,Category_5,36,811.9345389340849,0,78
2023-10-21,SKU_4,Category_5,43,811.9345389340849,0,93
2023-10-22,SKU_4,Category_5,44,811.9345389340849,0,84
2023-10-23,SKU_4,Category_5,34,811.9345389340849,0,63
2023-10-24,SKU_4,Category_5,29,811.9345389340849,0,29
2023-10-25,SKU_4,Category_5,10,811.9345389340849,0,10
2023-10-26,SKU_4,Category_5,38,811.9345389340849,0,38
2023-10-27,SKU_4,Category_5,42,811.9345389340849,0,42
2023-10-28,SKU_4,Category_5,44,811.9345389340849,0,44
2023-10-29,SKU_4,Category_5,29,811.9345389340849,0,29
2023-10-30,SKU_4,Category_5,13,811.9345389340849,0,13
2023-10-31,SKU_4,Category_5,38,811.9345389340849,0,66
2023-11-01,SKU_4,Category_5,40,811.9345389340849,0,61
2023-11-02,SKU_4,Category_5,31,811.9345389340849,0,81
2023-11-03,SKU_4,Category_5,38,811.9345389340849,0,51
2023-11-04,SKU_4,Category_5,40,811.9345389340849,0,86
2023-11-05,SKU_4,Category_5,29,811.9345389340849,0,29
2023-11-06,SKU_4,Category_5,20,811.9345389340849,0,20
2023-11-07,SKU_4,Category_5,34,811.9345389340849,0,36
2023-11-08,SKU_4,Category_5,15,811.9345389340849,1,15
2023-11-09,SKU_4,Category_5,35,811.9345389340849,0,51
2023-11-10,SKU_4,Category_5,35,811.9345389340849,0,61
2023-11-11,SKU_4,Category_5,16,811.9345389340849,0,16
2023-11-12,SKU_4,Category_5,35,811.9345389340849,0,35
2023-11-13,SKU_4,Category_5,21,811.9345389340849,0,21
2023-11-14,SKU_4,Category_5,33,811.9345389340849,0,98
2023-11-15,SKU_4,Category_5,34,811.9345389340849,0,63
2023-11-16,SKU_4,Category_5,30,811.9345389340849,0,58
2023-11-17,SKU_4,Category_5,20,811.9345389340849,0,20
2023-11-18,SKU_4,Category_5,37,811.9345389340849,0,37
2023-11-19,SKU_4,Category_5,46,811.9345389340849,0,66
2023-11-20,SKU_4,Category_5,34,811.9345389340849,0,45
2023-11-21,SKU_4,Category_5,32,811.9345389340849,0,44
2023-11-22,SKU_4,Category_5,29,811.9345389340849,0,88
2023-11-23,SKU_4,Category_5,26,811.9345389340849,0,98
2023-11-24,SKU_4,Category_5,42,811.9345389340849,0,73
2023-11-25,SKU_4,Category_5,39,811.9345389340849,0,47
2023-11-26,SKU_4,Category_5,53,811.9345389340849,0,90
2023-11-27,SKU_4,Category_5,49,811.9345389340849,1,50
2023-11-28,SKU_4,Category_5,35,811.9345389340849,0,59
2023-11-29,SKU_4,Category_5,26,811.9345389340849,0,61
2023-11-30,SKU_4,Category_5,13,811.9345389340849,0,13
2023-12-01,SKU_4,Category_5,30,811.9345389340849,0,52
2023-12-02,SKU_4,Category_5,17,811.9345389340849,0,17
2023-12-03,SKU_4,Category_5,44,811.9345389340849,0,92
2023-12-04,SKU_4,Category_5,41,811.9345389340849,0,41
2023-12-05,SKU_4,Category_5,27,811.9345389340849,1,27
2023-12-06,SKU_4,Category_5,35,811.9345389340849,0,68
2023-12-07,SKU_4,Category_5,40,811.9345389340849,0,46
2023-12-08,SKU_4,Category_5,39,811.9345389340849,0,39
2023-12-09,SKU_4,Category_5,47,811.9345389340849,0,75
2023-12-10,SKU_4,Category_5,47,811.9345389340849,0,62
2023-12-11,SKU_4,Category_5,10,811.9345389340849,0,10
2023-12-12,SKU_4,Category_5,33,811.9345389340849,0,33
2023-12-13,SKU_4,Category_5,27,811.9345389340849,0,27
2023-12-14,SKU_4,Category_5,35,811.9345389340849,0,42
2023-12-15,SKU_4,Category_5,21,811.9345389340849,0,21
2023-12-16,SKU_4,Category_5,24,811.9345389340849,1,24
2023-12-17,SKU_4,Category_5,43,811.9345389340849,0,53
2023-12-18,SKU_4,Category_5,39,811.9345389340849,0,47
2023-12-19,SKU_4,Category_5,36,811.9345389340849,0,42
2023-12-20,SKU_4,Category_5,33,811.9345389340849,0,91
2023-12-21,SKU_4,Category_5,28,811.9345389340849,0,97
2023-12-22,SKU_4,Category_5,34,811.9345389340849,0,34
2023-12-23,SKU_4,Category_5,51,811.9345389340849,0,94
2023-12-24,SKU_4,Category_5,37,811.9345389340849,0,37
2023-12-25,SKU_4,Category_5,37,811.9345389340849,0,60
2023-12-26,SKU_4,Category_5,28,811.9345389340849,0,41
2023-12-27,SKU_4,Category_5,36,811.9345389340849,0,78
2023-12-28,SKU_4,Category_5,27,811.9345389340849,0,48
2023-12-29,SKU_4,Category_5,35,811.9345389340849,0,80
2023-12-30,SKU_4,Category_5,38,811.9345389340849,0,38
2023-12-31,SKU_4,Category_5,15,811.9345389340849,0,15
2023-01-01,SKU_5,Category_1,28,1096.6901613936473,0,93
2023-01-02,SKU_5,Category_1,29,1096.6901613936473,0,60
2023-01-03,SKU_5,Category_1,31,1096.6901613936473,0,86
2023-01-04,SKU_5,Category_1,18,1096.6901613936473,1,18
2023-01-05,SKU_5,Category_1,31,1096.6901613936473,0,53
2023-01-06,SKU_5,Category_1,24,1096.6901613936473,0,89
2023-01-07,SKU_5,Category_1,21,1096.6901613936473,0,21
2023-01-08,SKU_5,Category_1,59,1096.6901613936473,1,69
2023-01-09,SKU_5,Category_1,22,1096.6901613936473,0,32
2023-01-10,SKU_5,Category_1,47,1096.6901613936473,1,78
2023-01-11,SKU_5,Category_1,44,1096.6901613936473,1,87
2023-01-12,SKU_5,Category_1,25,1096.6901613936473,0,68
2023-01-13,SKU_5,Category_1,36,1096.6901613936473,0,36
2023-01-14,SKU_5,Category_1,18,1096.6901613936473,0,18
2023-01-15,SKU_5,Category_1,40,1096.6901613936473,0,89
2023-01-16,SKU_5,Category_1,49,1096.6901613936473,1,54
2023-01-17,SKU_5,Category_1,34,1096.6901613936473,0,54
2023-01-18,SKU_5,Category_1,36,1096.6901613936473,0,72
2023-01-19,SKU_5,Category_1,41,1096.6901613936473,0,64
2023-01-20,SKU_5,Category_1,26,1096.6901613936473,0,44
2023-01-21,SKU_5,Category_1,40,1096.6901613936473,0,54
2023-01-22,SKU_5,Category_1,40,1096.6901613936473,0,74
2023-01-23,SKU_5,Category_1,28,1096.6901613936473,0,64
2023-01-24,SKU_5,Category_1,36,1096.6901613936473,0,69
2023-01-25,SKU_5,Category_1,33,1096.6901613936473,0,58
2023-01-26,SKU_5,Category_1,48,1096.6901613936473,1,49
2023-01-27,SKU_5,Category_1,33,1096.6901613936473,0,63
2023-01-28,SKU_5,Category_1,27,1096.6901613936473,0,37
2023-01-29,SKU_5,Category_1,35,1096.6901613936473,0,64
2023-01-30,SKU_5,Category_1,45,1096.6901613936473,1,94
2023-01-31,SKU_5,Category_1,15,1096.6901613936473,0,15
2023-02-01,SKU_5,Category_1,25,1096.6901613936473,0,73
2023-02-02,SKU_5,Category_1,34,1096.6901613936473,0,86
2023-02-03,SKU_5,Category_1,39,1096.6901613936473,0,96
2023-02-04,SKU_5,Category_1,34,1096.6901613936473,0,54
2023-02-05,SKU_5,Category_1,43,1096.6901613936473,0,97
2023-02-06,SKU_5,Category_1,30,1096.6901613936473,0,59
2023-02-07,SKU_5,Category_1,15,1096.6901613936473,0,15
2023-02-08,SKU_5,Category_1,28,1096.6901613936473,0,30
2023-02-09,SKU_5,Category_1,38,1096.6901613936473,0,54
2023-02-10,SKU_5,Category_1,26,1096.6901613936473,0,26
2023-02-11,SKU_5,Category_1,37,1096.6901613936473,0,75
2023-02-12,SKU_5,Category_1,40,1096.6901613936473,0,47
2023-02-13,SKU_5,Category_1,29,1096.6901613936473,0,84
2023-02-14,SKU_5,Category_1,26,1096.6901613936473,0,27
2023-02-15,SKU_5,Category_1,30,1096.6901613936473,0,97
2023-02-16,SKU_5,Category_1,30,1096.6901613936473,0,54
2023-02-17,SKU_5,Category_1,31,1096.6901613936473,0,98
2023-02-18,SKU_5,Category_1,34,1096.6901613936473,0,34
2023-02-19,SKU_5,Category_1,42,1096.6901613936473,0,82
2023-02-20,SKU_5,Category_1,28,1096.6901613936473,0,64
2023-02-21,SKU_5,Category_1,27,1096.6901613936473,0,98
2023-02-22,SKU_5,Category_1,23,1096.6901613936473,0,57
2023-02-23,SKU_5,Category_1,40,1096.6901613936473,0,40
2023-02-24,SKU_5,Category_1,23,1096.6901613936473,0,69
2023-02-25,SKU_5,Category_1,40,1096.6901613936473,0,82
2023-02-26,SKU_5,Category_1,18,1096.6901613936473,0,18
2023-02-27,SKU_5,Category_1,29,1096.6901613936473,0,90
2023-02-28,SKU_5,Category_1,27,1096.6901613936473,0,27
2023-03-01,SKU_5,Category_1,22,1096.6901613936473,0,22
2023-03-02,SKU_5,Category_1,17,1096.6901613936473,0,17
2023-03-03,SKU_5,Category_1,34,1096.6901613936473,0,72
2023-03-04,SKU_5,Category_1,38,1096.6901613936473,0,51
2023-03-05,SKU_5,Category_1,22,1096.6901613936473,0,22
2023-03-06,SKU_5,Category_1,34,1096.6901613936473,0,61
2023-03-07,SKU_5,Category_1,27,1096.6901613936473,0,65
2023-03-08,SKU_5,Category_1,52,1096.6901613936473,1,94
2023-03-09,SKU_5,Category_1,48,1096.6901613936473,1,87
2023-03-10,SKU_5,Category_1,28,1096.6901613936473,0,64
2023-03-11,SKU_5,Category_1,11,1096.6901613936473,0,11
2023-03-12,SKU_5,Category_1,70,1096.6901613936473,1,79
2023-03-13,SKU_5,Category_1,25,1096.6901613936473,0,91
2023-03-14,SKU_5,Category_1,36,1096.6901613936473,0,95
2023-03-15,SKU_5,Category_1,23,1096.6901613936473,0,92
2023-03-16,SKU_5,Category_1,33,1096.6901613936473,0,64
2023-03-17,SKU_5,Category_1,23,1096.6901613936473,0,23
2023-03-18,SKU_5,Category_1,39,1096.6901613936473,0,92
2023-03-19,SKU_5,Category_1,25,1096.6901613936473,0,25
2023-03-20,SKU_5,Category_1,29,1096.6901613936473,0,89
2023-03-21,SKU_5,Category_1,28,1096.6901613936473,0,51
2023-03-22,SKU_5,Category_1,15,1096.6901613936473,0,15
2023-03-23,SKU_5,Category_1,35,1096.6901613936473,0,96
2023-03-24,SKU_5,Category_1,29,1096.6901613936473,0,55
2023-03-25,SKU_5,Category_1,35,1096.6901613936473,0,35
2023-03-26,SKU_5,Category_1,38,1096.6901613936473,0,84
2023-03-27,SKU_5,Category_1,30,1096.6901613936473,0,87
2023-03-28,SKU_5,Category_1,32,1096.6901613936473,0,68
2023-03-29,SKU_5,Category_1,28,1096.6901613936473,0,29
2023-03-30,SKU_5,Category_1,10,1096.6901613936473,0,10
2023-03-31,SKU_5,Category_1,33,1096.6901613936473,0,81
2023-04-01,SKU_5,Category_1,16,1096.6901613936473,0,16
2023-04-02,SKU_5,Category_1,38,1096.6901613936473,0,89
2023-04-03,SKU_5,Category_1,25,1096.6901613936473,0,84
2023-04-04,SKU_5,Category_1,29,1096.6901613936473,0,42
2023-04-05,SKU_5,Category_1,31,1096.6901613936473,0,90
2023-04-06,SKU_5,Category_1,14,1096.6901613936473,0,14
2023-04-07,SKU_5,Category_1,42,1096.6901613936473,1,70
2023-04-08,SKU_5,Category_1,26,1096.6901613936473,0,26
2023-04-09,SKU_5,Category_1,41,1096.6901613936473,0,87
2023-04-10,SKU_5,Category_1,25,1096.6901613936473,0,88
2023-04-11,SKU_5,Category_1,17,1096.6901613936473,1,17
2023-04-12,SKU_5,Category_1,38,1096.6901613936473,0,71
2023-04-13,SKU_5,Category_1,51,1096.6901613936473,1,70
2023-04-14,SKU_5,Category_1,22,1096.6901613936473,0,22
2023-04-15,SKU_5,Category_1,53,1096.6901613936473,1,91
2023-04-16,SKU_5,Category_1,33,1096.6901613936473,0,40
2023-04-17,SKU_5,Category_1,27,1096.6901613936473,0,63
2023-04-18,SKU_5,Category_1,30,1096.6901613936473,0,87
2023-04-19,SKU_5,Category_1,19,1096.6901613936473,0,70
2023-04-20,SKU_5,Category_1,41,1096.6901613936473,0,44
2023-04-21,SKU_5,Category_1,33,1096.6901613936473,0,52
2023-04-22,SKU_5,Category_1,44,1096.6901613936473,0,67
2023-04-23,SKU_5,Category_1,15,1096.6901613936473,0,15
2023-04-24,SKU_5,Category_1,33,1096.6901613936473,0,98
2023-04-25,SKU_5,Category_1,29,1096.6901613936473,0,46
2023-04-26,SKU_5,Category_1,34,1096.6901613936473,0,78
2023-04-27,SKU_5,Category_1,31,1096.6901613936473,0,95
2023-04-28,SKU_5,Category_1,26,1096.6901613936473,0,31
2023-04-29,SKU_5,Category_1,27,1096.6901613936473,0,27
2023-04-30,SKU_5,Category_1,10,1096.6901613936473,0,10
2023-05-01,SKU_5,Category_1,20,1096.6901613936473,0,52
2023-05-02,SKU_5,Category_1,31,1096.6901613936473,0,42
2023-05-03,SKU_5,Category_1,27,1096.6901613936473,0,27
2023-05-04,SKU_5,Category_1,28,1096.6901613936473,0,52
2023-05-05,SKU_5,Category_1,32,1096.6901613936473,0,32
2023-05-06,SKU_5,Category_1,39,1096.6901613936473,0,39
2023-05-07,SKU_5,Category_1,27,1096.6901613936473,0,27
2023-05-08,SKU_5,Category_1,46,1096.6901613936473,1,49
2023-05-09,SKU_5,Category_1,32,1096.6901613936473,0,58
2023-05-10,SKU_5,Category_1,32,1096.6901613936473,0,38
2023-05-11,SKU_5,Category_1,23,1096.6901613936473,0,60
2023-05-12,SKU_5,Category_1,28,1096.6901613936473,0,29
2023-05-13,SKU_5,Category_1,36,1096.6901613936473,0,56
2023-05-14,SKU_5,Category_1,36,1096.6901613936473,0,95
2023-05-15,SKU_5,Category_1,27,1096.6901613936473,0,39
2023-05-16,SKU_5,Category_1,22,1096.6901613936473,0,84
2023-05-17,SKU_5,Category_1,36,1096.6901613936473,1,74
2023-05-18,SKU_5,Category_1,27,1096.6901613936473,1,27
2023-05-19,SKU_5,Category_1,25,1096.6901613936473,0,98
2023-05-20,SKU_5,Category_1,34,1096.6901613936473,0,65
2023-05-21,SKU_5,Category_1,35,1096.6901613936473,0,53
2023-05-22,SKU_5,Category_1,10,1096.6901613936473,0,10
2023-05-23,SKU_5,Category_1,26,1096.6901613936473,0,60
2023-05-24,SKU_5,Category_1,30,1096.6901613936473,0,30
2023-05-25,SKU_5,Category_1,32,1096.6901613936473,0,49
2023-05-26,SKU_5,Category_1,29,1096.6901613936473,0,74
2023-05-27,SKU_5,Category_1,38,1096.6901613936473,0,68
2023-05-28,SKU_5,Category_1,40,1096.6901613936473,0,53
2023-05-29,SKU_5,Category_1,36,1096.6901613936473,0,77
2023-05-30,SKU_5,Category_1,25,1096.6901613936473,0,25
2023-05-31,SKU_5,Category_1,26,1096.6901613936473,0,90
2023-06-01,SKU_5,Category_1,33,1096.6901613936473,0,79
2023-06-02,SKU_5,Category_1,39,1096.6901613936473,0,67
2023-06-03,SKU_5,Category_1,27,1096.6901613936473,0,27
2023-06-04,SKU_5,Category_1,36,1096.6901613936473,0,36
2023-06-05,SKU_5,Category_1,26,1096.6901613936473,0,88
2023-06-06,SKU_5,Category_1,31,1096.6901613936473,0,89
2023-06-07,SKU_5,Category_1,55,1096.6901613936473,1,89
2023-06-08,SKU_5,Category_1,36,1096.6901613936473,0,96
2023-06-09,SKU_5,Category_1,23,1096.6901613936473,0,50
2023-06-10,SKU_5,Category_1,40,1096.6901613936473,0,40
2023-06-11,SKU_5,Category_1,16,1096.6901613936473,0,16
2023-06-12,SKU_5,Category_1,15,1096.6901613936473,0,15
2023-06-13,SKU_5,Category_1,34,1096.6901613936473,0,80
2023-06-14,SKU_5,Category_1,33,1096.6901613936473,0,69
2023-06-15,SKU_5,Category_1,40,1096.6901613936473,0,83
2023-06-16,SKU_5,Category_1,50,1096.6901613936473,1,85
2023-06-17,SKU_5,Category_1,49,1096.6901613936473,0,50
2023-06-18,SKU_5,Category_1,44,1096.6901613936473,0,73
2023-06-19,SKU_5,Category_1,35,1096.6901613936473,0,67
2023-06-20,SKU_5,Category_1,31,1096.6901613936473,0,31
2023-06-21,SKU_5,Category_1,25,1096.6901613936473,0,99
2023-06-22,SKU_5,Category_1,31,1096.6901613936473,0,52
2023-06-23,SKU_5,Category_1,28,1096.6901613936473,0,50
2023-06-24,SKU_5,Category_1,26,1096.6901613936473,0,26
2023-06-25,SKU_5,Category_1,36,1096.6901613936473,0,66
2023-06-26,SKU_5,Category_1,18,1096.6901613936473,0,18
2023-06-27,SKU_5,Category_1,26,1096.6901613936473,0,26
2023-06-28,SKU_5,Category_1,32,1096.6901613936473,0,64
2023-06-29,SKU_5,Category_1,39,1096.6901613936473,0,83
2023-06-30,SKU_5,Category_1,28,1096.6901613936473,0,54
2023-07-01,SKU_5,Category_1,38,1096.6901613936473,0,82
2023-07-02,SKU_5,Category_1,53,1096.6901613936473,0,56
2023-07-03,SKU_5,Category_1,18,1096.6901613936473,0,18
2023-07-04,SKU_5,Category_1,23,1096.6901613936473,0,28
2023-07-05,SKU_5,Category_1,30,1096.6901613936473,0,35
2023-07-06,SKU_5,Category_1,32,1096.6901613936473,0,91
2023-07-07,SKU_5,Category_1,12,1096.6901613936473,0,12
2023-07-08,SKU_5,Category_1,41,1096.6901613936473,0,42
2023-07-09,SKU_5,Category_1,44,1096.6901613936473,0,65
2023-07-10,SKU_5,Category_1,36,1096.6901613936473,0,81
2023-07-11,SKU_5,Category_1,16,1096.6901613936473,0,16
2023-07-12,SKU_5,Category_1,28,1096.6901613936473,0,63
2023-07-13,SKU_5,Category_1,31,1096.6901613936473,0,58
2023-07-14,SKU_5,Category_1,30,1096.6901613936473,0,81
2023-07-15,SKU_5,Category_1,15,1096.6901613936473,0,15
2023-07-16,SKU_5,Category_1,43,1096.6901613936473,0,52
2023-07-17,SKU_5,Category_1,27,1096.6901613936473,0,87
2023-07-18,SKU_5,Category_1,30,1096.6901613936473,0,72
2023-07-19,SKU_5,Category_1,39,1096.6901613936473,0,77
2023-07-20,SKU_5,Category_1,30,1096.6901613936473,0,39
2023-07-21,SKU_5,Category_1,33,1096.6901613936473,0,99
2023-07-22,SKU_5,Category_1,35,1096.6901613936473,0,35
2023-07-23,SKU_5,Category_1,44,1096.6901613936473,0,57
2023-07-24,SKU_5,Category_1,34,1096.6901613936473,0,57
2023-07-25,SKU_5,Category_1,25,1096.6901613936473,0,93
2023-07-26,SKU_5,Category_1,30,1096.6901613936473,0,49
2023-07-27,SKU_5,Category_1,34,1096.6901613936473,0,87
2023-07-28,SKU_5,Category_1,15,1096.6901613936473,0,15
2023-07-29,SKU_5,Category_1,31,1096.6901613936473,0,31
2023-07-30,SKU_5,Category_1,42,1096.6901613936473,0,60
2023-07-31,SKU_5,Category_1,36,1096.6901613936473,0,57
2023-08-01,SKU_5,Category_1,33,1096.6901613936473,0,57
2023-08-02,SKU_5,Category_1,29,1096.6901613936473,0,78
2023-08-03,SKU_5,Category_1,24,1096.6901613936473,0,32
2023-08-04,SKU_5,Category_1,18,1096.6901613936473,0,18
2023-08-05,SKU_5,Category_1,30,1096.6901613936473,0,30
2023-08-06,SKU_5,Category_1,20,1096.6901613936473,0,20
2023-08-07,SKU_5,Category_1,23,1096.6901613936473,0,23
2023-08-08,SKU_5,Category_1,19,1096.6901613936473,0,19
2023-08-09,SKU_5,Category_1,38,1096.6901613936473,1,50
2023-08-10,SKU_5,Category_1,26,1096.6901613936473,0,26
2023-08-11,SKU_5,Category_1,21,1096.6901613936473,0,21
2023-08-12,SKU_5,Category_1,30,1096.6901613936473,0,51
2023-08-13,SKU_5,Category_1,13,1096.6901613936473,0,13
2023-08-14,SKU_5,Category_1,23,1096.6901613936473,0,28
2023-08-15,SKU_5,Category_1,17,1096.6901613936473,1,17
2023-08-16,SKU_5,Category_1,20,1096.6901613936473,0,20
2023-08-17,SKU_5,Category_1,17,1096.6901613936473,0,17
2023-08-18,SKU_5,Category_1,43,1096.6901613936473,0,62
2023-08-19,SKU_5,Category_1,37,1096.6901613936473,0,45
2023-08-20,SKU_5,Category_1,44,1096.6901613936473,0,85
2023-08-21,SKU_5,Category_1,33,1096.6901613936473,0,95
2023-08-22,SKU_5,Category_1,34,1096.6901613936473,0,59
2023-08-23,SKU_5,Category_1,18,1096.6901613936473,0,18
2023-08-24,SKU_5,Category_1,35,1096.6901613936473,0,47
2023-08-25,SKU_5,Category_1,28,1096.6901613936473,0,83
2023-08-26,SKU_5,Category_1,15,1096.6901613936473,1,15
2023-08-27,SKU_5,Category_1,19,1096.6901613936473,0,19
2023-08-28,SKU_5,Category_1,30,1096.6901613936473,0,30
2023-08-29,SKU_5,Category_1,24,1096.6901613936473,0,97
2023-08-30,SKU_5,Category_1,27,1096.6901613936473,0,27
2023-08-31,SKU_5,Category_1,27,1096.6901613936473,0,61
2023-09-01,SKU_5,Category_1,27,1096.6901613936473,0,35
2023-09-02,SKU_5,Category_1,38,1096.6901613936473,0,96
2023-09-03,SKU_5,Category_1,46,1096.6901613936473,0,73
2023-09-04,SKU_5,Category_1,29,1096.6901613936473,0,93
2023-09-05,SKU_5,Category_1,26,1096.6901613936473,0,27
2023-09-06,SKU_5,Category_1,27,1096.6901613936473,0,53
2023-09-07,SKU_5,Category_1,29,1096.6901613936473,0,96
2023-09-08,SKU_5,Category_1,32,1096.6901613936473,0,49
2023-09-09,SKU_5,Category_1,45,1096.6901613936473,0,51
2023-09-10,SKU_5,Category_1,32,1096.6901613936473,0,32
2023-09-11,SKU_5,Category_1,16,1096.6901613936473,0,89
2023-09-12,SKU_5,Category_1,14,1096.6901613936473,0,14
2023-09-13,SKU_5,Category_1,30,1096.6901613936473,0,63
2023-09-14,SKU_5,Category_1,35,1096.6901613936473,0,67
2023-09-15,SKU_5,Category_1,28,1096.6901613936473,0,85
2023-09-16,SKU_5,Category_1,61,1096.6901613936473,1,95
2023-09-17,SKU_5,Category_1,16,1096.6901613936473,0,16
2023-09-18,SKU_5,Category_1,41,1096.6901613936473,1,49
2023-09-19,SKU_5,Category_1,32,1096.6901613936473,0,82
2023-09-20,SKU_5,Category_1,32,1096.6901613936473,0,83
2023-09-21,SKU_5,Category_1,35,1096.6901613936473,0,50
2023-09-22,SKU_5,Category_1,16,1096.6901613936473,0,16
2023-09-23,SKU_5,Category_1,37,1096.6901613936473,0,41
2023-09-24,SKU_5,Category_1,35,1096.6901613936473,0,79
2023-09-25,SKU_5,Category_1,20,1096.6901613936473,0,20
2023-09-26,SKU_5,Category_1,22,1096.6901613936473,0,49
2023-09-27,SKU_5,Category_1,25,1096.6901613936473,0,25
2023-09-28,SKU_5,Category_1,28,1096.6901613936473,0,53
2023-09-29,SKU_5,Category_1,18,1096.6901613936473,0,18
2023-09-30,SKU_5,Category_1,39,1096.6901613936473,0,65
2023-10-01,SKU_5,Category_1,44,1096.6901613936473,0,86
2023-10-02,SKU_5,Category_1,37,1096.6901613936473,0,84
2023-10-03,SKU_5,Category_1,46,1096.6901613936473,1,77
2023-10-04,SKU_5,Category_1,33,1096.6901613936473,0,60
2023-10-05,SKU_5,Category_1,24,1096.6901613936473,0,24
2023-10-06,SKU_5,Category_1,30,1096.6901613936473,0,60
2023-10-07,SKU_5,Category_1,13,1096.6901613936473,0,13
2023-10-08,SKU_5,Category_1,59,1096.6901613936473,1,96
2023-10-09,SKU_5,Category_1,29,1096.6901613936473,0,45
2023-10-10,SKU_5,Category_1,35,1096.6901613936473,0,52
2023-10-11,SKU_5,Category_1,48,1096.6901613936473,1,72
2023-10-12,SKU_5,Category_1,34,1096.6901613936473,0,50
2023-10-13,SKU_5,Category_1,23,1096.6901613936473,0,59
2023-10-14,SKU_5,Category_1,39,1096.6901613936473,0,48
2023-10-15,SKU_5,Category_1,26,1096.6901613936473,0,26
2023-10-16,SKU_5,Category_1,31,1096.6901613936473,0,51
2023-10-17,SKU_5,Category_1,27,1096.6901613936473,0,99
2023-10-18,SKU_5,Category_1,26,1096.6901613936473,0,58
2023-10-19,SKU_5,Category_1,39,1096.6901613936473,0,77
2023-10-20,SKU_5,Category_1,29,1096.6901613936473,0,40
2023-10-21,SKU_5,Category_1,40,1096.6901613936473,0,57
2023-10-22,SKU_5,Category_1,44,1096.6901613936473,0,99
2023-10-23,SKU_5,Category_1,31,1096.6901613936473,0,86
2023-10-24,SKU_5,Category_1,23,1096.6901613936473,0,39
2023-10-25,SKU_5,Category_1,33,1096.6901613936473,1,95
2023-10-26,SKU_5,Category_1,26,1096.6901613936473,0,94
2023-10-27,SKU_5,Category_1,30,1096.6901613936473,0,53
2023-10-28,SKU_5,Category_1,41,1096.6901613936473,0,88
2023-10-29,SKU_5,Category_1,25,1096.6901613936473,0,25
2023-10-30,SKU_5,Category_1,29,1096.6901613936473,0,86
2023-10-31,SKU_5,Category_1,21,1096.6901613936473,0,54
2023-11-01,SKU_5,Category_1,29,1096.6901613936473,0,61
2023-11-02,SKU_5,Category_1,42,1096.6901613936473,1,53
2023-11-03,SKU_5,Category_1,28,1096.6901613936473,0,43
2023-11-04,SKU_5,Category_1,35,1096.6901613936473,0,64
2023-11-05,SKU_5,Category_1,53,1096.6901613936473,1,78
2023-11-06,SKU_5,Category_1,19,1096.6901613936473,0,19
2023-11-07,SKU_5,Category_1,32,1096.6901613936473,0,87
2023-11-08,SKU_5,Category_1,28,1096.6901613936473,0,94
2023-11-09,SKU_5,Category_1,29,1096.6901613936473,0,49
2023-11-10,SKU_5,Category_1,24,1096.6901613936473,0,72
2023-11-11,SKU_5,Category_1,35,1096.6901613936473,0,71
2023-11-12,SKU_5,Category_1,41,1096.6901613936473,0,58
2023-11-13,SKU_5,Category_1,46,1096.6901613936473,1,66
2023-11-14,SKU_5,Category_1,22,1096.6901613936473,0,67
2023-11-15,SKU_5,Category_1,14,1096.6901613936473,0,14
2023-11-16,SKU_5,Category_1,27,1096.6901613936473,0,27
2023-11-17,SKU_5,Category_1,34,1096.6901613936473,0,51
2023-11-18,SKU_5,Category_1,48,1096.6901613936473,0,49
2023-11-19,SKU_5,Category_1,42,1096.6901613936473,0,64
2023-11-20,SKU_5,Category_1,16,1096.6901613936473,0,53
2023-11-21,SKU_5,Category_1,30,1096.6901613936473,0,86
2023-11-22,SKU_5,Category_1,33,1096.6901613936473,0,82
2023-11-23,SKU_5,Category_1,26,1096.6901613936473,0,26
2023-11-24,SKU_5,Category_1,11,1096.6901613936473,0,11
2023-11-25,SKU_5,Category_1,45,1096.6901613936473,0,48
2023-11-26,SKU_5,Category_1,44,1096.6901613936473,0,80
2023-11-27,SKU_5,Category_1,25,1096.6901613936473,0,34
2023-11-28,SKU_5,Category_1,29,1096.6901613936473,0,85
2023-11-29,SKU_5,Category_1,30,1096.6901613936473,0,33
2023-11-30,SKU_5,Category_1,27,1096.6901613936473,0,27
2023-12-01,SKU_5,Category_1,26,1096.6901613936473,0,39
2023-12-02,SKU_5,Category_1,32,1096.6901613936473,0,32
2023-12-03,SKU_5,Category_1,24,1096.6901613936473,0,24
2023-12-04,SKU_5,Category_1,21,1096.6901613936473,0,69
2023-12-05,SKU_5,Category_1,21,1096.6901613936473,0,85
2023-12-06,SKU_5,Category_1,35,1096.6901613936473,0,94
2023-12-07,SKU_5,Category_1,22,1096.6901613936473,0,68
2023-12-08,SKU_5,Category_1,31,1096.6901613936473,0,95
2023-12-09,SKU_5,Category_1,27,1096.6901613936473,0,27
2023-12-10,SKU_5,Category_1,42,1096.6901613936473,0,58
2023-12-11,SKU_5,Category_1,32,1096.6901613936473,0,43
2023-12-12,SKU_5,Category_1,27,1096.6901613936473,0,27
2023-12-13,SKU_5,Category_1,33,1096.6901613936473,0,82
2023-12-14,SKU_5,Category_1,23,1096.6901613936473,0,60
2023-12-15,SKU_5,Category_1,13,1096.6901613936473,1,13
2023-12-16,SKU_5,Category_1,34,1096.6901613936473,0,73
2023-12-17,SKU_5,Category_1,31,1096.6901613936473,0,31
2023-12-18,SKU_5,Category_1,21,1096.6901613936473,0,57
2023-12-19,SKU_5,Category_1,23,1096.6901613936473,0,66
2023-12-20,SKU_5,Category_1,14,1096.6901613936473,0,14
2023-12-21,SKU_5,Category_1,38,1096.6901613936473,0,88
2023-12-22,SKU_5,Category_1,26,1096.6901613936473,0,26
2023-12-23,SKU_5,Category_1,43,1096.6901613936473,0,43
2023-12-24,SKU_5,Category_1,45,1096.6901613936473,0,54
2023-12-25,SKU_5,Category_1,33,1096.6901613936473,0,87
2023-12-26,SKU_5,Category_1,28,1096.6901613936473,0,41
2023-12-27,SKU_5,Category_1,37,1096.6901613936473,0,75
2023-12-28,SKU_5,Category_1,23,1096.6901613936473,0,97
2023-12-29,SKU_5,Category_1,28,1096.6901613936473,0,83
2023-12-30,SKU_5,Category_1,33,1096.6901613936473,0,86
2023-12-31,SKU_5,Category_1,41,1096.6901613936473,0,68
2023-01-01,SKU_6,Category_2,28,1700.2063741281138,0,49
2023-01-02,SKU_6,Category_2,15,1700.2063741281138,0,98
2023-01-03,SKU_6,Category_2,17,1700.2063741281138,0,77
2023-01-04,SKU_6,Category_2,19,1700.2063741281138,0,90
2023-01-05,SKU_6,Category_2,18,1700.2063741281138,0,86
2023-01-06,SKU_6,Category_2,28,1700.2063741281138,0,99
2023-01-07,SKU_6,Category_2,23,1700.2063741281138,0,64
2023-01-08,SKU_6,Category_2,34,1700.2063741281138,0,83
2023-01-09,SKU_6,Category_2,34,1700.2063741281138,0,49
2023-01-10,SKU_6,Category_2,22,1700.2063741281138,0,80
2023-01-11,SKU_6,Category_2,13,1700.2063741281138,0,19
2023-01-12,SKU_6,Category_2,18,1700.2063741281138,0,84
2023-01-13,SKU_6,Category_2,22,1700.2063741281138,0,75
2023-01-14,SKU_6,Category_2,44,1700.2063741281138,1,59
2023-01-15,SKU_6,Category_2,21,1700.2063741281138,0,21
2023-01-16,SKU_6,Category_2,18,1700.2063741281138,0,79
2023-01-17,SKU_6,Category_2,23,1700.2063741281138,0,95
2023-01-18,SKU_6,Category_2,19,1700.2063741281138,0,81
2023-01-19,SKU_6,Category_2,21,1700.2063741281138,0,61
2023-01-20,SKU_6,Category_2,18,1700.2063741281138,0,27
2023-01-21,SKU_6,Category_2,32,1700.2063741281138,0,46
2023-01-22,SKU_6,Category_2,30,1700.2063741281138,0,51
2023-01-23,SKU_6,Category_2,12,1700.2063741281138,0,53
2023-01-24,SKU_6,Category_2,10,1700.2063741281138,0,68
2023-01-25,SKU_6,Category_2,43,1700.2063741281138,1,62
2023-01-26,SKU_6,Category_2,25,1700.2063741281138,0,67
2023-01-27,SKU_6,Category_2,28,1700.2063741281138,0,35
2023-01-28,SKU_6,Category_2,26,1700.2063741281138,0,47
2023-01-29,SKU_6,Category_2,25,1700.2063741281138,0,62
2023-01-30,SKU_6,Category_2,18,1700.2063741281138,0,18
2023-01-31,SKU_6,Category_2,34,1700.2063741281138,1,63
2023-02-01,SKU_6,Category_2,17,1700.2063741281138,0,20
2023-02-02,SKU_6,Category_2,17,1700.2063741281138,0,67
2023-02-03,SKU_6,Category_2,19,1700.2063741281138,0,55
2023-02-04,SKU_6,Category_2,21,1700.2063741281138,0,45
2023-02-05,SKU_6,Category_2,35,1700.2063741281138,0,44
2023-02-06,SKU_6,Category_2,10,1700.2063741281138,0,10
2023-02-07,SKU_6,Category_2,30,1700.2063741281138,1,60
2023-02-08,SKU_6,Category_2,21,1700.2063741281138,0,73
2023-02-09,SKU_6,Category_2,21,1700.2063741281138,0,70
2023-02-10,SKU_6,Category_2,38,1700.2063741281138,1,85
2023-02-11,SKU_6,Category_2,27,1700.2063741281138,0,58
2023-02-12,SKU_6,Category_2,14,1700.2063741281138,1,14
2023-02-13,SKU_6,Category_2,27,1700.2063741281138,0,35
2023-02-14,SKU_6,Category_2,24,1700.2063741281138,0,24
2023-02-15,SKU_6,Category_2,22,1700.2063741281138,0,61
2023-02-16,SKU_6,Category_2,19,1700.2063741281138,0,22
2023-02-17,SKU_6,Category_2,17,1700.2063741281138,0,63
2023-02-18,SKU_6,Category_2,28,1700.2063741281138,0,99
2023-02-19,SKU_6,Category_2,20,1700.2063741281138,0,20
2023-02-20,SKU_6,Category_2,20,1700.2063741281138,0,80
2023-02-21,SKU_6,Category_2,24,1700.2063741281138,0,29
2023-02-22,SKU_6,Category_2,25,1700.2063741281138,0,55
2023-02-23,SKU_6,Category_2,24,1700.2063741281138,0,24
2023-02-24,SKU_6,Category_2,11,1700.2063741281138,0,19
2023-02-25,SKU_6,Category_2,26,1700.2063741281138,0,46
2023-02-26,SKU_6,Category_2,26,1700.2063741281138,0,32
2023-02-27,SKU_6,Category_2,22,1700.2063741281138,0,57
2023-02-28,SKU_6,Category_2,16,1700.2063741281138,0,23
2023-03-01,SKU_6,Category_2,24,1700.2063741281138,1,97
2023-03-02,SKU_6,Category_2,34,1700.2063741281138,1,38
2023-03-03,SKU_6,Category_2,27,1700.2063741281138,0,96
2023-03-04,SKU_6,Category_2,37,1700.2063741281138,0,51
2023-03-05,SKU_6,Category_2,24,1700.2063741281138,0,55
2023-03-06,SKU_6,Category_2,20,1700.2063741281138,0,82
2023-03-07,SKU_6,Category_2,22,1700.2063741281138,0,61
2023-03-08,SKU_6,Category_2,23,1700.2063741281138,0,76
2023-03-09,SKU_6,Category_2,27,1700.2063741281138,0,67
2023-03-10,SKU_6,Category_2,18,1700.2063741281138,0,96
2023-03-11,SKU_6,Category_2,28,1700.2063741281138,0,33
2023-03-12,SKU_6,Category_2,38,1700.2063741281138,0,74
2023-03-13,SKU_6,Category_2,12,1700.2063741281138,0,12
2023-03-14,SKU_6,Category_2,21,1700.2063741281138,0,84
2023-03-15,SKU_6,Category_2,19,1700.2063741281138,0,86
2023-03-16,SKU_6,Category_2,22,1700.2063741281138,0,83
2023-03-17,SKU_6,Category_2,25,1700.2063741281138,0,25
2023-03-18,SKU_6,Category_2,28,1700.2063741281138,0,63
2023-03-19,SKU_6,Category_2,19,1700.2063741281138,0,74
2023-03-20,SKU_6,Category_2,26,1700.2063741281138,0,77
2023-03-21,SKU_6,Category_2,23,1700.2063741281138,0,91
2023-03-22,SKU_6,Category_2,32,1700.2063741281138,1,50
2023-03-23,SKU_6,Category_2,12,1700.2063741281138,0,12
2023-03-24,SKU_6,Category_2,24,1700.2063741281138,0,58
2023-03-25,SKU_6,Category_2,30,1700.2063741281138,0,80
2023-03-26,SKU_6,Category_2,24,1700.2063741281138,0,29
2023-03-27,SKU_6,Category_2,10,1700.2063741281138,0,10
2023-03-28,SKU_6,Category_2,23,1700.2063741281138,0,44
2023-03-29,SKU_6,Category_2,21,1700.2063741281138,0,74
2023-03-30,SKU_6,Category_2,17,1700.2063741281138,0,60
2023-03-31,SKU_6,Category_2,16,1700.2063741281138,0,62
2023-04-01,SKU_6,Category_2,31,1700.2063741281138,0,77
2023-04-02,SKU_6,Category_2,40,1700.2063741281138,1,50
2023-04-03,SKU_6,Category_2,27,1700.2063741281138,0,75
2023-04-04,SKU_6,Category_2,27,1700.2063741281138,0,48
2023-04-05,SKU_6,Category_2,29,1700.2063741281138,0,99
2023-04-06,SKU_6,Category_2,22,1700.2063741281138,0,82
2023-04-07,SKU_6,Category_2,26,1700.2063741281138,0,58
2023-04-08,SKU_6,Category_2,34,1700.2063741281138,0,68
2023-04-09,SKU_6,Category_2,34,1700.2063741281138,0,67
2023-04-10,SKU_6,Category_2,25,1700.2063741281138,0,50
2023-04-11,SKU_6,Category_2,18,1700.2063741281138,0,91
2023-04-12,SKU_6,Category_2,16,1700.2063741281138,0,21
2023-04-13,SKU_6,Category_2,31,1700.2063741281138,0,90
2023-04-14,SKU_6,Category_2,25,1700.2063741281138,0,78
2023-04-15,SKU_6,Category_2,18,1700.2063741281138,0,18
2023-04-16,SKU_6,Category_2,33,1700.2063741281138,0,71
2023-04-17,SKU_6,Category_2,32,1700.2063741281138,1,87
2023-04-18,SKU_6,Category_2,27,1700.2063741281138,0,88
2023-04-19,SKU_6,Category_2,18,1700.2063741281138,0,91
2023-04-20,SKU_6,Category_2,21,1700.2063741281138,0,54
2023-04-21,SKU_6,Category_2,22,1700.2063741281138,0,67
2023-04-22,SKU_6,Category_2,25,1700.2063741281138,0,87
2023-04-23,SKU_6,Category_2,24,1700.2063741281138,0,61
2023-04-24,SKU_6,Category_2,40,1700.2063741281138,1,78
2023-04-25,SKU_6,Category_2,18,1700.2063741281138,1,18
2023-04-26,SKU_6,Category_2,22,1700.2063741281138,0,85
2023-04-27,SKU_6,Category_2,30,1700.2063741281138,0,99
2023-04-28,SKU_6,Category_2,20,1700.2063741281138,0,71
2023-04-29,SKU_6,Category_2,25,1700.2063741281138,0,77
2023-04-30,SKU_6,Category_2,25,1700.2063741281138,0,70
2023-05-01,SKU_6,Category_2,26,1700.2063741281138,0,53
2023-05-02,SKU_6,Category_2,25,1700.2063741281138,0,91
2023-05-03,SKU_6,Category_2,22,1700.2063741281138,0,78
2023-05-04,SKU_6,Category_2,27,1700.2063741281138,0,52
2023-05-05,SKU_6,Category_2,26,1700.2063741281138,0,43
2023-05-06,SKU_6,Category_2,27,1700.2063741281138,0,64
2023-05-07,SKU_6,Category_2,12,1700.2063741281138,0,12
2023-05-08,SKU_6,Category_2,20,1700.2063741281138,0,52
2023-05-09,SKU_6,Category_2,28,1700.2063741281138,0,58
2023-05-10,SKU_6,Category_2,30,1700.2063741281138,0,99
2023-05-11,SKU_6,Category_2,14,1700.2063741281138,0,61
2023-05-12,SKU_6,Category_2,20,1700.2063741281138,0,39
2023-05-13,SKU_6,Category_2,31,1700.2063741281138,0,66
2023-05-14,SKU_6,Category_2,28,1700.2063741281138,1,28
2023-05-15,SKU_6,Category_2,17,1700.2063741281138,0,88
2023-05-16,SKU_6,Category_2,23,1700.2063741281138,0,35
2023-05-17,SKU_6,Category_2,22,1700.2063741281138,0,92
2023-05-18,SKU_6,Category_2,21,1700.2063741281138,0,50
2023-05-19,SKU_6,Category_2,21,1700.2063741281138,0,92
2023-05-20,SKU_6,Category_2,21,1700.2063741281138,0,21
2023-05-21,SKU_6,Category_2,29,1700.2063741281138,0,78
2023-05-22,SKU_6,Category_2,29,1700.2063741281138,0,37
2023-05-23,SKU_6,Category_2,25,1700.2063741281138,0,32
2023-05-24,SKU_6,Category_2,20,1700.2063741281138,0,35
2023-05-25,SKU_6,Category_2,22,1700.2063741281138,0,48
2023-05-26,SKU_6,Category_2,11,1700.2063741281138,0,11
2023-05-27,SKU_6,Category_2,42,1700.2063741281138,1,55
2023-05-28,SKU_6,Category_2,26,1700.2063741281138,1,26
2023-05-29,SKU_6,Category_2,29,1700.2063741281138,0,38
2023-05-30,SKU_6,Category_2,21,1700.2063741281138,0,35
2023-05-31,SKU_6,Category_2,23,1700.2063741281138,0,23
2023-06-01,SKU_6,Category_2,20,1700.2063741281138,0,59
2023-06-02,SKU_6,Category_2,28,1700.2063741281138,1,94
2023-06-03,SKU_6,Category_2,25,1700.2063741281138,0,88
2023-06-04,SKU_6,Category_2,32,1700.2063741281138,0,34
2023-06-05,SKU_6,Category_2,12,1700.2063741281138,1,12
2023-06-06,SKU_6,Category_2,30,1700.2063741281138,0,68
2023-06-07,SKU_6,Category_2,25,1700.2063741281138,0,76
2023-06-08,SKU_6,Category_2,13,1700.2063741281138,0,82
2023-06-09,SKU_6,Category_2,15,1700.2063741281138,0,77
2023-06-10,SKU_6,Category_2,32,1700.2063741281138,0,72
2023-06-11,SKU_6,Category_2,28,1700.2063741281138,0,46
2023-06-12,SKU_6,Category_2,17,1700.2063741281138,0,57
2023-06-13,SKU_6,Category_2,22,1700.2063741281138,0,67
2023-06-14,SKU_6,Category_2,22,1700.2063741281138,0,44
2023-06-15,SKU_6,Category_2,20,1700.2063741281138,0,58
2023-06-16,SKU_6,Category_2,36,1700.2063741281138,1,73
2023-06-17,SKU_6,Category_2,27,1700.2063741281138,0,38
2023-06-18,SKU_6,Category_2,33,1700.2063741281138,0,87
2023-06-19,SKU_6,Category_2,25,1700.2063741281138,0,47
2023-06-20,SKU_6,Category_2,23,1700.2063741281138,0,74
2023-06-21,SKU_6,Category_2,21,1700.2063741281138,0,53
2023-06-22,SKU_6,Category_2,24,1700.2063741281138,0,54
2023-06-23,SKU_6,Category_2,12,1700.2063741281138,0,12
2023-06-24,SKU_6,Category_2,35,1700.2063741281138,0,85
2023-06-25,SKU_6,Category_2,31,1700.2063741281138,0,78
2023-06-26,SKU_6,Category_2,20,1700.2063741281138,0,20
2023-06-27,SKU_6,Category_2,12,1700.2063741281138,0,40
2023-06-28,SKU_6,Category_2,27,1700.2063741281138,0,55
2023-06-29,SKU_6,Category_2,25,1700.2063741281138,0,30
2023-06-30,SKU_6,Category_2,22,1700.2063741281138,0,61
2023-07-01,SKU_6,Category_2,28,1700.2063741281138,0,47
2023-07-02,SKU_6,Category_2,12,1700.2063741281138,0,34
2023-07-03,SKU_6,Category_2,21,1700.2063741281138,0,76
2023-07-04,SKU_6,Category_2,29,1700.2063741281138,0,60
2023-07-05,SKU_6,Category_2,24,1700.2063741281138,0,66
2023-07-06,SKU_6,Category_2,26,1700.2063741281138,1,85
2023-07-07,SKU_6,Category_2,14,1700.2063741281138,0,66
2023-07-08,SKU_6,Category_2,12,1700.2063741281138,0,12
2023-07-09,SKU_6,Category_2,31,1700.2063741281138,0,97
2023-07-10,SKU_6,Category_2,24,1700.2063741281138,0,25
2023-07-11,SKU_6,Category_2,27,1700.2063741281138,0,48
2023-07-12,SKU_6,Category_2,31,1700.2063741281138,1,97
2023-07-13,SKU_6,Category_2,17,1700.2063741281138,0,96
2023-07-14,SKU_6,Category_2,21,1700.2063741281138,0,86
2023-07-15,SKU_6,Category_2,44,1700.2063741281138,1,72
2023-07-16,SKU_6,Category_2,31,1700.2063741281138,0,89
2023-07-17,SKU_6,Category_2,23,1700.2063741281138,0,69
2023-07-18,SKU_6,Category_2,27,1700.2063741281138,0,99
2023-07-19,SKU_6,Category_2,19,1700.2063741281138,0,58
2023-07-20,SKU_6,Category_2,23,1700.2063741281138,0,30
2023-07-21,SKU_6,Category_2,23,1700.2063741281138,1,23
2023-07-22,SKU_6,Category_2,28,1700.2063741281138,0,39
2023-07-23,SKU_6,Category_2,12,1700.2063741281138,0,32
2023-07-24,SKU_6,Category_2,17,1700.2063741281138,0,42
2023-07-25,SKU_6,Category_2,13,1700.2063741281138,0,70
2023-07-26,SKU_6,Category_2,17,1700.2063741281138,0,28
2023-07-27,SKU_6,Category_2,21,1700.2063741281138,0,93
2023-07-28,SKU_6,Category_2,29,1700.2063741281138,0,83
2023-07-29,SKU_6,Category_2,28,1700.2063741281138,0,99
2023-07-30,SKU_6,Category_2,29,1700.2063741281138,0,89
2023-07-31,SKU_6,Category_2,20,1700.2063741281138,0,21
2023-08-01,SKU_6,Category_2,25,1700.2063741281138,0,30
2023-08-02,SKU_6,Category_2,26,1700.2063741281138,1,50
2023-08-03,SKU_6,Category_2,18,1700.2063741281138,0,36
2023-08-04,SKU_6,Category_2,25,1700.2063741281138,0,70
2023-08-05,SKU_6,Category_2,23,1700.2063741281138,0,93
2023-08-06,SKU_6,Category_2,32,1700.2063741281138,0,79
2023-08-07,SKU_6,Category_2,23,1700.2063741281138,1,56
2023-08-08,SKU_6,Category_2,20,1700.2063741281138,0,63
2023-08-09,SKU_6,Category_2,24,1700.2063741281138,0,40
2023-08-10,SKU_6,Category_2,21,1700.2063741281138,0,67
2023-08-11,SKU_6,Category_2,15,1700.2063741281138,0,72
2023-08-12,SKU_6,Category_2,46,1700.2063741281138,1,91
2023-08-13,SKU_6,Category_2,27,1700.2063741281138,0,46
2023-08-14,SKU_6,Category_2,26,1700.2063741281138,0,92
2023-08-15,SKU_6,Category_2,16,1700.2063741281138,0,72
2023-08-16,SKU_6,Category_2,23,1700.2063741281138,0,96
2023-08-17,SKU_6,Category_2,24,1700.2063741281138,0,24
2023-08-18,SKU_6,Category_2,28,1700.2063741281138,0,35
2023-08-19,SKU_6,Category_2,25,1700.2063741281138,0,93
2023-08-20,SKU_6,Category_2,32,1700.2063741281138,0,32
2023-08-21,SKU_6,Category_2,21,1700.2063741281138,0,84
2023-08-22,SKU_6,Category_2,23,1700.2063741281138,0,59
2023-08-23,SKU_6,Category_2,19,1700.2063741281138,0,83
2023-08-24,SKU_6,Category_2,22,1700.2063741281138,0,85
2023-08-25,SKU_6,Category_2,25,1700.2063741281138,0,48
2023-08-26,SKU_6,Category_2,32,1700.2063741281138,0,92
2023-08-27,SKU_6,Category_2,30,1700.2063741281138,0,30
2023-08-28,SKU_6,Category_2,16,1700.2063741281138,0,22
2023-08-29,SKU_6,Category_2,17,1700.2063741281138,0,87
2023-08-30,SKU_6,Category_2,23,1700.2063741281138,0,30
2023-08-31,SKU_6,Category_2,15,1700.2063741281138,0,81
2023-09-01,SKU_6,Category_2,37,1700.2063741281138,0,76
2023-09-02,SKU_6,Category_2,21,1700.2063741281138,0,21
2023-09-03,SKU_6,Category_2,32,1700.2063741281138,0,90
2023-09-04,SKU_6,Category_2,13,1700.2063741281138,0,37
2023-09-05,SKU_6,Category_2,18,1700.2063741281138,0,36
2023-09-06,SKU_6,Category_2,20,1700.2063741281138,0,33
2023-09-07,SKU_6,Category_2,17,1700.2063741281138,0,27
2023-09-08,SKU_6,Category_2,23,1700.2063741281138,0,66
2023-09-09,SKU_6,Category_2,43,1700.2063741281138,1,44
2023-09-10,SKU_6,Category_2,33,1700.2063741281138,0,51
2023-09-11,SKU_6,Category_2,16,1700.2063741281138,0,33
2023-09-12,SKU_6,Category_2,13,1700.2063741281138,0,62
2023-09-13,SKU_6,Category_2,28,1700.2063741281138,0,58
2023-09-14,SKU_6,Category_2,18,1700.2063741281138,0,81
2023-09-15,SKU_6,Category_2,16,1700.2063741281138,0,16
2023-09-16,SKU_6,Category_2,26,1700.2063741281138,0,48
2023-09-17,SKU_6,Category_2,13,1700.2063741281138,0,13
2023-09-18,SKU_6,Category_2,17,1700.2063741281138,0,34
2023-09-19,SKU_6,Category_2,22,1700.2063741281138,0,29
2023-09-20,SKU_6,Category_2,20,1700.2063741281138,0,20
2023-09-21,SKU_6,Category_2,30,1700.2063741281138,0,80
2023-09-22,SKU_6,Category_2,16,1700.2063741281138,0,28
2023-09-23,SKU_6,Category_2,31,1700.2063741281138,0,57
2023-09-24,SKU_6,Category_2,34,1700.2063741281138,0,34
2023-09-25,SKU_6,Category_2,21,1700.2063741281138,0,88
2023-09-26,SKU_6,Category_2,17,1700.2063741281138,0,83
2023-09-27,SKU_6,Category_2,32,1700.2063741281138,0,94
2023-09-28,SKU_6,Category_2,26,1700.2063741281138,0,87
2023-09-29,SKU_6,Category_2,22,1700.2063741281138,0,63
2023-09-30,SKU_6,Category_2,34,1700.2063741281138,0,49
2023-10-01,SKU_6,Category_2,11,1700.2063741281138,0,11
2023-10-02,SKU_6,Category_2,24,1700.2063741281138,0,83
2023-10-03,SKU_6,Category_2,15,1700.2063741281138,0,69
2023-10-04,SKU_6,Category_2,15,1700.2063741281138,0,15
2023-10-05,SKU_6,Category_2,23,1700.2063741281138,0,36
2023-10-06,SKU_6,Category_2,28,1700.2063741281138,0,42
2023-10-07,SKU_6,Category_2,18,1700.2063741281138,0,18
2023-10-08,SKU_6,Category_2,28,1700.2063741281138,0,44
2023-10-09,SKU_6,Category_2,27,1700.2063741281138,1,71
2023-10-10,SKU_6,Category_2,27,1700.2063741281138,0,33
2023-10-11,SKU_6,Category_2,22,1700.2063741281138,0,55
2023-10-12,SKU_6,Category_2,21,1700.2063741281138,0,63
2023-10-13,SKU_6,Category_2,27,1700.2063741281138,0,42
2023-10-14,SKU_6,Category_2,30,1700.2063741281138,0,61
2023-10-15,SKU_6,Category_2,23,1700.2063741281138,0,86
2023-10-16,SKU_6,Category_2,15,1700.2063741281138,0,94
2023-10-17,SKU_6,Category_2,22,1700.2063741281138,0,22
2023-10-18,SKU_6,Category_2,27,1700.2063741281138,0,66
2023-10-19,SKU_6,Category_2,31,1700.2063741281138,0,76
2023-10-20,SKU_6,Category_2,18,1700.2063741281138,0,19
2023-10-21,SKU_6,Category_2,32,1700.2063741281138,0,99
2023-10-22,SKU_6,Category_2,44,1700.2063741281138,0,65
2023-10-23,SKU_6,Category_2,21,1700.2063741281138,0,39
2023-10-24,SKU_6,Category_2,15,1700.2063741281138,0,44
2023-10-25,SKU_6,Category_2,27,1700.2063741281138,0,77
2023-10-26,SKU_6,Category_2,16,1700.2063741281138,0,16
2023-10-27,SKU_6,Category_2,22,1700.2063741281138,0,73
2023-10-28,SKU_6,Category_2,21,1700.2063741281138,0,21
2023-10-29,SKU_6,Category_2,30,1700.2063741281138,0,71
2023-10-30,SKU_6,Category_2,30,1700.2063741281138,1,82
2023-10-31,SKU_6,Category_2,22,1700.2063741281138,0,45
2023-11-01,SKU_6,Category_2,23,1700.2063741281138,0,53
2023-11-02,SKU_6,Category_2,9,1700.2063741281138,0,37
2023-11-03,SKU_6,Category_2,13,1700.2063741281138,0,24
2023-11-04,SKU_6,Category_2,21,1700.2063741281138,0,21
2023-11-05,SKU_6,Category_2,28,1700.2063741281138,0,32
2023-11-06,SKU_6,Category_2,34,1700.2063741281138,1,37
2023-11-07,SKU_6,Category_2,26,1700.2063741281138,0,56
2023-11-08,SKU_6,Category_2,26,1700.2063741281138,0,48
2023-11-09,SKU_6,Category_2,32,1700.2063741281138,0,95
2023-11-10,SKU_6,Category_2,29,1700.2063741281138,0,90
2023-11-11,SKU_6,Category_2,36,1700.2063741281138,1,36
2023-11-12,SKU_6,Category_2,34,1700.2063741281138,0,73
2023-11-13,SKU_6,Category_2,21,1700.2063741281138,0,29
2023-11-14,SKU_6,Category_2,17,1700.2063741281138,1,17
2023-11-15,SKU_6,Category_2,32,1700.2063741281138,0,62
2023-11-16,SKU_6,Category_2,18,1700.2063741281138,0,69
2023-11-17,SKU_6,Category_2,25,1700.2063741281138,0,26
2023-11-18,SKU_6,Category_2,32,1700.2063741281138,0,98
2023-11-19,SKU_6,Category_2,26,1700.2063741281138,0,88
2023-11-20,SKU_6,Category_2,21,1700.2063741281138,0,44
2023-11-21,SKU_6,Category_2,23,1700.2063741281138,0,63
2023-11-22,SKU_6,Category_2,18,1700.2063741281138,0,98
2023-11-23,SKU_6,Category_2,29,1700.2063741281138,0,99
2023-11-24,SKU_6,Category_2,17,1700.2063741281138,0,85
2023-11-25,SKU_6,Category_2,32,1700.2063741281138,0,79
2023-11-26,SKU_6,Category_2,23,1700.2063741281138,0,68
2023-11-27,SKU_6,Category_2,22,1700.2063741281138,0,63
2023-11-28,SKU_6,Category_2,22,1700.2063741281138,0,59
2023-11-29,SKU_6,Category_2,30,1700.2063741281138,1,42
2023-11-30,SKU_6,Category_2,28,1700.2063741281138,0,80
2023-12-01,SKU_6,Category_2,22,1700.2063741281138,0,71
2023-12-02,SKU_6,Category_2,25,1700.2063741281138,0,70
2023-12-03,SKU_6,Category_2,29,1700.2063741281138,0,47
2023-12-04,SKU_6,Category_2,31,1700.2063741281138,0,54
2023-12-05,SKU_6,Category_2,21,1700.2063741281138,0,68
2023-12-06,SKU_6,Category_2,20,1700.2063741281138,0,79
2023-12-07,SKU_6,Category_2,25,1700.2063741281138,1,71
2023-12-08,SKU_6,Category_2,25,1700.2063741281138,0,63
2023-12-09,SKU_6,Category_2,35,1700.2063741281138,0,49
2023-12-10,SKU_6,Category_2,40,1700.2063741281138,0,92
2023-12-11,SKU_6,Category_2,25,1700.2063741281138,1,25
2023-12-12,SKU_6,Category_2,21,1700.2063741281138,0,48
2023-12-13,SKU_6,Category_2,21,1700.2063741281138,0,21
2023-12-14,SKU_6,Category_2,16,1700.2063741281138,0,58
2023-12-15,SKU_6,Category_2,36,1700.2063741281138,1,46
2023-12-16,SKU_6,Category_2,23,1700.2063741281138,0,90
2023-12-17,SKU_6,Category_2,41,1700.2063741281138,1,80
2023-12-18,SKU_6,Category_2,20,1700.2063741281138,0,21
2023-12-19,SKU_6,Category_2,21,1700.2063741281138,0,77
2023-12-20,SKU_6,Category_2,20,1700.2063741281138,0,89
2023-12-21,SKU_6,Category_2,22,1700.2063741281138,0,43
2023-12-22,SKU_6,Category_2,14,1700.2063741281138,0,22
2023-12-23,SKU_6,Category_2,24,1700.2063741281138,0,24
2023-12-24,SKU_6,Category_2,32,1700.2063741281138,0,38
2023-12-25,SKU_6,Category_2,25,1700.2063741281138,0,25
2023-12-26,SKU_6,Category_2,23,1700.2063741281138,0,28
2023-12-27,SKU_6,Category_2,17,1700.2063741281138,0,17
2023-12-28,SKU_6,Category_2,26,1700.2063741281138,0,97
2023-12-29,SKU_6,Category_2,22,1700.2063741281138,0,35
2023-12-30,SKU_6,Category_2,32,1700.2063741281138,0,38
2023-12-31,SKU_6,Category_2,22,1700.2063741281138,0,75
2023-01-01,SKU_7,Category_3,39,1435.1175970043969,1,39
2023-01-02,SKU_7,Category_3,34,1435.1175970043969,0,34
2023-01-03,SKU_7,Category_3,19,1435.1175970043969,0,19
2023-01-04,SKU_7,Category_3,41,1435.1175970043969,0,74
2023-01-05,SKU_7,Category_3,37,1435.1175970043969,0,91
2023-01-06,SKU_7,Category_3,38,1435.1175970043969,0,40
2023-01-07,SKU_7,Category_3,44,1435.1175970043969,0,95
2023-01-08,SKU_7,Category_3,45,1435.1175970043969,0,45
2023-01-09,SKU_7,Category_3,39,1435.1175970043969,0,98
2023-01-10,SKU_7,Category_3,33,1435.1175970043969,0,48
2023-01-11,SKU_7,Category_3,25,1435.1175970043969,0,25
2023-01-12,SKU_7,Category_3,35,1435.1175970043969,0,38
2023-01-13,SKU_7,Category_3,42,1435.1175970043969,0,75
2023-01-14,SKU_7,Category_3,50,1435.1175970043969,0,83
2023-01-15,SKU_7,Category_3,42,1435.1175970043969,0,42
2023-01-16,SKU_7,Category_3,25,1435.1175970043969,0,86
2023-01-17,SKU_7,Category_3,28,1435.1175970043969,0,72
2023-01-18,SKU_7,Category_3,35,1435.1175970043969,0,57
2023-01-19,SKU_7,Category_3,56,1435.1175970043969,1,94
2023-01-20,SKU_7,Category_3,42,1435.1175970043969,0,93
2023-01-21,SKU_7,Category_3,36,1435.1175970043969,0,83
2023-01-22,SKU_7,Category_3,59,1435.1175970043969,0,79
2023-01-23,SKU_7,Category_3,34,1435.1175970043969,0,36
2023-01-24,SKU_7,Category_3,40,1435.1175970043969,0,46
2023-01-25,SKU_7,Category_3,39,1435.1175970043969,0,97
2023-01-26,SKU_7,Category_3,35,1435.1175970043969,0,88
2023-01-27,SKU_7,Category_3,35,1435.1175970043969,0,79
2023-01-28,SKU_7,Category_3,51,1435.1175970043969,0,74
2023-01-29,SKU_7,Category_3,20,1435.1175970043969,0,20
2023-01-30,SKU_7,Category_3,35,1435.1175970043969,0,48
2023-01-31,SKU_7,Category_3,22,1435.1175970043969,0,22
2023-02-01,SKU_7,Category_3,44,1435.1175970043969,0,67
2023-02-02,SKU_7,Category_3,19,1435.1175970043969,0,19
2023-02-03,SKU_7,Category_3,24,1435.1175970043969,0,24
2023-02-04,SKU_7,Category_3,54,1435.1175970043969,0,72
2023-02-05,SKU_7,Category_3,19,1435.1175970043969,0,19
2023-02-06,SKU_7,Category_3,24,1435.1175970043969,0,24
2023-02-07,SKU_7,Category_3,42,1435.1175970043969,0,97
2023-02-08,SKU_7,Category_3,41,1435.1175970043969,0,80
2023-02-09,SKU_7,Category_3,50,1435.1175970043969,0,51
2023-02-10,SKU_7,Category_3,27,1435.1175970043969,0,92
2023-02-11,SKU_7,Category_3,29,1435.1175970043969,0,29
2023-02-12,SKU_7,Category_3,21,1435.1175970043969,0,21
2023-02-13,SKU_7,Category_3,36,1435.1175970043969,0,91
2023-02-14,SKU_7,Category_3,42,1435.1175970043969,0,45
2023-02-15,SKU_7,Category_3,31,1435.1175970043969,0,33
2023-02-16,SKU_7,Category_3,47,1435.1175970043969,0,86
2023-02-17,SKU_7,Category_3,35,1435.1175970043969,0,35
2023-02-18,SKU_7,Category_3,52,1435.1175970043969,0,84
2023-02-19,SKU_7,Category_3,47,1435.1175970043969,0,52
2023-02-20,SKU_7,Category_3,25,1435.1175970043969,0,51
2023-02-21,SKU_7,Category_3,41,1435.1175970043969,0,52
2023-02-22,SKU_7,Category_3,40,1435.1175970043969,0,85
2023-02-23,SKU_7,Category_3,40,1435.1175970043969,0,41
2023-02-24,SKU_7,Category_3,42,1435.1175970043969,0,65
2023-02-25,SKU_7,Category_3,11,1435.1175970043969,0,11
2023-02-26,SKU_7,Category_3,46,1435.1175970043969,0,58
2023-02-27,SKU_7,Category_3,30,1435.1175970043969,0,93
2023-02-28,SKU_7,Category_3,41,1435.1175970043969,0,77
2023-03-01,SKU_7,Category_3,31,1435.1175970043969,0,31
2023-03-02,SKU_7,Category_3,16,1435.1175970043969,0,16
2023-03-03,SKU_7,Category_3,25,1435.1175970043969,0,25
2023-03-04,SKU_7,Category_3,58,1435.1175970043969,0,99
2023-03-05,SKU_7,Category_3,42,1435.1175970043969,0,81
2023-03-06,SKU_7,Category_3,30,1435.1175970043969,0,83
2023-03-07,SKU_7,Category_3,13,1435.1175970043969,0,13
2023-03-08,SKU_7,Category_3,33,1435.1175970043969,0,97
2023-03-09,SKU_7,Category_3,42,1435.1175970043969,1,42
2023-03-10,SKU_7,Category_3,19,1435.1175970043969,0,19
2023-03-11,SKU_7,Category_3,80,1435.1175970043969,1,94
2023-03-12,SKU_7,Category_3,46,1435.1175970043969,0,73
2023-03-13,SKU_7,Category_3,39,1435.1175970043969,0,80
2023-03-14,SKU_7,Category_3,34,1435.1175970043969,0,60
2023-03-15,SKU_7,Category_3,37,1435.1175970043969,0,46
2023-03-16,SKU_7,Category_3,36,1435.1175970043969,0,57
2023-03-17,SKU_7,Category_3,41,1435.1175970043969,0,77
2023-03-18,SKU_7,Category_3,48,1435.1175970043969,0,51
2023-03-19,SKU_7,Category_3,43,1435.1175970043969,0,91
2023-03-20,SKU_7,Category_3,30,1435.1175970043969,0,30
2023-03-21,SKU_7,Category_3,13,1435.1175970043969,0,13
2023-03-22,SKU_7,Category_3,43,1435.1175970043969,0,43
2023-03-23,SKU_7,Category_3,35,1435.1175970043969,0,57
2023-03-24,SKU_7,Category_3,29,1435.1175970043969,0,93
2023-03-25,SKU_7,Category_3,10,1435.1175970043969,0,10
2023-03-26,SKU_7,Category_3,32,1435.1175970043969,0,32
2023-03-27,SKU_7,Category_3,26,1435.1175970043969,0,26
2023-03-28,SKU_7,Category_3,37,1435.1175970043969,0,73
2023-03-29,SKU_7,Category_3,30,1435.1175970043969,0,82
2023-03-30,SKU_7,Category_3,31,1435.1175970043969,0,78
2023-03-31,SKU_7,Category_3,26,1435.1175970043969,0,26
2023-04-01,SKU_7,Category_3,10,1435.1175970043969,0,10
2023-04-02,SKU_7,Category_3,56,1435.1175970043969,0,63
2023-04-03,SKU_7,Category_3,63,1435.1175970043969,1,85
2023-04-04,SKU_7,Category_3,39,1435.1175970043969,0,52
2023-04-05,SKU_7,Category_3,33,1435.1175970043969,0,75
2023-04-06,SKU_7,Category_3,25,1435.1175970043969,0,25
2023-04-07,SKU_7,Category_3,22,1435.1175970043969,0,22
2023-04-08,SKU_7,Category_3,48,1435.1175970043969,0,53
2023-04-09,SKU_7,Category_3,52,1435.1175970043969,1,52
2023-04-10,SKU_7,Category_3,30,1435.1175970043969,1,30
2023-04-11,SKU_7,Category_3,39,1435.1175970043969,0,39
2023-04-12,SKU_7,Category_3,40,1435.1175970043969,1,40
2023-04-13,SKU_7,Category_3,48,1435.1175970043969,0,87
2023-04-14,SKU_7,Category_3,26,1435.1175970043969,0,26
2023-04-15,SKU_7,Category_3,44,1435.1175970043969,0,84
2023-04-16,SKU_7,Category_3,34,1435.1175970043969,0,34
2023-04-17,SKU_7,Category_3,31,1435.1175970043969,1,31
2023-04-18,SKU_7,Category_3,38,1435.1175970043969,0,40
2023-04-19,SKU_7,Category_3,22,1435.1175970043969,0,22
2023-04-20,SKU_7,Category_3,39,1435.1175970043969,0,75
2023-04-21,SKU_7,Category_3,38,1435.1175970043969,0,86
2023-04-22,SKU_7,Category_3,41,1435.1175970043969,0,41
2023-04-23,SKU_7,Category_3,48,1435.1175970043969,0,75
2023-04-24,SKU_7,Category_3,43,1435.1175970043969,0,63
2023-04-25,SKU_7,Category_3,42,1435.1175970043969,0,83
2023-04-26,SKU_7,Category_3,19,1435.1175970043969,0,19
2023-04-27,SKU_7,Category_3,37,1435.1175970043969,0,84
2023-04-28,SKU_7,Category_3,44,1435.1175970043969,0,76
2023-04-29,SKU_7,Category_3,51,1435.1175970043969,0,58
2023-04-30,SKU_7,Category_3,52,1435.1175970043969,0,67
2023-05-01,SKU_7,Category_3,34,1435.1175970043969,0,34
2023-05-02,SKU_7,Category_3,28,1435.1175970043969,0,28
2023-05-03,SKU_7,Category_3,44,1435.1175970043969,0,95
2023-05-04,SKU_7,Category_3,26,1435.1175970043969,0,26
2023-05-05,SKU_7,Category_3,41,1435.1175970043969,0,85
2023-05-06,SKU_7,Category_3,20,1435.1175970043969,1,20
2023-05-07,SKU_7,Category_3,61,1435.1175970043969,1,61
2023-05-08,SKU_7,Category_3,36,1435.1175970043969,0,36
2023-05-09,SKU_7,Category_3,37,1435.1175970043969,0,61
2023-05-10,SKU_7,Category_3,38,1435.1175970043969,0,77
2023-05-11,SKU_7,Category_3,32,1435.1175970043969,0,82
2023-05-12,SKU_7,Category_3,35,1435.1175970043969,0,35
2023-05-13,SKU_7,Category_3,28,1435.1175970043969,0,28
2023-05-14,SKU_7,Category_3,45,1435.1175970043969,0,86
2023-05-15,SKU_7,Category_3,28,1435.1175970043969,0,95
2023-05-16,SKU_7,Category_3,43,1435.1175970043969,0,82
2023-05-17,SKU_7,Category_3,36,1435.1175970043969,0,42
2023-05-18,SKU_7,Category_3,38,1435.1175970043969,0,39
2023-05-19,SKU_7,Category_3,34,1435.1175970043969,0,52
2023-05-20,SKU_7,Category_3,12,1435.1175970043969,0,12
2023-05-21,SKU_7,Category_3,50,1435.1175970043969,0,68
2023-05-22,SKU_7,Category_3,42,1435.1175970043969,0,72
2023-05-23,SKU_7,Category_3,27,1435.1175970043969,0,39
2023-05-24,SKU_7,Category_3,24,1435.1175970043969,1,24
2023-05-25,SKU_7,Category_3,46,1435.1175970043969,0,54
2023-05-26,SKU_7,Category_3,34,1435.1175970043969,0,80
2023-05-27,SKU_7,Category_3,50,1435.1175970043969,0,55
2023-05-28,SKU_7,Category_3,45,1435.1175970043969,0,53
2023-05-29,SKU_7,Category_3,41,1435.1175970043969,0,63
2023-05-30,SKU_7,Category_3,40,1435.1175970043969,0,92
2023-05-31,SKU_7,Category_3,41,1435.1175970043969,0,55
2023-06-01,SKU_7,Category_3,38,1435.1175970043969,0,66
2023-06-02,SKU_7,Category_3,25,1435.1175970043969,0,25
2023-06-03,SKU_7,Category_3,36,1435.1175970043969,0,70
2023-06-04,SKU_7,Category_3,23,1435.1175970043969,0,23
2023-06-05,SKU_7,Category_3,37,1435.1175970043969,0,91
2023-06-06,SKU_7,Category_3,62,1435.1175970043969,1,66
2023-06-07,SKU_7,Category_3,14,1435.1175970043969,0,14
2023-06-08,SKU_7,Category_3,31,1435.1175970043969,0,85
2023-06-09,SKU_7,Category_3,30,1435.1175970043969,0,46
2023-06-10,SKU_7,Category_3,11,1435.1175970043969,0,11
2023-06-11,SKU_7,Category_3,53,1435.1175970043969,0,94
2023-06-12,SKU_7,Category_3,36,1435.1175970043969,0,74
2023-06-13,SKU_7,Category_3,39,1435.1175970043969,0,60
2023-06-14,SKU_7,Category_3,37,1435.1175970043969,0,52
2023-06-15,SKU_7,Category_3,50,1435.1175970043969,0,77
2023-06-16,SKU_7,Category_3,19,1435.1175970043969,0,19
2023-06-17,SKU_7,Category_3,44,1435.1175970043969,0,84
2023-06-18,SKU_7,Category_3,47,1435.1175970043969,0,72
2023-06-19,SKU_7,Category_3,21,1435.1175970043969,0,21
2023-06-20,SKU_7,Category_3,36,1435.1175970043969,0,59
2023-06-21,SKU_7,Category_3,57,1435.1175970043969,1,98
2023-06-22,SKU_7,Category_3,41,1435.1175970043969,0,90
2023-06-23,SKU_7,Category_3,41,1435.1175970043969,0,81
2023-06-24,SKU_7,Category_3,18,1435.1175970043969,0,18
2023-06-25,SKU_7,Category_3,39,1435.1175970043969,0,59
2023-06-26,SKU_7,Category_3,48,1435.1175970043969,0,99
2023-06-27,SKU_7,Category_3,25,1435.1175970043969,1,25
2023-06-28,SKU_7,Category_3,33,1435.1175970043969,0,33
2023-06-29,SKU_7,Category_3,24,1435.1175970043969,0,24
2023-06-30,SKU_7,Category_3,31,1435.1175970043969,0,96
2023-07-01,SKU_7,Category_3,32,1435.1175970043969,0,32
2023-07-02,SKU_7,Category_3,49,1435.1175970043969,0,74
2023-07-03,SKU_7,Category_3,33,1435.1175970043969,0,72
2023-07-04,SKU_7,Category_3,46,1435.1175970043969,0,96
2023-07-05,SKU_7,Category_3,39,1435.1175970043969,0,88
2023-07-06,SKU_7,Category_3,41,1435.1175970043969,0,95
2023-07-07,SKU_7,Category_3,50,1435.1175970043969,0,50
2023-07-08,SKU_7,Category_3,74,1435.1175970043969,1,74
2023-07-09,SKU_7,Category_3,48,1435.1175970043969,0,53
2023-07-10,SKU_7,Category_3,42,1435.1175970043969,0,56
2023-07-11,SKU_7,Category_3,35,1435.1175970043969,0,79
2023-07-12,SKU_7,Category_3,30,1435.1175970043969,0,40
2023-07-13,SKU_7,Category_3,19,1435.1175970043969,0,19
2023-07-14,SKU_7,Category_3,36,1435.1175970043969,0,52
2023-07-15,SKU_7,Category_3,48,1435.1175970043969,0,61
2023-07-16,SKU_7,Category_3,32,1435.1175970043969,0,32
2023-07-17,SKU_7,Category_3,50,1435.1175970043969,1,70
2023-07-18,SKU_7,Category_3,40,1435.1175970043969,0,99
2023-07-19,SKU_7,Category_3,25,1435.1175970043969,0,25
2023-07-20,SKU_7,Category_3,31,1435.1175970043969,0,91
2023-07-21,SKU_7,Category_3,37,1435.1175970043969,0,99
2023-07-22,SKU_7,Category_3,57,1435.1175970043969,0,95
2023-07-23,SKU_7,Category_3,50,1435.1175970043969,0,66
2023-07-24,SKU_7,Category_3,30,1435.1175970043969,0,30
2023-07-25,SKU_7,Category_3,43,1435.1175970043969,0,61
2023-07-26,SKU_7,Category_3,15,1435.1175970043969,0,15
2023-07-27,SKU_7,Category_3,45,1435.1175970043969,0,94
2023-07-28,SKU_7,Category_3,36,1435.1175970043969,0,94
2023-07-29,SKU_7,Category_3,50,1435.1175970043969,0,73
2023-07-30,SKU_7,Category_3,15,1435.1175970043969,0,15
2023-07-31,SKU_7,Category_3,38,1435.1175970043969,0,93
2023-08-01,SKU_7,Category_3,46,1435.1175970043969,0,60
2023-08-02,SKU_7,Category_3,31,1435.1175970043969,0,62
2023-08-03,SKU_7,Category_3,29,1435.1175970043969,0,97
2023-08-04,SKU_7,Category_3,52,1435.1175970043969,1,52
2023-08-05,SKU_7,Category_3,56,1435.1175970043969,0,92
2023-08-06,SKU_7,Category_3,46,1435.1175970043969,0,54
2023-08-07,SKU_7,Category_3,38,1435.1175970043969,1,38
2023-08-08,SKU_7,Category_3,41,1435.1175970043969,0,53
2023-08-09,SKU_7,Category_3,34,1435.1175970043969,0,34
2023-08-10,SKU_7,Category_3,11,1435.1175970043969,1,11
2023-08-11,SKU_7,Category_3,36,1435.1175970043969,0,36
2023-08-12,SKU_7,Category_3,49,1435.1175970043969,0,63
2023-08-13,SKU_7,Category_3,50,1435.1175970043969,0,77
2023-08-14,SKU_7,Category_3,38,1435.1175970043969,0,60
2023-08-15,SKU_7,Category_3,42,1435.1175970043969,0,56
2023-08-16,SKU_7,Category_3,19,1435.1175970043969,0,19
2023-08-17,SKU_7,Category_3,14,1435.1175970043969,0,14
2023-08-18,SKU_7,Category_3,40,1435.1175970043969,0,80
2023-08-19,SKU_7,Category_3,32,1435.1175970043969,0,32
2023-08-20,SKU_7,Category_3,48,1435.1175970043969,0,49
2023-08-21,SKU_7,Category_3,36,1435.1175970043969,0,78
2023-08-22,SKU_7,Category_3,38,1435.1175970043969,0,80
2023-08-23,SKU_7,Category_3,55,1435.1175970043969,1,95
2023-08-24,SKU_7,Category_3,34,1435.1175970043969,0,82
2023-08-25,SKU_7,Category_3,28,1435.1175970043969,0,52
2023-08-26,SKU_7,Category_3,19,1435.1175970043969,0,19
2023-08-27,SKU_7,Category_3,12,1435.1175970043969,0,12
2023-08-28,SKU_7,Category_3,23,1435.1175970043969,0,23
2023-08-29,SKU_7,Category_3,44,1435.1175970043969,0,73
2023-08-30,SKU_7,Category_3,33,1435.1175970043969,0,33
2023-08-31,SKU_7,Category_3,38,1435.1175970043969,0,72
2023-09-01,SKU_7,Category_3,36,1435.1175970043969,0,74
2023-09-02,SKU_7,Category_3,51,1435.1175970043969,0,83
2023-09-03,SKU_7,Category_3,48,1435.1175970043969,0,90
2023-09-04,SKU_7,Category_3,29,1435.1175970043969,0,79
2023-09-05,SKU_7,Category_3,36,1435.1175970043969,0,79
2023-09-06,SKU_7,Category_3,35,1435.1175970043969,0,87
2023-09-07,SKU_7,Category_3,31,1435.1175970043969,0,78
2023-09-08,SKU_7,Category_3,22,1435.1175970043969,0,22
2023-09-09,SKU_7,Category_3,42,1435.1175970043969,0,42
2023-09-10,SKU_7,Category_3,39,1435.1175970043969,0,39
2023-09-11,SKU_7,Category_3,40,1435.1175970043969,0,57
2023-09-12,SKU_7,Category_3,36,1435.1175970043969,0,98
2023-09-13,SKU_7,Category_3,10,1435.1175970043969,0,10
2023-09-14,SKU_7,Category_3,11,1435.1175970043969,0,11
2023-09-15,SKU_7,Category_3,26,1435.1175970043969,0,26
2023-09-16,SKU_7,Category_3,52,1435.1175970043969,0,85
2023-09-17,SKU_7,Category_3,47,1435.1175970043969,0,59
2023-09-18,SKU_7,Category_3,42,1435.1175970043969,0,59
2023-09-19,SKU_7,Category_3,34,1435.1175970043969,0,51
2023-09-20,SKU_7,Category_3,33,1435.1175970043969,0,33
2023-09-21,SKU_7,Category_3,49,1435.1175970043969,1,89
2023-09-22,SKU_7,Category_3,41,1435.1175970043969,0,95
2023-09-23,SKU_7,Category_3,49,1435.1175970043969,0,98
2023-09-24,SKU_7,Category_3,52,1435.1175970043969,0,95
2023-09-25,SKU_7,Category_3,35,1435.1175970043969,0,67
2023-09-26,SKU_7,Category_3,38,1435.1175970043969,0,41
2023-09-27,SKU_7,Category_3,33,1435.1175970043969,0,62
2023-09-28,SKU_7,Category_3,26,1435.1175970043969,0,26
2023-09-29,SKU_7,Category_3,38,1435.1175970043969,0,39
2023-09-30,SKU_7,Category_3,36,1435.1175970043969,0,36
2023-10-01,SKU_7,Category_3,44,1435.1175970043969,0,44
2023-10-02,SKU_7,Category_3,28,1435.1175970043969,0,28
2023-10-03,SKU_7,Category_3,54,1435.1175970043969,1,54
2023-10-04,SKU_7,Category_3,33,1435.1175970043969,0,37
2023-10-05,SKU_7,Category_3,41,1435.1175970043969,0,52
2023-10-06,SKU_7,Category_3,26,1435.1175970043969,0,70
2023-10-07,SKU_7,Category_3,47,1435.1175970043969,0,84
2023-10-08,SKU_7,Category_3,50,1435.1175970043969,0,81
2023-10-09,SKU_7,Category_3,41,1435.1175970043969,0,51
2023-10-10,SKU_7,Category_3,34,1435.1175970043969,0,39
2023-10-11,SKU_7,Category_3,28,1435.1175970043969,0,28
2023-10-12,SKU_7,Category_3,38,1435.1175970043969,0,95
2023-10-13,SKU_7,Category_3,67,1435.1175970043969,1,96
2023-10-14,SKU_7,Category_3,42,1435.1175970043969,0,87
2023-10-15,SKU_7,Category_3,42,1435.1175970043969,1,42
2023-10-16,SKU_7,Category_3,35,1435.1175970043969,0,57
2023-10-17,SKU_7,Category_3,39,1435.1175970043969,0,56
2023-10-18,SKU_7,Category_3,41,1435.1175970043969,0,90
2023-10-19,SKU_7,Category_3,15,1435.1175970043969,0,15
2023-10-20,SKU_7,Category_3,21,1435.1175970043969,0,21
2023-10-21,SKU_7,Category_3,42,1435.1175970043969,0,78
2023-10-22,SKU_7,Category_3,43,1435.1175970043969,0,97
2023-10-23,SKU_7,Category_3,26,1435.1175970043969,0,26
2023-10-24,SKU_7,Category_3,10,1435.1175970043969,0,10
2023-10-25,SKU_7,Category_3,30,1435.1175970043969,0,30
2023-10-26,SKU_7,Category_3,35,1435.1175970043969,0,53
2023-10-27,SKU_7,Category_3,41,1435.1175970043969,0,73
2023-10-28,SKU_7,Category_3,44,1435.1175970043969,0,62
2023-10-29,SKU_7,Category_3,57,1435.1175970043969,0,62
2023-10-30,SKU_7,Category_3,36,1435.1175970043969,0,56
2023-10-31,SKU_7,Category_3,32,1435.1175970043969,0,32
2023-11-01,SKU_7,Category_3,31,1435.1175970043969,0,68
2023-11-02,SKU_7,Category_3,12,1435.1175970043969,0,12
2023-11-03,SKU_7,Category_3,36,1435.1175970043969,0,42
2023-11-04,SKU_7,Category_3,12,1435.1175970043969,0,12
2023-11-05,SKU_7,Category_3,46,1435.1175970043969,0,52
2023-11-06,SKU_7,Category_3,35,1435.1175970043969,0,35
2023-11-07,SKU_7,Category_3,38,1435.1175970043969,0,38
2023-11-08,SKU_7,Category_3,49,1435.1175970043969,1,69
2023-11-09,SKU_7,Category_3,55,1435.1175970043969,1,55
2023-11-10,SKU_7,Category_3,38,1435.1175970043969,0,87
2023-11-11,SKU_7,Category_3,21,1435.1175970043969,0,21
2023-11-12,SKU_7,Category_3,48,1435.1175970043969,0,48
2023-11-13,SKU_7,Category_3,38,1435.1175970043969,0,55
2023-11-14,SKU_7,Category_3,43,1435.1175970043969,0,61
2023-11-15,SKU_7,Category_3,28,1435.1175970043969,0,43
2023-11-16,SKU_7,Category_3,34,1435.1175970043969,0,92
2023-11-17,SKU_7,Category_3,46,1435.1175970043969,0,78
2023-11-18,SKU_7,Category_3,69,1435.1175970043969,1,70
2023-11-19,SKU_7,Category_3,48,1435.1175970043969,0,70
2023-11-20,SKU_7,Category_3,33,1435.1175970043969,0,69
2023-11-21,SKU_7,Category_3,36,1435.1175970043969,0,81
2023-11-22,SKU_7,Category_3,13,1435.1175970043969,0,13
2023-11-23,SKU_7,Category_3,13,1435.1175970043969,0,13
2023-11-24,SKU_7,Category_3,38,1435.1175970043969,0,99
2023-11-25,SKU_7,Category_3,46,1435.1175970043969,0,54
2023-11-26,SKU_7,Category_3,46,1435.1175970043969,0,99
2023-11-27,SKU_7,Category_3,21,1435.1175970043969,0,21
2023-11-28,SKU_7,Category_3,42,1435.1175970043969,0,82
2023-11-29,SKU_7,Category_3,38,1435.1175970043969,0,60
2023-11-30,SKU_7,Category_3,45,1435.1175970043969,1,87
2023-12-01,SKU_7,Category_3,33,1435.1175970043969,0,82
2023-12-02,SKU_7,Category_3,54,1435.1175970043969,0,80
2023-12-03,SKU_7,Category_3,31,1435.1175970043969,0,31
2023-12-04,SKU_7,Category_3,36,1435.1175970043969,0,41
2023-12-05,SKU_7,Category_3,34,1435.1175970043969,0,34
2023-12-06,SKU_7,Category_3,11,1435.1175970043969,0,11
2023-12-07,SKU_7,Category_3,45,1435.1175970043969,0,79
2023-12-08,SKU_7,Category_3,35,1435.1175970043969,0,98
2023-12-09,SKU_7,Category_3,52,1435.1175970043969,0,60
2023-12-10,SKU_7,Category_3,53,1435.1175970043969,0,65
2023-12-11,SKU_7,Category_3,36,1435.1175970043969,0,36
2023-12-12,SKU_7,Category_3,35,1435.1175970043969,0,95
2023-12-13,SKU_7,Category_3,30,1435.1175970043969,0,40
2023-12-14,SKU_7,Category_3,21,1435.1175970043969,0,21
2023-12-15,SKU_7,Category_3,35,1435.1175970043969,0,69
2023-12-16,SKU_7,Category_3,28,1435.1175970043969,0,28
2023-12-17,SKU_7,Category_3,81,1435.1175970043969,1,89
2023-12-18,SKU_7,Category_3,42,1435.1175970043969,0,71
2023-12-19,SKU_7,Category_3,37,1435.1175970043969,0,68
2023-12-20,SKU_7,Category_3,28,1435.1175970043969,0,28
2023-12-21,SKU_7,Category_3,17,1435.1175970043969,0,17
2023-12-22,SKU_7,Category_3,39,1435.1175970043969,0,42
2023-12-23,SKU_7,Category_3,51,1435.1175970043969,0,68
2023-12-24,SKU_7,Category_3,47,1435.1175970043969,0,58
2023-12-25,SKU_7,Category_3,42,1435.1175970043969,0,91
2023-12-26,SKU_7,Category_3,31,1435.1175970043969,0,42
2023-12-27,SKU_7,Category_3,58,1435.1175970043969,1,89
2023-12-28,SKU_7,Category_3,39,1435.1175970043969,0,50
2023-12-29,SKU_7,Category_3,33,1435.1175970043969,0,98
2023-12-30,SKU_7,Category_3,31,1435.1175970043969,0,31
2023-12-31,SKU_7,Category_3,26,1435.1175970043969,0,26
2023-01-01,SKU_8,Category_4,28,1956.8298678282415,0,81
2023-01-02,SKU_8,Category_4,25,1956.8298678282415,0,42
2023-01-03,SKU_8,Category_4,21,1956.8298678282415,0,59
2023-01-04,SKU_8,Category_4,22,1956.8298678282415,0,38
2023-01-05,SKU_8,Category_4,18,1956.8298678282415,0,54
2023-01-06,SKU_8,Category_4,22,1956.8298678282415,0,70
2023-01-07,SKU_8,Category_4,31,1956.8298678282415,0,63
2023-01-08,SKU_8,Category_4,25,1956.8298678282415,0,95
2023-01-09,SKU_8,Category_4,21,1956.8298678282415,0,96
2023-01-10,SKU_8,Category_4,33,1956.8298678282415,0,59
2023-01-11,SKU_8,Category_4,23,1956.8298678282415,0,95
2023-01-12,SKU_8,Category_4,21,1956.8298678282415,0,21
2023-01-13,SKU_8,Category_4,26,1956.8298678282415,0,86
2023-01-14,SKU_8,Category_4,32,1956.8298678282415,0,96
2023-01-15,SKU_8,Category_4,30,1956.8298678282415,0,78
2023-01-16,SKU_8,Category_4,28,1956.8298678282415,0,28
2023-01-17,SKU_8,Category_4,17,1956.8298678282415,0,75
2023-01-18,SKU_8,Category_4,31,1956.8298678282415,0,41
2023-01-19,SKU_8,Category_4,21,1956.8298678282415,0,81
2023-01-20,SKU_8,Category_4,37,1956.8298678282415,0,40
2023-01-21,SKU_8,Category_4,14,1956.8298678282415,0,14
2023-01-22,SKU_8,Category_4,42,1956.8298678282415,0,76
2023-01-23,SKU_8,Category_4,27,1956.8298678282415,0,91
2023-01-24,SKU_8,Category_4,18,1956.8298678282415,0,74
2023-01-25,SKU_8,Category_4,18,1956.8298678282415,0,28
2023-01-26,SKU_8,Category_4,18,1956.8298678282415,0,99
2023-01-27,SKU_8,Category_4,25,1956.8298678282415,0,93
2023-01-28,SKU_8,Category_4,40,1956.8298678282415,0,92
2023-01-29,SKU_8,Category_4,13,1956.8298678282415,0,13
2023-01-30,SKU_8,Category_4,20,1956.8298678282415,0,55
2023-01-31,SKU_8,Category_4,14,1956.8298678282415,0,46
2023-02-01,SKU_8,Category_4,20,1956.8298678282415,0,70
2023-02-02,SKU_8,Category_4,38,1956.8298678282415,1,59
2023-02-03,SKU_8,Category_4,27,1956.8298678282415,0,47
2023-02-04,SKU_8,Category_4,31,1956.8298678282415,0,84
2023-02-05,SKU_8,Category_4,38,1956.8298678282415,0,95
2023-02-06,SKU_8,Category_4,23,1956.8298678282415,0,81
2023-02-07,SKU_8,Category_4,28,1956.8298678282415,0,94
2023-02-08,SKU_8,Category_4,22,1956.8298678282415,0,28
2023-02-09,SKU_8,Category_4,24,1956.8298678282415,0,65
2023-02-10,SKU_8,Category_4,20,1956.8298678282415,0,60
2023-02-11,SKU_8,Category_4,25,1956.8298678282415,0,70
2023-02-12,SKU_8,Category_4,32,1956.8298678282415,0,74
2023-02-13,SKU_8,Category_4,30,1956.8298678282415,0,47
2023-02-14,SKU_8,Category_4,22,1956.8298678282415,0,70
2023-02-15,SKU_8,Category_4,24,1956.8298678282415,0,91
2023-02-16,SKU_8,Category_4,24,1956.8298678282415,0,24
2023-02-17,SKU_8,Category_4,27,1956.8298678282415,0,66
2023-02-18,SKU_8,Category_4,47,1956.8298678282415,1,59
2023-02-19,SKU_8,Category_4,27,1956.8298678282415,0,56
2023-02-20,SKU_8,Category_4,22,1956.8298678282415,0,63
2023-02-21,SKU_8,Category_4,19,1956.8298678282415,0,44
2023-02-22,SKU_8,Category_4,18,1956.8298678282415,0,92
2023-02-23,SKU_8,Category_4,19,1956.8298678282415,0,19
2023-02-24,SKU_8,Category_4,31,1956.8298678282415,0,81
2023-02-25,SKU_8,Category_4,16,1956.8298678282415,0,16
2023-02-26,SKU_8,Category_4,35,1956.8298678282415,0,92
2023-02-27,SKU_8,Category_4,28,1956.8298678282415,0,28
2023-02-28,SKU_8,Category_4,24,1956.8298678282415,0,42
2023-03-01,SKU_8,Category_4,30,1956.8298678282415,0,37
2023-03-02,SKU_8,Category_4,40,1956.8298678282415,1,64
2023-03-03,SKU_8,Category_4,21,1956.8298678282415,0,33
2023-03-04,SKU_8,Category_4,27,1956.8298678282415,0,86
2023-03-05,SKU_8,Category_4,31,1956.8298678282415,0,36
2023-03-06,SKU_8,Category_4,15,1956.8298678282415,0,69
2023-03-07,SKU_8,Category_4,13,1956.8298678282415,0,68
2023-03-08,SKU_8,Category_4,20,1956.8298678282415,0,48
2023-03-09,SKU_8,Category_4,26,1956.8298678282415,1,26
2023-03-10,SKU_8,Category_4,28,1956.8298678282415,0,80
2023-03-11,SKU_8,Category_4,36,1956.8298678282415,0,44
2023-03-12,SKU_8,Category_4,30,1956.8298678282415,0,53
2023-03-13,SKU_8,Category_4,17,1956.8298678282415,0,47
2023-03-14,SKU_8,Category_4,22,1956.8298678282415,0,56
2023-03-15,SKU_8,Category_4,26,1956.8298678282415,0,26
2023-03-16,SKU_8,Category_4,28,1956.8298678282415,0,71
2023-03-17,SKU_8,Category_4,20,1956.8298678282415,0,65
2023-03-18,SKU_8,Category_4,33,1956.8298678282415,0,60
2023-03-19,SKU_8,Category_4,16,1956.8298678282415,0,16
2023-03-20,SKU_8,Category_4,19,1956.8298678282415,0,49
2023-03-21,SKU_8,Category_4,25,1956.8298678282415,0,64
2023-03-22,SKU_8,Category_4,18,1956.8298678282415,0,89
2023-03-23,SKU_8,Category_4,14,1956.8298678282415,0,41
2023-03-24,SKU_8,Category_4,27,1956.8298678282415,0,27
2023-03-25,SKU_8,Category_4,50,1956.8298678282415,1,73
2023-03-26,SKU_8,Category_4,23,1956.8298678282415,0,50
2023-03-27,SKU_8,Category_4,28,1956.8298678282415,0,61
2023-03-28,SKU_8,Category_4,15,1956.8298678282415,0,15
2023-03-29,SKU_8,Category_4,34,1956.8298678282415,0,40
2023-03-30,SKU_8,Category_4,14,1956.8298678282415,0,44
2023-03-31,SKU_8,Category_4,15,1956.8298678282415,0,71
2023-04-01,SKU_8,Category_4,26,1956.8298678282415,0,36
2023-04-02,SKU_8,Category_4,28,1956.8298678282415,0,37
2023-04-03,SKU_8,Category_4,9,1956.8298678282415,0,18
2023-04-04,SKU_8,Category_4,15,1956.8298678282415,0,60
2023-04-05,SKU_8,Category_4,16,1956.8298678282415,0,96
2023-04-06,SKU_8,Category_4,25,1956.8298678282415,0,96
2023-04-07,SKU_8,Category_4,22,1956.8298678282415,0,89
2023-04-08,SKU_8,Category_4,10,1956.8298678282415,0,10
2023-04-09,SKU_8,Category_4,19,1956.8298678282415,0,58
2023-04-10,SKU_8,Category_4,20,1956.8298678282415,0,80
2023-04-11,SKU_8,Category_4,25,1956.8298678282415,0,41
2023-04-12,SKU_8,Category_4,18,1956.8298678282415,0,76
2023-04-13,SKU_8,Category_4,18,1956.8298678282415,0,36
2023-04-14,SKU_8,Category_4,19,1956.8298678282415,0,88
2023-04-15,SKU_8,Category_4,37,1956.8298678282415,0,64
2023-04-16,SKU_8,Category_4,40,1956.8298678282415,0,50
2023-04-17,SKU_8,Category_4,28,1956.8298678282415,0,65
2023-04-18,SKU_8,Category_4,31,1956.8298678282415,0,64
2023-04-19,SKU_8,Category_4,11,1956.8298678282415,0,11
2023-04-20,SKU_8,Category_4,36,1956.8298678282415,1,47
2023-04-21,SKU_8,Category_4,20,1956.8298678282415,0,89
2023-04-22,SKU_8,Category_4,29,1956.8298678282415,0,71
2023-04-23,SKU_8,Category_4,32,1956.8298678282415,0,33
2023-04-24,SKU_8,Category_4,14,1956.8298678282415,0,14
2023-04-25,SKU_8,Category_4,20,1956.8298678282415,0,39
2023-04-26,SKU_8,Category_4,12,1956.8298678282415,0,12
2023-04-27,SKU_8,Category_4,34,1956.8298678282415,1,52
2023-04-28,SKU_8,Category_4,30,1956.8298678282415,1,50
2023-04-29,SKU_8,Category_4,22,1956.8298678282415,0,88
2023-04-30,SKU_8,Category_4,36,1956.8298678282415,0,36
2023-05-01,SKU_8,Category_4,27,1956.8298678282415,0,93
2023-05-02,SKU_8,Category_4,28,1956.8298678282415,0,70
2023-05-03,SKU_8,Category_4,21,1956.8298678282415,0,38
2023-05-04,SKU_8,Category_4,20,1956.8298678282415,0,20
2023-05-05,SKU_8,Category_4,25,1956.8298678282415,0,50
2023-05-06,SKU_8,Category_4,39,1956.8298678282415,1,96
2023-05-07,SKU_8,Category_4,50,1956.8298678282415,1,93
2023-05-08,SKU_8,Category_4,18,1956.8298678282415,0,26
2023-05-09,SKU_8,Category_4,29,1956.8298678282415,1,32
2023-05-10,SKU_8,Category_4,19,1956.8298678282415,0,97
2023-05-11,SKU_8,Category_4,11,1956.8298678282415,0,11
2023-05-12,SKU_8,Category_4,34,1956.8298678282415,0,44
2023-05-13,SKU_8,Category_4,27,1956.8298678282415,0,81
2023-05-14,SKU_8,Category_4,27,1956.8298678282415,0,30
2023-05-15,SKU_8,Category_4,32,1956.8298678282415,0,32
2023-05-16,SKU_8,Category_4,22,1956.8298678282415,0,61
2023-05-17,SKU_8,Category_4,30,1956.8298678282415,0,43
2023-05-18,SKU_8,Category_4,24,1956.8298678282415,0,79
2023-05-19,SKU_8,Category_4,16,1956.8298678282415,0,91
2023-05-20,SKU_8,Category_4,30,1956.8298678282415,0,30
2023-05-21,SKU_8,Category_4,32,1956.8298678282415,0,91
2023-05-22,SKU_8,Category_4,16,1956.8298678282415,0,16
2023-05-23,SKU_8,Category_4,42,1956.8298678282415,1,73
2023-05-24,SKU_8,Category_4,39,1956.8298678282415,1,44
2023-05-25,SKU_8,Category_4,27,1956.8298678282415,0,85
2023-05-26,SKU_8,Category_4,23,1956.8298678282415,0,41
2023-05-27,SKU_8,Category_4,45,1956.8298678282415,1,72
2023-05-28,SKU_8,Category_4,22,1956.8298678282415,0,77
2023-05-29,SKU_8,Category_4,18,1956.8298678282415,0,95
2023-05-30,SKU_8,Category_4,17,1956.8298678282415,0,56
2023-05-31,SKU_8,Category_4,27,1956.8298678282415,0,65
2023-06-01,SKU_8,Category_4,13,1956.8298678282415,0,26
2023-06-02,SKU_8,Category_4,22,1956.8298678282415,0,96
2023-06-03,SKU_8,Category_4,39,1956.8298678282415,0,72
2023-06-04,SKU_8,Category_4,28,1956.8298678282415,0,95
2023-06-05,SKU_8,Category_4,25,1956.8298678282415,0,51
2023-06-06,SKU_8,Category_4,32,1956.8298678282415,0,96
2023-06-07,SKU_8,Category_4,27,1956.8298678282415,0,82
2023-06-08,SKU_8,Category_4,28,1956.8298678282415,0,57
2023-06-09,SKU_8,Category_4,29,1956.8298678282415,0,89
2023-06-10,SKU_8,Category_4,29,1956.8298678282415,0,31
2023-06-11,SKU_8,Category_4,32,1956.8298678282415,0,35
2023-06-12,SKU_8,Category_4,12,1956.8298678282415,0,12
2023-06-13,SKU_8,Category_4,22,1956.8298678282415,0,74
2023-06-14,SKU_8,Category_4,17,1956.8298678282415,0,99
2023-06-15,SKU_8,Category_4,33,1956.8298678282415,1,77
2023-06-16,SKU_8,Category_4,19,1956.8298678282415,1,19
2023-06-17,SKU_8,Category_4,39,1956.8298678282415,0,59
2023-06-18,SKU_8,Category_4,25,1956.8298678282415,0,25
2023-06-19,SKU_8,Category_4,23,1956.8298678282415,0,77
2023-06-20,SKU_8,Category_4,22,1956.8298678282415,0,48
2023-06-21,SKU_8,Category_4,25,1956.8298678282415,0,27
2023-06-22,SKU_8,Category_4,41,1956.8298678282415,1,94
2023-06-23,SKU_8,Category_4,17,1956.8298678282415,0,39
2023-06-24,SKU_8,Category_4,35,1956.8298678282415,0,99
2023-06-25,SKU_8,Category_4,31,1956.8298678282415,0,85
2023-06-26,SKU_8,Category_4,14,1956.8298678282415,0,14
2023-06-27,SKU_8,Category_4,21,1956.8298678282415,0,68
2023-06-28,SKU_8,Category_4,18,1956.8298678282415,0,18
2023-06-29,SKU_8,Category_4,28,1956.8298678282415,0,70
2023-06-30,SKU_8,Category_4,15,1956.8298678282415,0,15
2023-07-01,SKU_8,Category_4,28,1956.8298678282415,0,65
2023-07-02,SKU_8,Category_4,32,1956.8298678282415,0,98
2023-07-03,SKU_8,Category_4,18,1956.8298678282415,0,57
2023-07-04,SKU_8,Category_4,26,1956.8298678282415,0,60
2023-07-05,SKU_8,Category_4,19,1956.8298678282415,0,52
2023-07-06,SKU_8,Category_4,31,1956.8298678282415,0,68
2023-07-07,SKU_8,Category_4,34,1956.8298678282415,1,50
2023-07-08,SKU_8,Category_4,41,1956.8298678282415,1,63
2023-07-09,SKU_8,Category_4,28,1956.8298678282415,0,68
2023-07-10,SKU_8,Category_4,33,1956.8298678282415,0,37
2023-07-11,SKU_8,Category_4,14,1956.8298678282415,0,66
2023-07-12,SKU_8,Category_4,17,1956.8298678282415,0,17
2023-07-13,SKU_8,Category_4,21,1956.8298678282415,0,92
2023-07-14,SKU_8,Category_4,19,1956.8298678282415,0,19
2023-07-15,SKU_8,Category_4,29,1956.8298678282415,0,70
2023-07-16,SKU_8,Category_4,19,1956.8298678282415,0,19
2023-07-17,SKU_8,Category_4,26,1956.8298678282415,0,91
2023-07-18,SKU_8,Category_4,20,1956.8298678282415,0,89
2023-07-19,SKU_8,Category_4,32,1956.8298678282415,0,89
2023-07-20,SKU_8,Category_4,15,1956.8298678282415,0,15
2023-07-21,SKU_8,Category_4,31,1956.8298678282415,0,90
2023-07-22,SKU_8,Category_4,28,1956.8298678282415,0,72
2023-07-23,SKU_8,Category_4,16,1956.8298678282415,0,16
2023-07-24,SKU_8,Category_4,25,1956.8298678282415,0,46
2023-07-25,SKU_8,Category_4,20,1956.8298678282415,0,35
2023-07-26,SKU_8,Category_4,21,1956.8298678282415,0,21
2023-07-27,SKU_8,Category_4,21,1956.8298678282415,0,24
2023-07-28,SKU_8,Category_4,20,1956.8298678282415,0,34
2023-07-29,SKU_8,Category_4,15,1956.8298678282415,0,15
2023-07-30,SKU_8,Category_4,26,1956.8298678282415,0,97
2023-07-31,SKU_8,Category_4,26,1956.8298678282415,0,41
2023-08-01,SKU_8,Category_4,30,1956.8298678282415,0,78
2023-08-02,SKU_8,Category_4,29,1956.8298678282415,0,75
2023-08-03,SKU_8,Category_4,17,1956.8298678282415,0,63
2023-08-04,SKU_8,Category_4,12,1956.8298678282415,0,12
2023-08-05,SKU_8,Category_4,40,1956.8298678282415,1,61
2023-08-06,SKU_8,Category_4,34,1956.8298678282415,0,45
2023-08-07,SKU_8,Category_4,28,1956.8298678282415,0,35
2023-08-08,SKU_8,Category_4,17,1956.8298678282415,0,17
2023-08-09,SKU_8,Category_4,23,1956.8298678282415,0,65
2023-08-10,SKU_8,Category_4,28,1956.8298678282415,0,40
2023-08-11,SKU_8,Category_4,23,1956.8298678282415,0,72
2023-08-12,SKU_8,Category_4,28,1956.8298678282415,0,80
2023-08-13,SKU_8,Category_4,43,1956.8298678282415,0,87
2023-08-14,SKU_8,Category_4,18,1956.8298678282415,0,65
2023-08-15,SKU_8,Category_4,18,1956.8298678282415,0,18
2023-08-16,SKU_8,Category_4,16,1956.8298678282415,0,16
2023-08-17,SKU_8,Category_4,15,1956.8298678282415,0,15
2023-08-18,SKU_8,Category_4,23,1956.8298678282415,0,51
2023-08-19,SKU_8,Category_4,37,1956.8298678282415,0,94
2023-08-20,SKU_8,Category_4,44,1956.8298678282415,1,78
2023-08-21,SKU_8,Category_4,21,1956.8298678282415,0,21
2023-08-22,SKU_8,Category_4,24,1956.8298678282415,0,59
2023-08-23,SKU_8,Category_4,18,1956.8298678282415,0,18
2023-08-24,SKU_8,Category_4,10,1956.8298678282415,0,10
2023-08-25,SKU_8,Category_4,22,1956.8298678282415,0,47
2023-08-26,SKU_8,Category_4,50,1956.8298678282415,1,96
2023-08-27,SKU_8,Category_4,34,1956.8298678282415,0,91
2023-08-28,SKU_8,Category_4,23,1956.8298678282415,0,98
2023-08-29,SKU_8,Category_4,27,1956.8298678282415,0,72
2023-08-30,SKU_8,Category_4,25,1956.8298678282415,0,81
2023-08-31,SKU_8,Category_4,20,1956.8298678282415,0,46
2023-09-01,SKU_8,Category_4,23,1956.8298678282415,0,30
2023-09-02,SKU_8,Category_4,31,1956.8298678282415,0,71
2023-09-03,SKU_8,Category_4,26,1956.8298678282415,0,51
2023-09-04,SKU_8,Category_4,13,1956.8298678282415,0,13
2023-09-05,SKU_8,Category_4,21,1956.8298678282415,1,66
2023-09-06,SKU_8,Category_4,18,1956.8298678282415,0,57
2023-09-07,SKU_8,Category_4,23,1956.8298678282415,0,42
2023-09-08,SKU_8,Category_4,17,1956.8298678282415,0,56
2023-09-09,SKU_8,Category_4,33,1956.8298678282415,0,82
2023-09-10,SKU_8,Category_4,30,1956.8298678282415,0,90
2023-09-11,SKU_8,Category_4,18,1956.8298678282415,0,62
2023-09-12,SKU_8,Category_4,19,1956.8298678282415,0,68
2023-09-13,SKU_8,Category_4,22,1956.8298678282415,0,61
2023-09-14,SKU_8,Category_4,25,1956.8298678282415,0,46
2023-09-15,SKU_8,Category_4,22,1956.8298678282415,0,90
2023-09-16,SKU_8,Category_4,38,1956.8298678282415,0,95
2023-09-17,SKU_8,Category_4,40,1956.8298678282415,0,66
2023-09-18,SKU_8,Category_4,22,1956.8298678282415,0,39
2023-09-19,SKU_8,Category_4,24,1956.8298678282415,0,48
2023-09-20,SKU_8,Category_4,15,1956.8298678282415,0,27
2023-09-21,SKU_8,Category_4,20,1956.8298678282415,0,58
2023-09-22,SKU_8,Category_4,24,1956.8298678282415,0,31
2023-09-23,SKU_8,Category_4,51,1956.8298678282415,1,60
2023-09-24,SKU_8,Category_4,15,1956.8298678282415,1,15
2023-09-25,SKU_8,Category_4,32,1956.8298678282415,1,45
2023-09-26,SKU_8,Category_4,26,1956.8298678282415,0,33
2023-09-27,SKU_8,Category_4,16,1956.8298678282415,0,54
2023-09-28,SKU_8,Category_4,18,1956.8298678282415,0,23
2023-09-29,SKU_8,Category_4,24,1956.8298678282415,0,47
2023-09-30,SKU_8,Category_4,23,1956.8298678282415,0,77
2023-10-01,SKU_8,Category_4,43,1956.8298678282415,1,69
2023-10-02,SKU_8,Category_4,17,1956.8298678282415,1,17
2023-10-03,SKU_8,Category_4,21,1956.8298678282415,0,78
2023-10-04,SKU_8,Category_4,26,1956.8298678282415,0,35
2023-10-05,SKU_8,Category_4,22,1956.8298678282415,0,60
2023-10-06,SKU_8,Category_4,20,1956.8298678282415,0,86
2023-10-07,SKU_8,Category_4,20,1956.8298678282415,0,20
2023-10-08,SKU_8,Category_4,29,1956.8298678282415,0,34
2023-10-09,SKU_8,Category_4,22,1956.8298678282415,0,93
2023-10-10,SKU_8,Category_4,23,1956.8298678282415,0,71
2023-10-11,SKU_8,Category_4,24,1956.8298678282415,0,70
2023-10-12,SKU_8,Category_4,20,1956.8298678282415,0,55
2023-10-13,SKU_8,Category_4,30,1956.8298678282415,1,91
2023-10-14,SKU_8,Category_4,27,1956.8298678282415,0,97
2023-10-15,SKU_8,Category_4,33,1956.8298678282415,0,65
2023-10-16,SKU_8,Category_4,25,1956.8298678282415,0,66
2023-10-17,SKU_8,Category_4,21,1956.8298678282415,0,96
2023-10-18,SKU_8,Category_4,26,1956.8298678282415,0,49
2023-10-19,SKU_8,Category_4,21,1956.8298678282415,0,36
2023-10-20,SKU_8,Category_4,15,1956.8298678282415,0,15
2023-10-21,SKU_8,Category_4,31,1956.8298678282415,0,31
2023-10-22,SKU_8,Category_4,37,1956.8298678282415,0,56
2023-10-23,SKU_8,Category_4,19,1956.8298678282415,0,33
2023-10-24,SKU_8,Category_4,22,1956.8298678282415,1,22
2023-10-25,SKU_8,Category_4,25,1956.8298678282415,0,87
2023-10-26,SKU_8,Category_4,33,1956.8298678282415,1,45
2023-10-27,SKU_8,Category_4,23,1956.8298678282415,0,36
2023-10-28,SKU_8,Category_4,25,1956.8298678282415,0,43
2023-10-29,SKU_8,Category_4,12,1956.8298678282415,1,12
2023-10-30,SKU_8,Category_4,25,1956.8298678282415,0,88
2023-10-31,SKU_8,Category_4,25,1956.8298678282415,0,68
2023-11-01,SKU_8,Category_4,26,1956.8298678282415,0,26
2023-11-02,SKU_8,Category_4,22,1956.8298678282415,0,94
2023-11-03,SKU_8,Category_4,20,1956.8298678282415,0,20
2023-11-04,SKU_8,Category_4,25,1956.8298678282415,0,57
2023-11-05,SKU_8,Category_4,30,1956.8298678282415,0,30
2023-11-06,SKU_8,Category_4,41,1956.8298678282415,1,60
2023-11-07,SKU_8,Category_4,23,1956.8298678282415,0,94
2023-11-08,SKU_8,Category_4,17,1956.8298678282415,0,17
2023-11-09,SKU_8,Category_4,13,1956.8298678282415,0,13
2023-11-10,SKU_8,Category_4,24,1956.8298678282415,0,24
2023-11-11,SKU_8,Category_4,31,1956.8298678282415,0,58
2023-11-12,SKU_8,Category_4,25,1956.8298678282415,0,70
2023-11-13,SKU_8,Category_4,25,1956.8298678282415,0,62
2023-11-14,SKU_8,Category_4,25,1956.8298678282415,0,78
2023-11-15,SKU_8,Category_4,28,1956.8298678282415,0,97
2023-11-16,SKU_8,Category_4,25,1956.8298678282415,0,61
2023-11-17,SKU_8,Category_4,11,1956.8298678282415,0,32
2023-11-18,SKU_8,Category_4,30,1956.8298678282415,0,30
2023-11-19,SKU_8,Category_4,27,1956.8298678282415,0,51
2023-11-20,SKU_8,Category_4,24,1956.8298678282415,0,36
2023-11-21,SKU_8,Category_4,20,1956.8298678282415,0,62
2023-11-22,SKU_8,Category_4,20,1956.8298678282415,0,51
2023-11-23,SKU_8,Category_4,14,1956.8298678282415,0,14
2023-11-24,SKU_8,Category_4,13,1956.8298678282415,0,13
2023-11-25,SKU_8,Category_4,23,1956.8298678282415,0,76
2023-11-26,SKU_8,Category_4,42,1956.8298678282415,1,78
2023-11-27,SKU_8,Category_4,18,1956.8298678282415,0,37
2023-11-28,SKU_8,Category_4,26,1956.8298678282415,0,58
2023-11-29,SKU_8,Category_4,25,1956.8298678282415,0,64
2023-11-30,SKU_8,Category_4,24,1956.8298678282415,0,56
2023-12-01,SKU_8,Category_4,32,1956.8298678282415,0,37
2023-12-02,SKU_8,Category_4,35,1956.8298678282415,0,68
2023-12-03,SKU_8,Category_4,30,1956.8298678282415,0,84
2023-12-04,SKU_8,Category_4,12,1956.8298678282415,0,12
2023-12-05,SKU_8,Category_4,13,1956.8298678282415,0,62
2023-12-06,SKU_8,Category_4,23,1956.8298678282415,0,98
2023-12-07,SKU_8,Category_4,24,1956.8298678282415,0,24
2023-12-08,SKU_8,Category_4,17,1956.8298678282415,0,56
2023-12-09,SKU_8,Category_4,30,1956.8298678282415,0,62
2023-12-10,SKU_8,Category_4,45,1956.8298678282415,1,81
2023-12-11,SKU_8,Category_4,34,1956.8298678282415,1,35
2023-12-12,SKU_8,Category_4,30,1956.8298678282415,0,61
2023-12-13,SKU_8,Category_4,24,1956.8298678282415,0,98
2023-12-14,SKU_8,Category_4,28,1956.8298678282415,0,31
2023-12-15,SKU_8,Category_4,18,1956.8298678282415,0,47
2023-12-16,SKU_8,Category_4,35,1956.8298678282415,0,76
2023-12-17,SKU_8,Category_4,24,1956.8298678282415,1,24
2023-12-18,SKU_8,Category_4,13,1956.8298678282415,0,13
2023-12-19,SKU_8,Category_4,16,1956.8298678282415,0,66
2023-12-20,SKU_8,Category_4,10,1956.8298678282415,0,10
2023-12-21,SKU_8,Category_4,21,1956.8298678282415,0,21
2023-12-22,SKU_8,Category_4,18,1956.8298678282415,0,34
2023-12-23,SKU_8,Category_4,31,1956.8298678282415,0,73
2023-12-24,SKU_8,Category_4,33,1956.8298678282415,0,75
2023-12-25,SKU_8,Category_4,15,1956.8298678282415,0,15
2023-12-26,SKU_8,Category_4,26,1956.8298678282415,0,91
2023-12-27,SKU_8,Category_4,18,1956.8298678282415,0,37
2023-12-28,SKU_8,Category_4,38,1956.8298678282415,0,76
2023-12-29,SKU_8,Category_4,28,1956.8298678282415,0,89
2023-12-30,SKU_8,Category_4,25,1956.8298678282415,0,28
2023-12-31,SKU_8,Category_4,29,1956.8298678282415,0,29
2023-01-01,SKU_9,Category_5,33,1712.235573536319,0,37
2023-01-02,SKU_9,Category_5,31,1712.235573536319,0,31
2023-01-03,SKU_9,Category_5,28,1712.235573536319,0,53
2023-01-04,SKU_9,Category_5,21,1712.235573536319,0,21
2023-01-05,SKU_9,Category_5,29,1712.235573536319,0,81
2023-01-06,SKU_9,Category_5,31,1712.235573536319,0,90
2023-01-07,SKU_9,Category_5,59,1712.235573536319,1,66
2023-01-08,SKU_9,Category_5,46,1712.235573536319,0,46
2023-01-09,SKU_9,Category_5,49,1712.235573536319,1,49
2023-01-10,SKU_9,Category_5,36,1712.235573536319,0,69
2023-01-11,SKU_9,Category_5,28,1712.235573536319,0,28
2023-01-12,SKU_9,Category_5,35,1712.235573536319,0,42
2023-01-13,SKU_9,Category_5,34,1712.235573536319,0,45
2023-01-14,SKU_9,Category_5,30,1712.235573536319,0,30
2023-01-15,SKU_9,Category_5,42,1712.235573536319,0,53
2023-01-16,SKU_9,Category_5,32,1712.235573536319,0,58
2023-01-17,SKU_9,Category_5,22,1712.235573536319,0,22
2023-01-18,SKU_9,Category_5,27,1712.235573536319,0,83
2023-01-19,SKU_9,Category_5,21,1712.235573536319,0,80
2023-01-20,SKU_9,Category_5,11,1712.235573536319,0,11
2023-01-21,SKU_9,Category_5,42,1712.235573536319,0,44
2023-01-22,SKU_9,Category_5,24,1712.235573536319,0,24
2023-01-23,SKU_9,Category_5,37,1712.235573536319,0,61
2023-01-24,SKU_9,Category_5,49,1712.235573536319,0,78
2023-01-25,SKU_9,Category_5,33,1712.235573536319,0,73
2023-01-26,SKU_9,Category_5,27,1712.235573536319,0,87
2023-01-27,SKU_9,Category_5,25,1712.235573536319,0,72
2023-01-28,SKU_9,Category_5,38,1712.235573536319,0,57
2023-01-29,SKU_9,Category_5,40,1712.235573536319,0,40
2023-01-30,SKU_9,Category_5,31,1712.235573536319,0,35
2023-01-31,SKU_9,Category_5,33,1712.235573536319,0,56
2023-02-01,SKU_9,Category_5,23,1712.235573536319,0,68
2023-02-02,SKU_9,Category_5,34,1712.235573536319,0,62
2023-02-03,SKU_9,Category_5,14,1712.235573536319,0,14
2023-02-04,SKU_9,Category_5,38,1712.235573536319,0,61
2023-02-05,SKU_9,Category_5,47,1712.235573536319,0,62
2023-02-06,SKU_9,Category_5,26,1712.235573536319,0,44
2023-02-07,SKU_9,Category_5,44,1712.235573536319,0,67
2023-02-08,SKU_9,Category_5,29,1712.235573536319,0,75
2023-02-09,SKU_9,Category_5,40,1712.235573536319,0,91
2023-02-10,SKU_9,Category_5,15,1712.235573536319,0,15
2023-02-11,SKU_9,Category_5,40,1712.235573536319,0,59
2023-02-12,SKU_9,Category_5,23,1712.235573536319,0,23
2023-02-13,SKU_9,Category_5,36,1712.235573536319,0,49
2023-02-14,SKU_9,Category_5,37,1712.235573536319,0,80
2023-02-15,SKU_9,Category_5,40,1712.235573536319,0,87
2023-02-16,SKU_9,Category_5,29,1712.235573536319,0,45
2023-02-17,SKU_9,Category_5,30,1712.235573536319,0,76
2023-02-18,SKU_9,Category_5,34,1712.235573536319,0,97
2023-02-19,SKU_9,Category_5,46,1712.235573536319,0,63
2023-02-20,SKU_9,Category_5,22,1712.235573536319,0,70
2023-02-21,SKU_9,Category_5,25,1712.235573536319,0,62
2023-02-22,SKU_9,Category_5,39,1712.235573536319,0,71
2023-02-23,SKU_9,Category_5,28,1712.235573536319,0,73
2023-02-24,SKU_9,Category_5,35,1712.235573536319,0,58
2023-02-25,SKU_9,Category_5,22,1712.235573536319,0,22
2023-02-26,SKU_9,Category_5,27,1712.235573536319,0,27
2023-02-27,SKU_9,Category_5,30,1712.235573536319,0,51
2023-02-28,SKU_9,Category_5,29,1712.235573536319,0,46
2023-03-01,SKU_9,Category_5,22,1712.235573536319,0,22
2023-03-02,SKU_9,Category_5,31,1712.235573536319,0,55
2023-03-03,SKU_9,Category_5,46,1712.235573536319,1,46
2023-03-04,SKU_9,Category_5,51,1712.235573536319,0,80
2023-03-05,SKU_9,Category_5,35,1712.235573536319,0,35
2023-03-06,SKU_9,Category_5,12,1712.235573536319,0,12
2023-03-07,SKU_9,Category_5,38,1712.235573536319,0,38
2023-03-08,SKU_9,Category_5,22,1712.235573536319,0,22
2023-03-09,SKU_9,Category_5,28,1712.235573536319,0,98
2023-03-10,SKU_9,Category_5,36,1712.235573536319,0,67
2023-03-11,SKU_9,Category_5,15,1712.235573536319,0,15
2023-03-12,SKU_9,Category_5,38,1712.235573536319,0,77
2023-03-13,SKU_9,Category_5,30,1712.235573536319,0,65
2023-03-14,SKU_9,Category_5,35,1712.235573536319,0,96
2023-03-15,SKU_9,Category_5,23,1712.235573536319,0,85
2023-03-16,SKU_9,Category_5,32,1712.235573536319,0,93
2023-03-17,SKU_9,Category_5,32,1712.235573536319,0,57
2023-03-18,SKU_9,Category_5,48,1712.235573536319,0,50
2023-03-19,SKU_9,Category_5,48,1712.235573536319,0,59
2023-03-20,SKU_9,Category_5,34,1712.235573536319,0,90
2023-03-21,SKU_9,Category_5,21,1712.235573536319,0,21
2023-03-22,SKU_9,Category_5,36,1712.235573536319,0,68
2023-03-23,SKU_9,Category_5,25,1712.235573536319,0,25
2023-03-24,SKU_9,Category_5,37,1712.235573536319,0,69
2023-03-25,SKU_9,Category_5,22,1712.235573536319,0,22
2023-03-26,SKU_9,Category_5,44,1712.235573536319,0,59
2023-03-27,SKU_9,Category_5,27,1712.235573536319,0,49
2023-03-28,SKU_9,Category_5,26,1712.235573536319,0,88
2023-03-29,SKU_9,Category_5,55,1712.235573536319,1,66
2023-03-30,SKU_9,Category_5,31,1712.235573536319,0,64
2023-03-31,SKU_9,Category_5,14,1712.235573536319,0,14
2023-04-01,SKU_9,Category_5,64,1712.235573536319,1,89
2023-04-02,SKU_9,Category_5,33,1712.235573536319,0,96
2023-04-03,SKU_9,Category_5,22,1712.235573536319,0,77
2023-04-04,SKU_9,Category_5,35,1712.235573536319,0,95
2023-04-05,SKU_9,Category_5,24,1712.235573536319,0,24
2023-04-06,SKU_9,Category_5,33,1712.235573536319,0,82
2023-04-07,SKU_9,Category_5,32,1712.235573536319,0,47
2023-04-08,SKU_9,Category_5,48,1712.235573536319,0,96
2023-04-09,SKU_9,Category_5,33,1712.235573536319,0,39
2023-04-10,SKU_9,Category_5,35,1712.235573536319,0,42
2023-04-11,SKU_9,Category_5,16,1712.235573536319,0,16
2023-04-12,SKU_9,Category_5,27,1712.235573536319,0,54
2023-04-13,SKU_9,Category_5,20,1712.235573536319,0,20
2023-04-14,SKU_9,Category_5,21,1712.235573536319,0,21
2023-04-15,SKU_9,Category_5,44,1712.235573536319,0,59
2023-04-16,SKU_9,Category_5,40,1712.235573536319,0,44
2023-04-17,SKU_9,Category_5,29,1712.235573536319,0,96
2023-04-18,SKU_9,Category_5,26,1712.235573536319,0,72
2023-04-19,SKU_9,Category_5,32,1712.235573536319,0,70
2023-04-20,SKU_9,Category_5,36,1712.235573536319,0,88
2023-04-21,SKU_9,Category_5,25,1712.235573536319,0,29
2023-04-22,SKU_9,Category_5,36,1712.235573536319,0,78
2023-04-23,SKU_9,Category_5,37,1712.235573536319,0,66
2023-04-24,SKU_9,Category_5,10,1712.235573536319,0,10
2023-04-25,SKU_9,Category_5,25,1712.235573536319,0,60
2023-04-26,SKU_9,Category_5,36,1712.235573536319,0,77
2023-04-27,SKU_9,Category_5,20,1712.235573536319,0,77
2023-04-28,SKU_9,Category_5,33,1712.235573536319,0,71
2023-04-29,SKU_9,Category_5,35,1712.235573536319,1,35
2023-04-30,SKU_9,Category_5,28,1712.235573536319,0,28
2023-05-01,SKU_9,Category_5,40,1712.235573536319,0,89
2023-05-02,SKU_9,Category_5,30,1712.235573536319,0,31
2023-05-03,SKU_9,Category_5,17,1712.235573536319,0,17
2023-05-04,SKU_9,Category_5,27,1712.235573536319,0,27
2023-05-05,SKU_9,Category_5,29,1712.235573536319,0,35
2023-05-06,SKU_9,Category_5,35,1712.235573536319,0,35
2023-05-07,SKU_9,Category_5,42,1712.235573536319,0,63
2023-05-08,SKU_9,Category_5,24,1712.235573536319,0,24
2023-05-09,SKU_9,Category_5,46,1712.235573536319,1,71
2023-05-10,SKU_9,Category_5,34,1712.235573536319,0,48
2023-05-11,SKU_9,Category_5,50,1712.235573536319,1,89
2023-05-12,SKU_9,Category_5,35,1712.235573536319,0,79
2023-05-13,SKU_9,Category_5,18,1712.235573536319,0,18
2023-05-14,SKU_9,Category_5,41,1712.235573536319,0,90
2023-05-15,SKU_9,Category_5,34,1712.235573536319,0,73
2023-05-16,SKU_9,Category_5,18,1712.235573536319,0,43
2023-05-17,SKU_9,Category_5,22,1712.235573536319,0,22
2023-05-18,SKU_9,Category_5,36,1712.235573536319,0,54
2023-05-19,SKU_9,Category_5,14,1712.235573536319,0,14
2023-05-20,SKU_9,Category_5,14,1712.235573536319,0,14
2023-05-21,SKU_9,Category_5,27,1712.235573536319,0,27
2023-05-22,SKU_9,Category_5,19,1712.235573536319,0,19
2023-05-23,SKU_9,Category_5,37,1712.235573536319,0,69
2023-05-24,SKU_9,Category_5,32,1712.235573536319,1,32
2023-05-25,SKU_9,Category_5,32,1712.235573536319,0,48
2023-05-26,SKU_9,Category_5,39,1712.235573536319,0,79
2023-05-27,SKU_9,Category_5,40,1712.235573536319,0,69
2023-05-28,SKU_9,Category_5,21,1712.235573536319,1,21
2023-05-29,SKU_9,Category_5,22,1712.235573536319,0,57
2023-05-30,SKU_9,Category_5,29,1712.235573536319,0,53
2023-05-31,SKU_9,Category_5,47,1712.235573536319,1,48
2023-06-01,SKU_9,Category_5,36,1712.235573536319,0,74
2023-06-02,SKU_9,Category_5,35,1712.235573536319,0,99
2023-06-03,SKU_9,Category_5,29,1712.235573536319,0,29
2023-06-04,SKU_9,Category_5,51,1712.235573536319,0,55
2023-06-05,SKU_9,Category_5,33,1712.235573536319,0,55
2023-06-06,SKU_9,Category_5,31,1712.235573536319,0,57
2023-06-07,SKU_9,Category_5,27,1712.235573536319,0,27
2023-06-08,SKU_9,Category_5,59,1712.235573536319,1,83
2023-06-09,SKU_9,Category_5,33,1712.235573536319,0,33
2023-06-10,SKU_9,Category_5,11,1712.235573536319,0,11
2023-06-11,SKU_9,Category_5,28,1712.235573536319,0,51
2023-06-12,SKU_9,Category_5,31,1712.235573536319,0,54
2023-06-13,SKU_9,Category_5,26,1712.235573536319,0,51
2023-06-14,SKU_9,Category_5,26,1712.235573536319,0,43
2023-06-15,SKU_9,Category_5,27,1712.235573536319,1,27
2023-06-16,SKU_9,Category_5,42,1712.235573536319,1,51
2023-06-17,SKU_9,Category_5,38,1712.235573536319,0,81
2023-06-18,SKU_9,Category_5,14,1712.235573536319,0,14
2023-06-19,SKU_9,Category_5,27,1712.235573536319,0,71
2023-06-20,SKU_9,Category_5,27,1712.235573536319,0,99
2023-06-21,SKU_9,Category_5,28,1712.235573536319,0,57
2023-06-22,SKU_9,Category_5,31,1712.235573536319,0,40
2023-06-23,SKU_9,Category_5,31,1712.235573536319,0,35
2023-06-24,SKU_9,Category_5,22,1712.235573536319,0,22
2023-06-25,SKU_9,Category_5,46,1712.235573536319,0,86
2023-06-26,SKU_9,Category_5,47,1712.235573536319,1,72
2023-06-27,SKU_9,Category_5,37,1712.235573536319,1,37
2023-06-28,SKU_9,Category_5,34,1712.235573536319,0,71
2023-06-29,SKU_9,Category_5,45,1712.235573536319,1,76
2023-06-30,SKU_9,Category_5,36,1712.235573536319,0,45
2023-07-01,SKU_9,Category_5,40,1712.235573536319,0,87
2023-07-02,SKU_9,Category_5,62,1712.235573536319,1,95
2023-07-03,SKU_9,Category_5,27,1712.235573536319,0,85
2023-07-04,SKU_9,Category_5,38,1712.235573536319,0,60
2023-07-05,SKU_9,Category_5,33,1712.235573536319,0,33
2023-07-06,SKU_9,Category_5,35,1712.235573536319,0,53
2023-07-07,SKU_9,Category_5,28,1712.235573536319,0,77
2023-07-08,SKU_9,Category_5,28,1712.235573536319,0,28
2023-07-09,SKU_9,Category_5,20,1712.235573536319,0,20
2023-07-10,SKU_9,Category_5,12,1712.235573536319,0,12
2023-07-11,SKU_9,Category_5,28,1712.235573536319,0,37
2023-07-12,SKU_9,Category_5,33,1712.235573536319,0,36
2023-07-13,SKU_9,Category_5,22,1712.235573536319,0,22
2023-07-14,SKU_9,Category_5,26,1712.235573536319,0,27
2023-07-15,SKU_9,Category_5,41,1712.235573536319,0,46
2023-07-16,SKU_9,Category_5,32,1712.235573536319,0,32
2023-07-17,SKU_9,Category_5,31,1712.235573536319,0,38
2023-07-18,SKU_9,Category_5,26,1712.235573536319,0,92
2023-07-19,SKU_9,Category_5,44,1712.235573536319,1,96
2023-07-20,SKU_9,Category_5,22,1712.235573536319,0,89
2023-07-21,SKU_9,Category_5,28,1712.235573536319,0,92
2023-07-22,SKU_9,Category_5,23,1712.235573536319,0,23
2023-07-23,SKU_9,Category_5,39,1712.235573536319,0,81
2023-07-24,SKU_9,Category_5,26,1712.235573536319,0,65
2023-07-25,SKU_9,Category_5,39,1712.235573536319,0,57
2023-07-26,SKU_9,Category_5,35,1712.235573536319,0,71
2023-07-27,SKU_9,Category_5,19,1712.235573536319,0,19
2023-07-28,SKU_9,Category_5,38,1712.235573536319,0,65
2023-07-29,SKU_9,Category_5,22,1712.235573536319,0,22
2023-07-30,SKU_9,Category_5,53,1712.235573536319,0,88
2023-07-31,SKU_9,Category_5,38,1712.235573536319,0,78
2023-08-01,SKU_9,Category_5,30,1712.235573536319,0,40
2023-08-02,SKU_9,Category_5,29,1712.235573536319,0,81
2023-08-03,SKU_9,Category_5,34,1712.235573536319,0,75
2023-08-04,SKU_9,Category_5,26,1712.235573536319,0,26
2023-08-05,SKU_9,Category_5,20,1712.235573536319,0,20
2023-08-06,SKU_9,Category_5,35,1712.235573536319,0,51
2023-08-07,SKU_9,Category_5,36,1712.235573536319,0,36
2023-08-08,SKU_9,Category_5,25,1712.235573536319,0,95
2023-08-09,SKU_9,Category_5,31,1712.235573536319,0,90
2023-08-10,SKU_9,Category_5,16,1712.235573536319,1,16
2023-08-11,SKU_9,Category_5,30,1712.235573536319,0,56
2023-08-12,SKU_9,Category_5,45,1712.235573536319,0,52
2023-08-13,SKU_9,Category_5,39,1712.235573536319,0,69
2023-08-14,SKU_9,Category_5,11,1712.235573536319,1,11
2023-08-15,SKU_9,Category_5,38,1712.235573536319,0,68
2023-08-16,SKU_9,Category_5,12,1712.235573536319,0,12
2023-08-17,SKU_9,Category_5,25,1712.235573536319,0,25
2023-08-18,SKU_9,Category_5,36,1712.235573536319,0,84
2023-08-19,SKU_9,Category_5,37,1712.235573536319,0,37
2023-08-20,SKU_9,Category_5,43,1712.235573536319,0,82
2023-08-21,SKU_9,Category_5,33,1712.235573536319,0,58
2023-08-22,SKU_9,Category_5,30,1712.235573536319,0,48
2023-08-23,SKU_9,Category_5,25,1712.235573536319,0,69
2023-08-24,SKU_9,Category_5,30,1712.235573536319,0,75
2023-08-25,SKU_9,Category_5,33,1712.235573536319,0,57
2023-08-26,SKU_9,Category_5,48,1712.235573536319,0,51
2023-08-27,SKU_9,Category_5,45,1712.235573536319,0,91
2023-08-28,SKU_9,Category_5,26,1712.235573536319,0,72
2023-08-29,SKU_9,Category_5,35,1712.235573536319,0,74
2023-08-30,SKU_9,Category_5,23,1712.235573536319,0,80
2023-08-31,SKU_9,Category_5,19,1712.235573536319,0,19
2023-09-01,SKU_9,Category_5,34,1712.235573536319,0,94
2023-09-02,SKU_9,Category_5,36,1712.235573536319,1,36
2023-09-03,SKU_9,Category_5,13,1712.235573536319,0,13
2023-09-04,SKU_9,Category_5,34,1712.235573536319,0,90
2023-09-05,SKU_9,Category_5,23,1712.235573536319,0,58
2023-09-06,SKU_9,Category_5,33,1712.235573536319,0,62
2023-09-07,SKU_9,Category_5,24,1712.235573536319,0,85
2023-09-08,SKU_9,Category_5,16,1712.235573536319,0,16
2023-09-09,SKU_9,Category_5,22,1712.235573536319,0,22
2023-09-10,SKU_9,Category_5,42,1712.235573536319,0,54
2023-09-11,SKU_9,Category_5,23,1712.235573536319,0,65
2023-09-12,SKU_9,Category_5,23,1712.235573536319,0,39
2023-09-13,SKU_9,Category_5,39,1712.235573536319,0,69
2023-09-14,SKU_9,Category_5,30,1712.235573536319,0,43
2023-09-15,SKU_9,Category_5,37,1712.235573536319,0,69
2023-09-16,SKU_9,Category_5,36,1712.235573536319,0,90
2023-09-17,SKU_9,Category_5,46,1712.235573536319,0,95
2023-09-18,SKU_9,Category_5,27,1712.235573536319,0,43
2023-09-19,SKU_9,Category_5,34,1712.235573536319,0,57
2023-09-20,SKU_9,Category_5,28,1712.235573536319,0,41
2023-09-21,SKU_9,Category_5,31,1712.235573536319,0,62
2023-09-22,SKU_9,Category_5,33,1712.235573536319,0,95
2023-09-23,SKU_9,Category_5,42,1712.235573536319,0,69
2023-09-24,SKU_9,Category_5,46,1712.235573536319,0,90
2023-09-25,SKU_9,Category_5,50,1712.235573536319,1,99
2023-09-26,SKU_9,Category_5,13,1712.235573536319,0,13
2023-09-27,SKU_9,Category_5,39,1712.235573536319,0,39
2023-09-28,SKU_9,Category_5,32,1712.235573536319,1,32
2023-09-29,SKU_9,Category_5,36,1712.235573536319,0,81
2023-09-30,SKU_9,Category_5,39,1712.235573536319,0,89
2023-10-01,SKU_9,Category_5,16,1712.235573536319,0,16
2023-10-02,SKU_9,Category_5,29,1712.235573536319,0,56
2023-10-03,SKU_9,Category_5,19,1712.235573536319,0,19
2023-10-04,SKU_9,Category_5,29,1712.235573536319,0,90
2023-10-05,SKU_9,Category_5,25,1712.235573536319,0,25
2023-10-06,SKU_9,Category_5,25,1712.235573536319,0,78
2023-10-07,SKU_9,Category_5,46,1712.235573536319,0,78
2023-10-08,SKU_9,Category_5,52,1712.235573536319,0,91
2023-10-09,SKU_9,Category_5,21,1712.235573536319,1,21
2023-10-10,SKU_9,Category_5,28,1712.235573536319,0,52
2023-10-11,SKU_9,Category_5,32,1712.235573536319,0,91
2023-10-12,SKU_9,Category_5,19,1712.235573536319,0,19
2023-10-13,SKU_9,Category_5,34,1712.235573536319,0,90
2023-10-14,SKU_9,Category_5,41,1712.235573536319,0,56
2023-10-15,SKU_9,Category_5,53,1712.235573536319,1,62
2023-10-16,SKU_9,Category_5,11,1712.235573536319,0,11
2023-10-17,SKU_9,Category_5,47,1712.235573536319,1,66
2023-10-18,SKU_9,Category_5,28,1712.235573536319,0,42
2023-10-19,SKU_9,Category_5,28,1712.235573536319,0,82
2023-10-20,SKU_9,Category_5,28,1712.235573536319,0,92
2023-10-21,SKU_9,Category_5,42,1712.235573536319,0,80
2023-10-22,SKU_9,Category_5,31,1712.235573536319,0,72
2023-10-23,SKU_9,Category_5,30,1712.235573536319,0,95
2023-10-24,SKU_9,Category_5,26,1712.235573536319,0,59
2023-10-25,SKU_9,Category_5,38,1712.235573536319,0,75
2023-10-26,SKU_9,Category_5,14,1712.235573536319,0,14
2023-10-27,SKU_9,Category_5,36,1712.235573536319,0,67
2023-10-28,SKU_9,Category_5,30,1712.235573536319,0,30
2023-10-29,SKU_9,Category_5,39,1712.235573536319,0,99
2023-10-30,SKU_9,Category_5,31,1712.235573536319,0,68
2023-10-31,SKU_9,Category_5,10,1712.235573536319,0,10
2023-11-01,SKU_9,Category_5,24,1712.235573536319,0,27
2023-11-02,SKU_9,Category_5,26,1712.235573536319,0,39
2023-11-03,SKU_9,Category_5,15,1712.235573536319,0,15
2023-11-04,SKU_9,Category_5,37,1712.235573536319,0,52
2023-11-05,SKU_9,Category_5,31,1712.235573536319,0,31
2023-11-06,SKU_9,Category_5,25,1712.235573536319,0,83
2023-11-07,SKU_9,Category_5,35,1712.235573536319,0,96
2023-11-08,SKU_9,Category_5,27,1712.235573536319,0,30
2023-11-09,SKU_9,Category_5,18,1712.235573536319,0,18
2023-11-10,SKU_9,Category_5,24,1712.235573536319,0,33
2023-11-11,SKU_9,Category_5,14,1712.235573536319,0,14
2023-11-12,SKU_9,Category_5,13,1712.235573536319,0,13
2023-11-13,SKU_9,Category_5,35,1712.235573536319,0,54
2023-11-14,SKU_9,Category_5,27,1712.235573536319,0,37
2023-11-15,SKU_9,Category_5,26,1712.235573536319,0,35
2023-11-16,SKU_9,Category_5,37,1712.235573536319,0,48
2023-11-17,SKU_9,Category_5,22,1712.235573536319,0,22
2023-11-18,SKU_9,Category_5,32,1712.235573536319,0,41
2023-11-19,SKU_9,Category_5,46,1712.235573536319,0,77
2023-11-20,SKU_9,Category_5,28,1712.235573536319,0,28
2023-11-21,SKU_9,Category_5,26,1712.235573536319,0,54
2023-11-22,SKU_9,Category_5,37,1712.235573536319,0,76
2023-11-23,SKU_9,Category_5,32,1712.235573536319,0,49
2023-11-24,SKU_9,Category_5,33,1712.235573536319,0,33
2023-11-25,SKU_9,Category_5,32,1712.235573536319,0,32
2023-11-26,SKU_9,Category_5,30,1712.235573536319,0,30
2023-11-27,SKU_9,Category_5,17,1712.235573536319,0,17
2023-11-28,SKU_9,Category_5,38,1712.235573536319,1,57
2023-11-29,SKU_9,Category_5,45,1712.235573536319,0,62
2023-11-30,SKU_9,Category_5,36,1712.235573536319,0,76
2023-12-01,SKU_9,Category_5,12,1712.235573536319,0,12
2023-12-02,SKU_9,Category_5,43,1712.235573536319,0,95
2023-12-03,SKU_9,Category_5,40,1712.235573536319,0,42
2023-12-04,SKU_9,Category_5,28,1712.235573536319,0,92
2023-12-05,SKU_9,Category_5,27,1712.235573536319,0,35
2023-12-06,SKU_9,Category_5,11,1712.235573536319,0,11
2023-12-07,SKU_9,Category_5,48,1712.235573536319,1,59
2023-12-08,SKU_9,Category_5,22,1712.235573536319,0,22
2023-12-09,SKU_9,Category_5,22,1712.235573536319,0,22
2023-12-10,SKU_9,Category_5,59,1712.235573536319,1,99
2023-12-11,SKU_9,Category_5,27,1712.235573536319,0,99
2023-12-12,SKU_9,Category_5,24,1712.235573536319,0,44
2023-12-13,SKU_9,Category_5,37,1712.235573536319,0,94
2023-12-14,SKU_9,Category_5,30,1712.235573536319,0,60
2023-12-15,SKU_9,Category_5,33,1712.235573536319,0,42
2023-12-16,SKU_9,Category_5,49,1712.235573536319,0,61
2023-12-17,SKU_9,Category_5,41,1712.235573536319,0,89
2023-12-18,SKU_9,Category_5,19,1712.235573536319,0,19
2023-12-19,SKU_9,Category_5,26,1712.235573536319,0,26
2023-12-20,SKU_9,Category_5,29,1712.235573536319,0,67
2023-12-21,SKU_9,Category_5,24,1712.235573536319,0,45
2023-12-22,SKU_9,Category_5,31,1712.235573536319,0,34
2023-12-23,SKU_9,Category_5,40,1712.235573536319,0,59
2023-12-24,SKU_9,Category_5,49,1712.235573536319,0,81
2023-12-25,SKU_9,Category_5,29,1712.235573536319,0,69
2023-12-26,SKU_9,Category_5,29,1712.235573536319,0,84
2023-12-27,SKU_9,Category_5,15,1712.235573536319,0,15
2023-12-28,SKU_9,Category_5,31,1712.235573536319,0,89
2023-12-29,SKU_9,Category_5,26,1712.235573536319,0,51
2023-12-30,SKU_9,Category_5,46,1712.235573536319,0,87
2023-12-31,SKU_9,Category_5,37,1712.235573536319,0,53
2023-01-01,SKU_10,Category_1,27,832.4709719263387,0,83
2023-01-02,SKU_10,Category_1,22,832.4709719263387,0,62
2023-01-03,SKU_10,Category_1,18,832.4709719263387,1,18
2023-01-04,SKU_10,Category_1,15,832.4709719263387,1,15
2023-01-05,SKU_10,Category_1,15,832.4709719263387,0,48
2023-01-06,SKU_10,Category_1,18,832.4709719263387,0,66
2023-01-07,SKU_10,Category_1,28,832.4709719263387,0,28
2023-01-08,SKU_10,Category_1,20,832.4709719263387,0,90
2023-01-09,SKU_10,Category_1,18,832.4709719263387,1,18
2023-01-10,SKU_10,Category_1,22,832.4709719263387,0,29
2023-01-11,SKU_10,Category_1,25,832.4709719263387,0,36
2023-01-12,SKU_10,Category_1,24,832.4709719263387,0,41
2023-01-13,SKU_10,Category_1,29,832.4709719263387,0,39
2023-01-14,SKU_10,Category_1,24,832.4709719263387,0,74
2023-01-15,SKU_10,Category_1,26,832.4709719263387,0,33
2023-01-16,SKU_10,Category_1,25,832.4709719263387,0,83
2023-01-17,SKU_10,Category_1,16,832.4709719263387,0,16
2023-01-18,SKU_10,Category_1,22,832.4709719263387,0,45
2023-01-19,SKU_10,Category_1,23,832.4709719263387,0,91
2023-01-20,SKU_10,Category_1,25,832.4709719263387,0,76
2023-01-21,SKU_10,Category_1,36,832.4709719263387,0,88
2023-01-22,SKU_10,Category_1,25,832.4709719263387,0,25
2023-01-23,SKU_10,Category_1,38,832.4709719263387,1,38
2023-01-24,SKU_10,Category_1,25,832.4709719263387,0,25
2023-01-25,SKU_10,Category_1,11,832.4709719263387,0,11
2023-01-26,SKU_10,Category_1,26,832.4709719263387,0,41
2023-01-27,SKU_10,Category_1,28,832.4709719263387,1,88
2023-01-28,SKU_10,Category_1,48,832.4709719263387,1,85
2023-01-29,SKU_10,Category_1,23,832.4709719263387,0,90
2023-01-30,SKU_10,Category_1,30,832.4709719263387,0,55
2023-01-31,SKU_10,Category_1,23,832.4709719263387,0,47
2023-02-01,SKU_10,Category_1,11,832.4709719263387,0,79
2023-02-02,SKU_10,Category_1,20,832.4709719263387,0,42
2023-02-03,SKU_10,Category_1,26,832.4709719263387,0,46
2023-02-04,SKU_10,Category_1,35,832.4709719263387,0,86
2023-02-05,SKU_10,Category_1,25,832.4709719263387,0,66
2023-02-06,SKU_10,Category_1,25,832.4709719263387,0,41
2023-02-07,SKU_10,Category_1,21,832.4709719263387,0,67
2023-02-08,SKU_10,Category_1,13,832.4709719263387,0,97
2023-02-09,SKU_10,Category_1,30,832.4709719263387,0,95
2023-02-10,SKU_10,Category_1,23,832.4709719263387,1,49
2023-02-11,SKU_10,Category_1,21,832.4709719263387,0,48
2023-02-12,SKU_10,Category_1,24,832.4709719263387,0,96
2023-02-13,SKU_10,Category_1,25,832.4709719263387,0,61
2023-02-14,SKU_10,Category_1,25,832.4709719263387,0,67
2023-02-15,SKU_10,Category_1,24,832.4709719263387,0,45
2023-02-16,SKU_10,Category_1,20,832.4709719263387,0,87
2023-02-17,SKU_10,Category_1,26,832.4709719263387,0,76
2023-02-18,SKU_10,Category_1,29,832.4709719263387,0,63
2023-02-19,SKU_10,Category_1,19,832.4709719263387,0,32
2023-02-20,SKU_10,Category_1,38,832.4709719263387,1,47
2023-02-21,SKU_10,Category_1,16,832.4709719263387,0,87
2023-02-22,SKU_10,Category_1,21,832.4709719263387,0,26
2023-02-23,SKU_10,Category_1,20,832.4709719263387,0,86
2023-02-24,SKU_10,Category_1,24,832.4709719263387,0,49
2023-02-25,SKU_10,Category_1,22,832.4709719263387,0,25
2023-02-26,SKU_10,Category_1,10,832.4709719263387,0,10
2023-02-27,SKU_10,Category_1,20,832.4709719263387,0,32
2023-02-28,SKU_10,Category_1,31,832.4709719263387,1,96
2023-03-01,SKU_10,Category_1,32,832.4709719263387,0,48
2023-03-02,SKU_10,Category_1,20,832.4709719263387,0,87
2023-03-03,SKU_10,Category_1,26,832.4709719263387,1,88
2023-03-04,SKU_10,Category_1,33,832.4709719263387,0,77
2023-03-05,SKU_10,Category_1,14,832.4709719263387,0,35
2023-03-06,SKU_10,Category_1,24,832.4709719263387,0,35
2023-03-07,SKU_10,Category_1,19,832.4709719263387,0,83
2023-03-08,SKU_10,Category_1,16,832.4709719263387,0,46
2023-03-09,SKU_10,Category_1,24,832.4709719263387,0,33
2023-03-10,SKU_10,Category_1,23,832.4709719263387,0,37
2023-03-11,SKU_10,Category_1,22,832.4709719263387,0,55
2023-03-12,SKU_10,Category_1,30,832.4709719263387,0,84
2023-03-13,SKU_10,Category_1,25,832.4709719263387,0,44
2023-03-14,SKU_10,Category_1,24,832.4709719263387,0,95
2023-03-15,SKU_10,Category_1,25,832.4709719263387,1,93
2023-03-16,SKU_10,Category_1,28,832.4709719263387,0,63
2023-03-17,SKU_10,Category_1,33,832.4709719263387,1,41
2023-03-18,SKU_10,Category_1,33,832.4709719263387,0,56
2023-03-19,SKU_10,Category_1,26,832.4709719263387,0,26
2023-03-20,SKU_10,Category_1,28,832.4709719263387,0,38
2023-03-21,SKU_10,Category_1,31,832.4709719263387,1,66
2023-03-22,SKU_10,Category_1,34,832.4709719263387,1,70
2023-03-23,SKU_10,Category_1,14,832.4709719263387,0,46
2023-03-24,SKU_10,Category_1,27,832.4709719263387,1,36
2023-03-25,SKU_10,Category_1,34,832.4709719263387,0,57
2023-03-26,SKU_10,Category_1,31,832.4709719263387,0,31
2023-03-27,SKU_10,Category_1,20,832.4709719263387,0,20
2023-03-28,SKU_10,Category_1,24,832.4709719263387,0,65
2023-03-29,SKU_10,Category_1,20,832.4709719263387,0,35
2023-03-30,SKU_10,Category_1,17,832.4709719263387,0,17
2023-03-31,SKU_10,Category_1,16,832.4709719263387,0,85
2023-04-01,SKU_10,Category_1,31,832.4709719263387,0,31
2023-04-02,SKU_10,Category_1,11,832.4709719263387,0,11
2023-04-03,SKU_10,Category_1,22,832.4709719263387,0,35
2023-04-04,SKU_10,Category_1,20,832.4709719263387,0,39
2023-04-05,SKU_10,Category_1,25,832.4709719263387,0,47
2023-04-06,SKU_10,Category_1,31,832.4709719263387,1,99
2023-04-07,SKU_10,Category_1,19,832.4709719263387,0,52
2023-04-08,SKU_10,Category_1,14,832.4709719263387,0,14
2023-04-09,SKU_10,Category_1,29,832.4709719263387,0,29
2023-04-10,SKU_10,Category_1,8,832.4709719263387,0,63
2023-04-11,SKU_10,Category_1,16,832.4709719263387,0,26
2023-04-12,SKU_10,Category_1,18,832.4709719263387,0,59
2023-04-13,SKU_10,Category_1,23,832.4709719263387,0,88
2023-04-14,SKU_10,Category_1,24,832.4709719263387,0,29
2023-04-15,SKU_10,Category_1,26,832.4709719263387,0,56
2023-04-16,SKU_10,Category_1,27,832.4709719263387,0,64
2023-04-17,SKU_10,Category_1,18,832.4709719263387,0,43
2023-04-18,SKU_10,Category_1,28,832.4709719263387,0,88
2023-04-19,SKU_10,Category_1,23,832.4709719263387,0,23
2023-04-20,SKU_10,Category_1,22,832.4709719263387,0,29
2023-04-21,SKU_10,Category_1,21,832.4709719263387,0,90
2023-04-22,SKU_10,Category_1,23,832.4709719263387,0,82
2023-04-23,SKU_10,Category_1,36,832.4709719263387,1,61
2023-04-24,SKU_10,Category_1,29,832.4709719263387,0,58
2023-04-25,SKU_10,Category_1,25,832.4709719263387,0,91
2023-04-26,SKU_10,Category_1,33,832.4709719263387,1,66
2023-04-27,SKU_10,Category_1,22,832.4709719263387,0,29
2023-04-28,SKU_10,Category_1,22,832.4709719263387,0,76
2023-04-29,SKU_10,Category_1,20,832.4709719263387,0,55
2023-04-30,SKU_10,Category_1,24,832.4709719263387,0,48
2023-05-01,SKU_10,Category_1,21,832.4709719263387,0,79
2023-05-02,SKU_10,Category_1,28,832.4709719263387,1,91
2023-05-03,SKU_10,Category_1,31,832.4709719263387,0,50
2023-05-04,SKU_10,Category_1,21,832.4709719263387,0,66
2023-05-05,SKU_10,Category_1,16,832.4709719263387,0,93
2023-05-06,SKU_10,Category_1,27,832.4709719263387,0,86
2023-05-07,SKU_10,Category_1,26,832.4709719263387,0,64
2023-05-08,SKU_10,Category_1,18,832.4709719263387,0,41
2023-05-09,SKU_10,Category_1,21,832.4709719263387,0,36
2023-05-10,SKU_10,Category_1,21,832.4709719263387,0,48
2023-05-11,SKU_10,Category_1,28,832.4709719263387,0,47
2023-05-12,SKU_10,Category_1,25,832.4709719263387,0,25
2023-05-13,SKU_10,Category_1,24,832.4709719263387,0,25
2023-05-14,SKU_10,Category_1,27,832.4709719263387,0,91
2023-05-15,SKU_10,Category_1,16,832.4709719263387,0,57
2023-05-16,SKU_10,Category_1,22,832.4709719263387,0,88
2023-05-17,SKU_10,Category_1,21,832.4709719263387,0,73
2023-05-18,SKU_10,Category_1,20,832.4709719263387,0,82
2023-05-19,SKU_10,Category_1,21,832.4709719263387,0,79
2023-05-20,SKU_10,Category_1,29,832.4709719263387,0,80
2023-05-21,SKU_10,Category_1,34,832.4709719263387,0,47
2023-05-22,SKU_10,Category_1,20,832.4709719263387,0,26
2023-05-23,SKU_10,Category_1,31,832.4709719263387,0,48
2023-05-24,SKU_10,Category_1,20,832.4709719263387,0,27
2023-05-25,SKU_10,Category_1,21,832.4709719263387,0,74
2023-05-26,SKU_10,Category_1,20,832.4709719263387,0,52
2023-05-27,SKU_10,Category_1,30,832.4709719263387,0,94
2023-05-28,SKU_10,Category_1,32,832.4709719263387,0,52
2023-05-29,SKU_10,Category_1,17,832.4709719263387,0,60
2023-05-30,SKU_10,Category_1,19,832.4709719263387,0,20
2023-05-31,SKU_10,Category_1,19,832.4709719263387,0,97
2023-06-01,SKU_10,Category_1,27,832.4709719263387,0,56
2023-06-02,SKU_10,Category_1,22,832.4709719263387,0,75
2023-06-03,SKU_10,Category_1,22,832.4709719263387,0,38
2023-06-04,SKU_10,Category_1,28,832.4709719263387,0,32
2023-06-05,SKU_10,Category_1,17,832.4709719263387,0,17
2023-06-06,SKU_10,Category_1,20,832.4709719263387,0,38
2023-06-07,SKU_10,Category_1,27,832.4709719263387,0,74
2023-06-08,SKU_10,Category_1,30,832.4709719263387,0,61
2023-06-09,SKU_10,Category_1,15,832.4709719263387,0,15
2023-06-10,SKU_10,Category_1,48,832.4709719263387,1,53
2023-06-11,SKU_10,Category_1,33,832.4709719263387,0,36
2023-06-12,SKU_10,Category_1,19,832.4709719263387,0,38
2023-06-13,SKU_10,Category_1,28,832.4709719263387,0,34
2023-06-14,SKU_10,Category_1,28,832.4709719263387,1,93
2023-06-15,SKU_10,Category_1,20,832.4709719263387,0,33
2023-06-16,SKU_10,Category_1,24,832.4709719263387,0,69
2023-06-17,SKU_10,Category_1,30,832.4709719263387,0,84
2023-06-18,SKU_10,Category_1,27,832.4709719263387,0,90
2023-06-19,SKU_10,Category_1,27,832.4709719263387,0,74
2023-06-20,SKU_10,Category_1,29,832.4709719263387,1,29
2023-06-21,SKU_10,Category_1,10,832.4709719263387,0,21
2023-06-22,SKU_10,Category_1,18,832.4709719263387,0,51
2023-06-23,SKU_10,Category_1,21,832.4709719263387,0,37
2023-06-24,SKU_10,Category_1,37,832.4709719263387,0,58
2023-06-25,SKU_10,Category_1,23,832.4709719263387,0,67
2023-06-26,SKU_10,Category_1,12,832.4709719263387,0,90
2023-06-27,SKU_10,Category_1,17,832.4709719263387,0,39
2023-06-28,SKU_10,Category_1,24,832.4709719263387,0,96
2023-06-29,SKU_10,Category_1,21,832.4709719263387,0,45
2023-06-30,SKU_10,Category_1,31,832.4709719263387,0,31
2023-07-01,SKU_10,Category_1,32,832.4709719263387,0,76
2023-07-02,SKU_10,Category_1,31,832.4709719263387,0,75
2023-07-03,SKU_10,Category_1,13,832.4709719263387,0,94
2023-07-04,SKU_10,Category_1,18,832.4709719263387,0,62
2023-07-05,SKU_10,Category_1,12,832.4709719263387,0,42
2023-07-06,SKU_10,Category_1,35,832.4709719263387,0,63
2023-07-07,SKU_10,Category_1,19,832.4709719263387,0,69
2023-07-08,SKU_10,Category_1,20,832.4709719263387,0,99
2023-07-09,SKU_10,Category_1,27,832.4709719263387,0,27
2023-07-10,SKU_10,Category_1,12,832.4709719263387,0,22
2023-07-11,SKU_10,Category_1,17,832.4709719263387,0,34
2023-07-12,SKU_10,Category_1,15,832.4709719263387,0,15
2023-07-13,SKU_10,Category_1,18,832.4709719263387,0,67
2023-07-14,SKU_10,Category_1,14,832.4709719263387,0,66
2023-07-15,SKU_10,Category_1,27,832.4709719263387,0,97
2023-07-16,SKU_10,Category_1,32,832.4709719263387,0,81
2023-07-17,SKU_10,Category_1,35,832.4709719263387,0,64
2023-07-18,SKU_10,Category_1,19,832.4709719263387,0,87
2023-07-19,SKU_10,Category_1,18,832.4709719263387,0,35
2023-07-20,SKU_10,Category_1,21,832.4709719263387,0,47
2023-07-21,SKU_10,Category_1,19,832.4709719263387,0,47
2023-07-22,SKU_10,Category_1,30,832.4709719263387,0,30
2023-07-23,SKU_10,Category_1,24,832.4709719263387,0,24
2023-07-24,SKU_10,Category_1,26,832.4709719263387,0,52
2023-07-25,SKU_10,Category_1,22,832.4709719263387,0,35
2023-07-26,SKU_10,Category_1,11,832.4709719263387,0,11
2023-07-27,SKU_10,Category_1,16,832.4709719263387,0,52
2023-07-28,SKU_10,Category_1,26,832.4709719263387,0,44
2023-07-29,SKU_10,Category_1,26,832.4709719263387,0,53
2023-07-30,SKU_10,Category_1,14,832.4709719263387,0,14
2023-07-31,SKU_10,Category_1,21,832.4709719263387,0,83
2023-08-01,SKU_10,Category_1,28,832.4709719263387,0,33
2023-08-02,SKU_10,Category_1,14,832.4709719263387,0,47
2023-08-03,SKU_10,Category_1,26,832.4709719263387,0,68
2023-08-04,SKU_10,Category_1,28,832.4709719263387,0,95
2023-08-05,SKU_10,Category_1,26,832.4709719263387,0,49
2023-08-06,SKU_10,Category_1,31,832.4709719263387,0,74
2023-08-07,SKU_10,Category_1,25,832.4709719263387,0,33
2023-08-08,SKU_10,Category_1,11,832.4709719263387,0,32
2023-08-09,SKU_10,Category_1,15,832.4709719263387,0,15
2023-08-10,SKU_10,Category_1,32,832.4709719263387,0,62
2023-08-11,SKU_10,Category_1,16,832.4709719263387,0,47
2023-08-12,SKU_10,Category_1,13,832.4709719263387,0,13
2023-08-13,SKU_10,Category_1,30,832.4709719263387,0,54
2023-08-14,SKU_10,Category_1,39,832.4709719263387,1,68
2023-08-15,SKU_10,Category_1,26,832.4709719263387,0,52
2023-08-16,SKU_10,Category_1,14,832.4709719263387,0,65
2023-08-17,SKU_10,Category_1,27,832.4709719263387,0,36
2023-08-18,SKU_10,Category_1,24,832.4709719263387,0,88
2023-08-19,SKU_10,Category_1,27,832.4709719263387,1,27
2023-08-20,SKU_10,Category_1,19,832.4709719263387,0,19
2023-08-21,SKU_10,Category_1,20,832.4709719263387,0,86
2023-08-22,SKU_10,Category_1,16,832.4709719263387,0,72
2023-08-23,SKU_10,Category_1,23,832.4709719263387,0,23
2023-08-24,SKU_10,Category_1,12,832.4709719263387,0,12
2023-08-25,SKU_10,Category_1,20,832.4709719263387,0,42
2023-08-26,SKU_10,Category_1,28,832.4709719263387,0,56
2023-08-27,SKU_10,Category_1,25,832.4709719263387,0,66
2023-08-28,SKU_10,Category_1,19,832.4709719263387,0,90
2023-08-29,SKU_10,Category_1,28,832.4709719263387,0,28
2023-08-30,SKU_10,Category_1,15,832.4709719263387,0,60
2023-08-31,SKU_10,Category_1,18,832.4709719263387,0,52
2023-09-01,SKU_10,Category_1,17,832.4709719263387,0,17
2023-09-02,SKU_10,Category_1,44,832.4709719263387,1,51
2023-09-03,SKU_10,Category_1,12,832.4709719263387,0,12
2023-09-04,SKU_10,Category_1,28,832.4709719263387,0,88
2023-09-05,SKU_10,Category_1,20,832.4709719263387,0,32
2023-09-06,SKU_10,Category_1,30,832.4709719263387,0,77
2023-09-07,SKU_10,Category_1,17,832.4709719263387,0,69
2023-09-08,SKU_10,Category_1,27,832.4709719263387,0,94
2023-09-09,SKU_10,Category_1,37,832.4709719263387,0,65
2023-09-10,SKU_10,Category_1,29,832.4709719263387,0,34
2023-09-11,SKU_10,Category_1,18,832.4709719263387,0,48
2023-09-12,SKU_10,Category_1,12,832.4709719263387,0,78
2023-09-13,SKU_10,Category_1,30,832.4709719263387,0,35
2023-09-14,SKU_10,Category_1,24,832.4709719263387,1,24
2023-09-15,SKU_10,Category_1,21,832.4709719263387,0,73
2023-09-16,SKU_10,Category_1,12,832.4709719263387,0,12
2023-09-17,SKU_10,Category_1,32,832.4709719263387,0,47
2023-09-18,SKU_10,Category_1,24,832.4709719263387,0,47
2023-09-19,SKU_10,Category_1,13,832.4709719263387,0,69
2023-09-20,SKU_10,Category_1,17,832.4709719263387,0,27
2023-09-21,SKU_10,Category_1,17,832.4709719263387,0,84
2023-09-22,SKU_10,Category_1,21,832.4709719263387,0,93
2023-09-23,SKU_10,Category_1,30,832.4709719263387,0,30
2023-09-24,SKU_10,Category_1,22,832.4709719263387,0,92
2023-09-25,SKU_10,Category_1,11,832.4709719263387,0,71
2023-09-26,SKU_10,Category_1,15,832.4709719263387,0,48
2023-09-27,SKU_10,Category_1,29,832.4709719263387,0,42
2023-09-28,SKU_10,Category_1,17,832.4709719263387,0,59
2023-09-29,SKU_10,Category_1,25,832.4709719263387,0,88
2023-09-30,SKU_10,Category_1,30,832.4709719263387,0,31
2023-10-01,SKU_10,Category_1,33,832.4709719263387,0,47
2023-10-02,SKU_10,Category_1,23,832.4709719263387,0,30
2023-10-03,SKU_10,Category_1,32,832.4709719263387,0,57
2023-10-04,SKU_10,Category_1,18,832.4709719263387,0,40
2023-10-05,SKU_10,Category_1,21,832.4709719263387,0,26
2023-10-06,SKU_10,Category_1,23,832.4709719263387,0,46
2023-10-07,SKU_10,Category_1,15,832.4709719263387,0,15
2023-10-08,SKU_10,Category_1,30,832.4709719263387,0,44
2023-10-09,SKU_10,Category_1,20,832.4709719263387,0,95
2023-10-10,SKU_10,Category_1,11,832.4709719263387,0,11
2023-10-11,SKU_10,Category_1,14,832.4709719263387,0,18
2023-10-12,SKU_10,Category_1,23,832.4709719263387,0,86
2023-10-13,SKU_10,Category_1,21,832.4709719263387,0,87
2023-10-14,SKU_10,Category_1,23,832.4709719263387,0,23
2023-10-15,SKU_10,Category_1,18,832.4709719263387,0,18
2023-10-16,SKU_10,Category_1,23,832.4709719263387,0,61
2023-10-17,SKU_10,Category_1,21,832.4709719263387,0,87
2023-10-18,SKU_10,Category_1,17,832.4709719263387,0,17
2023-10-19,SKU_10,Category_1,21,832.4709719263387,0,26
2023-10-20,SKU_10,Category_1,20,832.4709719263387,0,95
2023-10-21,SKU_10,Category_1,42,832.4709719263387,0,56
2023-10-22,SKU_10,Category_1,25,832.4709719263387,0,25
2023-10-23,SKU_10,Category_1,23,832.4709719263387,0,63
2023-10-24,SKU_10,Category_1,21,832.4709719263387,0,50
2023-10-25,SKU_10,Category_1,10,832.4709719263387,0,10
2023-10-26,SKU_10,Category_1,16,832.4709719263387,0,25
2023-10-27,SKU_10,Category_1,27,832.4709719263387,0,85
2023-10-28,SKU_10,Category_1,22,832.4709719263387,0,59
2023-10-29,SKU_10,Category_1,34,832.4709719263387,1,83
2023-10-30,SKU_10,Category_1,15,832.4709719263387,0,16
2023-10-31,SKU_10,Category_1,15,832.4709719263387,0,88
2023-11-01,SKU_10,Category_1,23,832.4709719263387,0,35
2023-11-02,SKU_10,Category_1,24,832.4709719263387,0,26
2023-11-03,SKU_10,Category_1,11,832.4709719263387,0,11
2023-11-04,SKU_10,Category_1,37,832.4709719263387,0,83
2023-11-05,SKU_10,Category_1,18,832.4709719263387,0,18
2023-11-06,SKU_10,Category_1,13,832.4709719263387,0,97
2023-11-07,SKU_10,Category_1,20,832.4709719263387,0,93
2023-11-08,SKU_10,Category_1,19,832.4709719263387,0,72
2023-11-09,SKU_10,Category_1,29,832.4709719263387,0,48
2023-11-10,SKU_10,Category_1,22,832.4709719263387,1,22
2023-11-11,SKU_10,Category_1,28,832.4709719263387,0,95
2023-11-12,SKU_10,Category_1,17,832.4709719263387,1,17
2023-11-13,SKU_10,Category_1,17,832.4709719263387,0,27
2023-11-14,SKU_10,Category_1,20,832.4709719263387,0,57
2023-11-15,SKU_10,Category_1,19,832.4709719263387,0,65
2023-11-16,SKU_10,Category_1,41,832.4709719263387,1,98
2023-11-17,SKU_10,Category_1,21,832.4709719263387,0,45
2023-11-18,SKU_10,Category_1,29,832.4709719263387,0,43
2023-11-19,SKU_10,Category_1,24,832.4709719263387,0,89
2023-11-20,SKU_10,Category_1,13,832.4709719263387,0,59
2023-11-21,SKU_10,Category_1,24,832.4709719263387,0,65
2023-11-22,SKU_10,Category_1,17,832.4709719263387,0,88
2023-11-23,SKU_10,Category_1,18,832.4709719263387,0,87
2023-11-24,SKU_10,Category_1,25,832.4709719263387,0,70
2023-11-25,SKU_10,Category_1,26,832.4709719263387,0,49
2023-11-26,SKU_10,Category_1,25,832.4709719263387,0,25
2023-11-27,SKU_10,Category_1,23,832.4709719263387,0,32
2023-11-28,SKU_10,Category_1,15,832.4709719263387,0,33
2023-11-29,SKU_10,Category_1,19,832.4709719263387,0,26
2023-11-30,SKU_10,Category_1,17,832.4709719263387,0,17
2023-12-01,SKU_10,Category_1,19,832.4709719263387,0,92
2023-12-02,SKU_10,Category_1,26,832.4709719263387,0,30
2023-12-03,SKU_10,Category_1,30,832.4709719263387,0,95
2023-12-04,SKU_10,Category_1,27,832.4709719263387,0,89
2023-12-05,SKU_10,Category_1,17,832.4709719263387,0,39
2023-12-06,SKU_10,Category_1,21,832.4709719263387,0,94
2023-12-07,SKU_10,Category_1,12,832.4709719263387,0,94
2023-12-08,SKU_10,Category_1,17,832.4709719263387,0,28
2023-12-09,SKU_10,Category_1,32,832.4709719263387,0,90
2023-12-10,SKU_10,Category_1,27,832.4709719263387,0,68
2023-12-11,SKU_10,Category_1,14,832.4709719263387,1,14
2023-12-12,SKU_10,Category_1,15,832.4709719263387,0,15
2023-12-13,SKU_10,Category_1,18,832.4709719263387,0,70
2023-12-14,SKU_10,Category_1,18,832.4709719263387,0,43
2023-12-15,SKU_10,Category_1,12,832.4709719263387,0,12
2023-12-16,SKU_10,Category_1,35,832.4709719263387,0,55
2023-12-17,SKU_10,Category_1,22,832.4709719263387,0,68
2023-12-18,SKU_10,Category_1,27,832.4709719263387,0,70
2023-12-19,SKU_10,Category_1,18,832.4709719263387,0,49
2023-12-20,SKU_10,Category_1,19,832.4709719263387,0,71
2023-12-21,SKU_10,Category_1,16,832.4709719263387,0,69
2023-12-22,SKU_10,Category_1,20,832.4709719263387,0,79
2023-12-23,SKU_10,Category_1,20,832.4709719263387,0,20
2023-12-24,SKU_10,Category_1,38,832.4709719263387,1,47
2023-12-25,SKU_10,Category_1,14,832.4709719263387,0,61
2023-12-26,SKU_10,Category_1,19,832.4709719263387,0,31
2023-12-27,SKU_10,Category_1,23,832.4709719263387,0,64
2023-12-28,SKU_10,Category_1,23,832.4709719263387,0,81
2023-12-29,SKU_10,Category_1,13,832.4709719263387,0,13
2023-12-30,SKU_10,Category_1,28,832.4709719263387,0,77
2023-12-31,SKU_10,Category_1,38,832.4709719263387,0,54
2023-01-01,SKU_11,Category_2,25,659.6713832496619,1,25
2023-01-02,SKU_11,Category_2,16,659.6713832496619,1,16
2023-01-03,SKU_11,Category_2,26,659.6713832496619,0,43
2023-01-04,SKU_11,Category_2,38,659.6713832496619,0,78
2023-01-05,SKU_11,Category_2,29,659.6713832496619,0,59
2023-01-06,SKU_11,Category_2,33,659.6713832496619,0,56
2023-01-07,SKU_11,Category_2,14,659.6713832496619,0,14
2023-01-08,SKU_11,Category_2,14,659.6713832496619,0,14
2023-01-09,SKU_11,Category_2,36,659.6713832496619,0,45
2023-01-10,SKU_11,Category_2,30,659.6713832496619,0,73
2023-01-11,SKU_11,Category_2,22,659.6713832496619,0,65
2023-01-12,SKU_11,Category_2,27,659.6713832496619,0,91
2023-01-13,SKU_11,Category_2,28,659.6713832496619,0,89
2023-01-14,SKU_11,Category_2,27,659.6713832496619,0,27
2023-01-15,SKU_11,Category_2,19,659.6713832496619,0,19
2023-01-16,SKU_11,Category_2,12,659.6713832496619,0,12
2023-01-17,SKU_11,Category_2,13,659.6713832496619,0,13
2023-01-18,SKU_11,Category_2,27,659.6713832496619,0,27
2023-01-19,SKU_11,Category_2,35,659.6713832496619,0,97
2023-01-20,SKU_11,Category_2,19,659.6713832496619,0,60
2023-01-21,SKU_11,Category_2,40,659.6713832496619,0,71
2023-01-22,SKU_11,Category_2,33,659.6713832496619,0,39
2023-01-23,SKU_11,Category_2,27,659.6713832496619,0,42
2023-01-24,SKU_11,Category_2,34,659.6713832496619,0,83
2023-01-25,SKU_11,Category_2,26,659.6713832496619,0,97
2023-01-26,SKU_11,Category_2,24,659.6713832496619,0,51
2023-01-27,SKU_11,Category_2,14,659.6713832496619,0,14
2023-01-28,SKU_11,Category_2,44,659.6713832496619,0,96
2023-01-29,SKU_11,Category_2,34,659.6713832496619,0,84
2023-01-30,SKU_11,Category_2,30,659.6713832496619,0,69
2023-01-31,SKU_11,Category_2,23,659.6713832496619,0,23
2023-02-01,SKU_11,Category_2,11,659.6713832496619,0,11
2023-02-02,SKU_11,Category_2,24,659.6713832496619,0,44
2023-02-03,SKU_11,Category_2,45,659.6713832496619,1,70
2023-02-04,SKU_11,Category_2,39,659.6713832496619,0,41
2023-02-05,SKU_11,Category_2,11,659.6713832496619,1,11
2023-02-06,SKU_11,Category_2,18,659.6713832496619,1,18
2023-02-07,SKU_11,Category_2,27,659.6713832496619,0,84
2023-02-08,SKU_11,Category_2,25,659.6713832496619,0,44
2023-02-09,SKU_11,Category_2,42,659.6713832496619,1,84
2023-02-10,SKU_11,Category_2,29,659.6713832496619,0,93
2023-02-11,SKU_11,Category_2,28,659.6713832496619,0,84
2023-02-12,SKU_11,Category_2,60,659.6713832496619,1,75
2023-02-13,SKU_11,Category_2,14,659.6713832496619,0,14
2023-02-14,SKU_11,Category_2,31,659.6713832496619,0,41
2023-02-15,SKU_11,Category_2,26,659.6713832496619,0,47
2023-02-16,SKU_11,Category_2,25,659.6713832496619,0,31
2023-02-17,SKU_11,Category_2,21,659.6713832496619,0,90
2023-02-18,SKU_11,Category_2,34,659.6713832496619,0,61
2023-02-19,SKU_11,Category_2,44,659.6713832496619,0,87
2023-02-20,SKU_11,Category_2,31,659.6713832496619,0,73
2023-02-21,SKU_11,Category_2,36,659.6713832496619,0,49
2023-02-22,SKU_11,Category_2,34,659.6713832496619,1,34
2023-02-23,SKU_11,Category_2,14,659.6713832496619,0,14
2023-02-24,SKU_11,Category_2,16,659.6713832496619,0,16
2023-02-25,SKU_11,Category_2,24,659.6713832496619,0,24
2023-02-26,SKU_11,Category_2,37,659.6713832496619,0,66
2023-02-27,SKU_11,Category_2,28,659.6713832496619,0,28
2023-02-28,SKU_11,Category_2,12,659.6713832496619,0,12
2023-03-01,SKU_11,Category_2,29,659.6713832496619,1,29
2023-03-02,SKU_11,Category_2,19,659.6713832496619,0,19
2023-03-03,SKU_11,Category_2,32,659.6713832496619,0,38
2023-03-04,SKU_11,Category_2,57,659.6713832496619,1,59
2023-03-05,SKU_11,Category_2,13,659.6713832496619,0,13
2023-03-06,SKU_11,Category_2,11,659.6713832496619,1,11
2023-03-07,SKU_11,Category_2,22,659.6713832496619,0,88
2023-03-08,SKU_11,Category_2,31,659.6713832496619,0,31
2023-03-09,SKU_11,Category_2,23,659.6713832496619,0,23
2023-03-10,SKU_11,Category_2,29,659.6713832496619,0,47
2023-03-11,SKU_11,Category_2,35,659.6713832496619,0,61
2023-03-12,SKU_11,Category_2,26,659.6713832496619,0,46
2023-03-13,SKU_11,Category_2,26,659.6713832496619,0,88
2023-03-14,SKU_11,Category_2,31,659.6713832496619,0,42
2023-03-15,SKU_11,Category_2,32,659.6713832496619,0,83
2023-03-16,SKU_11,Category_2,20,659.6713832496619,0,43
2023-03-17,SKU_11,Category_2,25,659.6713832496619,0,80
2023-03-18,SKU_11,Category_2,24,659.6713832496619,0,24
2023-03-19,SKU_11,Category_2,34,659.6713832496619,0,34
2023-03-20,SKU_11,Category_2,22,659.6713832496619,0,41
2023-03-21,SKU_11,Category_2,24,659.6713832496619,0,53
2023-03-22,SKU_11,Category_2,27,659.6713832496619,0,29
2023-03-23,SKU_11,Category_2,27,659.6713832496619,0,92
2023-03-24,SKU_11,Category_2,29,659.6713832496619,0,44
2023-03-25,SKU_11,Category_2,35,659.6713832496619,0,55
2023-03-26,SKU_11,Category_2,12,659.6713832496619,0,12
2023-03-27,SKU_11,Category_2,17,659.6713832496619,0,37
2023-03-28,SKU_11,Category_2,33,659.6713832496619,0,85
2023-03-29,SKU_11,Category_2,32,659.6713832496619,0,55
2023-03-30,SKU_11,Category_2,17,659.6713832496619,0,17
2023-03-31,SKU_11,Category_2,28,659.6713832496619,0,60
2023-04-01,SKU_11,Category_2,15,659.6713832496619,1,15
2023-04-02,SKU_11,Category_2,34,659.6713832496619,0,40
2023-04-03,SKU_11,Category_2,12,659.6713832496619,0,12
2023-04-04,SKU_11,Category_2,26,659.6713832496619,0,57
2023-04-05,SKU_11,Category_2,22,659.6713832496619,0,22
2023-04-06,SKU_11,Category_2,19,659.6713832496619,0,66
2023-04-07,SKU_11,Category_2,26,659.6713832496619,0,30
2023-04-08,SKU_11,Category_2,44,659.6713832496619,0,60
2023-04-09,SKU_11,Category_2,43,659.6713832496619,0,85
2023-04-10,SKU_11,Category_2,15,659.6713832496619,0,15
2023-04-11,SKU_11,Category_2,29,659.6713832496619,0,51
2023-04-12,SKU_11,Category_2,15,659.6713832496619,0,15
2023-04-13,SKU_11,Category_2,19,659.6713832496619,0,99
2023-04-14,SKU_11,Category_2,19,659.6713832496619,0,19
2023-04-15,SKU_11,Category_2,31,659.6713832496619,0,53
2023-04-16,SKU_11,Category_2,38,659.6713832496619,0,40
2023-04-17,SKU_11,Category_2,28,659.6713832496619,0,53
2023-04-18,SKU_11,Category_2,26,659.6713832496619,0,28
2023-04-19,SKU_11,Category_2,29,659.6713832496619,0,38
2023-04-20,SKU_11,Category_2,27,659.6713832496619,0,77
2023-04-21,SKU_11,Category_2,23,659.6713832496619,0,53
2023-04-22,SKU_11,Category_2,30,659.6713832496619,0,83
2023-04-23,SKU_11,Category_2,32,659.6713832496619,0,94
2023-04-24,SKU_11,Category_2,28,659.6713832496619,0,88
2023-04-25,SKU_11,Category_2,30,659.6713832496619,0,85
2023-04-26,SKU_11,Category_2,31,659.6713832496619,0,51
2023-04-27,SKU_11,Category_2,29,659.6713832496619,0,82
2023-04-28,SKU_11,Category_2,28,659.6713832496619,0,28
2023-04-29,SKU_11,Category_2,41,659.6713832496619,0,99
2023-04-30,SKU_11,Category_2,17,659.6713832496619,0,17
2023-05-01,SKU_11,Category_2,32,659.6713832496619,0,64
2023-05-02,SKU_11,Category_2,28,659.6713832496619,0,71
2023-05-03,SKU_11,Category_2,10,659.6713832496619,0,10
2023-05-04,SKU_11,Category_2,21,659.6713832496619,0,56
2023-05-05,SKU_11,Category_2,27,659.6713832496619,0,56
2023-05-06,SKU_11,Category_2,26,659.6713832496619,0,37
2023-05-07,SKU_11,Category_2,43,659.6713832496619,0,55
2023-05-08,SKU_11,Category_2,30,659.6713832496619,0,79
2023-05-09,SKU_11,Category_2,22,659.6713832496619,0,29
2023-05-10,SKU_11,Category_2,26,659.6713832496619,0,62
2023-05-11,SKU_11,Category_2,26,659.6713832496619,0,57
2023-05-12,SKU_11,Category_2,27,659.6713832496619,0,49
2023-05-13,SKU_11,Category_2,51,659.6713832496619,1,99
2023-05-14,SKU_11,Category_2,27,659.6713832496619,0,37
2023-05-15,SKU_11,Category_2,28,659.6713832496619,0,28
2023-05-16,SKU_11,Category_2,24,659.6713832496619,0,32
2023-05-17,SKU_11,Category_2,30,659.6713832496619,0,38
2023-05-18,SKU_11,Category_2,34,659.6713832496619,0,76
2023-05-19,SKU_11,Category_2,17,659.6713832496619,0,95
2023-05-20,SKU_11,Category_2,15,659.6713832496619,0,15
2023-05-21,SKU_11,Category_2,36,659.6713832496619,0,92
2023-05-22,SKU_11,Category_2,28,659.6713832496619,0,86
2023-05-23,SKU_11,Category_2,17,659.6713832496619,0,71
2023-05-24,SKU_11,Category_2,26,659.6713832496619,0,47
2023-05-25,SKU_11,Category_2,30,659.6713832496619,0,48
2023-05-26,SKU_11,Category_2,29,659.6713832496619,0,39
2023-05-27,SKU_11,Category_2,17,659.6713832496619,0,17
2023-05-28,SKU_11,Category_2,17,659.6713832496619,0,17
2023-05-29,SKU_11,Category_2,22,659.6713832496619,0,88
2023-05-30,SKU_11,Category_2,38,659.6713832496619,0,53
2023-05-31,SKU_11,Category_2,24,659.6713832496619,0,25
2023-06-01,SKU_11,Category_2,25,659.6713832496619,0,36
2023-06-02,SKU_11,Category_2,16,659.6713832496619,0,16
2023-06-03,SKU_11,Category_2,28,659.6713832496619,0,60
2023-06-04,SKU_11,Category_2,37,659.6713832496619,0,41
2023-06-05,SKU_11,Category_2,32,659.6713832496619,0,48
2023-06-06,SKU_11,Category_2,28,659.6713832496619,0,31
2023-06-07,SKU_11,Category_2,39,659.6713832496619,1,75
2023-06-08,SKU_11,Category_2,16,659.6713832496619,0,16
2023-06-09,SKU_11,Category_2,26,659.6713832496619,0,74
2023-06-10,SKU_11,Category_2,23,659.6713832496619,0,23
2023-06-11,SKU_11,Category_2,43,659.6713832496619,0,58
2023-06-12,SKU_11,Category_2,26,659.6713832496619,0,41
2023-06-13,SKU_11,Category_2,25,659.6713832496619,0,25
2023-06-14,SKU_11,Category_2,28,659.6713832496619,0,44
2023-06-15,SKU_11,Category_2,24,659.6713832496619,0,24
2023-06-16,SKU_11,Category_2,34,659.6713832496619,0,40
2023-06-17,SKU_11,Category_2,39,659.6713832496619,0,43
2023-06-18,SKU_11,Category_2,38,659.6713832496619,0,87
2023-06-19,SKU_11,Category_2,25,659.6713832496619,0,44
2023-06-20,SKU_11,Category_2,26,659.6713832496619,0,26
2023-06-21,SKU_11,Category_2,29,659.6713832496619,0,99
2023-06-22,SKU_11,Category_2,29,659.6713832496619,0,36
2023-06-23,SKU_11,Category_2,19,659.6713832496619,1,19
2023-06-24,SKU_11,Category_2,41,659.6713832496619,0,93
2023-06-25,SKU_11,Category_2,34,659.6713832496619,0,36
2023-06-26,SKU_11,Category_2,40,659.6713832496619,1,63
2023-06-27,SKU_11,Category_2,26,659.6713832496619,0,51
2023-06-28,SKU_11,Category_2,31,659.6713832496619,0,81
2023-06-29,SKU_11,Category_2,20,659.6713832496619,0,96
2023-06-30,SKU_11,Category_2,28,659.6713832496619,0,67
2023-07-01,SKU_11,Category_2,37,659.6713832496619,0,91
2023-07-02,SKU_11,Category_2,39,659.6713832496619,0,56
2023-07-03,SKU_11,Category_2,24,659.6713832496619,0,87
2023-07-04,SKU_11,Category_2,45,659.6713832496619,1,59
2023-07-05,SKU_11,Category_2,19,659.6713832496619,0,19
2023-07-06,SKU_11,Category_2,32,659.6713832496619,0,58
2023-07-07,SKU_11,Category_2,27,659.6713832496619,0,44
2023-07-08,SKU_11,Category_2,11,659.6713832496619,0,11
2023-07-09,SKU_11,Category_2,19,659.6713832496619,0,19
2023-07-10,SKU_11,Category_2,22,659.6713832496619,0,97
2023-07-11,SKU_11,Category_2,32,659.6713832496619,0,98
2023-07-12,SKU_11,Category_2,27,659.6713832496619,0,28
2023-07-13,SKU_11,Category_2,28,659.6713832496619,0,83
2023-07-14,SKU_11,Category_2,34,659.6713832496619,0,96
2023-07-15,SKU_11,Category_2,12,659.6713832496619,0,12
2023-07-16,SKU_11,Category_2,41,659.6713832496619,0,48
2023-07-17,SKU_11,Category_2,27,659.6713832496619,0,27
2023-07-18,SKU_11,Category_2,26,659.6713832496619,0,82
2023-07-19,SKU_11,Category_2,39,659.6713832496619,0,93
2023-07-20,SKU_11,Category_2,27,659.6713832496619,0,87
2023-07-21,SKU_11,Category_2,26,659.6713832496619,0,26
2023-07-22,SKU_11,Category_2,21,659.6713832496619,0,21
2023-07-23,SKU_11,Category_2,45,659.6713832496619,0,88
2023-07-24,SKU_11,Category_2,15,659.6713832496619,0,15
2023-07-25,SKU_11,Category_2,19,659.6713832496619,0,49
2023-07-26,SKU_11,Category_2,21,659.6713832496619,0,93
2023-07-27,SKU_11,Category_2,27,659.6713832496619,0,91
2023-07-28,SKU_11,Category_2,46,659.6713832496619,1,72
2023-07-29,SKU_11,Category_2,29,659.6713832496619,1,29
2023-07-30,SKU_11,Category_2,12,659.6713832496619,1,12
2023-07-31,SKU_11,Category_2,38,659.6713832496619,0,98
2023-08-01,SKU_11,Category_2,33,659.6713832496619,0,83
2023-08-02,SKU_11,Category_2,26,659.6713832496619,0,48
2023-08-03,SKU_11,Category_2,37,659.6713832496619,0,73
2023-08-04,SKU_11,Category_2,23,659.6713832496619,0,23
2023-08-05,SKU_11,Category_2,30,659.6713832496619,0,48
2023-08-06,SKU_11,Category_2,37,659.6713832496619,0,98
2023-08-07,SKU_11,Category_2,29,659.6713832496619,0,96
2023-08-08,SKU_11,Category_2,19,659.6713832496619,0,19
2023-08-09,SKU_11,Category_2,36,659.6713832496619,0,90
2023-08-10,SKU_11,Category_2,22,659.6713832496619,0,22
2023-08-11,SKU_11,Category_2,20,659.6713832496619,0,84
2023-08-12,SKU_11,Category_2,13,659.6713832496619,0,13
2023-08-13,SKU_11,Category_2,31,659.6713832496619,0,54
2023-08-14,SKU_11,Category_2,33,659.6713832496619,1,62
2023-08-15,SKU_11,Category_2,26,659.6713832496619,0,39
2023-08-16,SKU_11,Category_2,23,659.6713832496619,0,42
2023-08-17,SKU_11,Category_2,24,659.6713832496619,0,24
2023-08-18,SKU_11,Category_2,26,659.6713832496619,0,63
2023-08-19,SKU_11,Category_2,32,659.6713832496619,0,32
2023-08-20,SKU_11,Category_2,11,659.6713832496619,0,11
2023-08-21,SKU_11,Category_2,35,659.6713832496619,1,76
2023-08-22,SKU_11,Category_2,19,659.6713832496619,0,45
2023-08-23,SKU_11,Category_2,27,659.6713832496619,0,96
2023-08-24,SKU_11,Category_2,31,659.6713832496619,0,40
2023-08-25,SKU_11,Category_2,35,659.6713832496619,0,52
2023-08-26,SKU_11,Category_2,24,659.6713832496619,0,24
2023-08-27,SKU_11,Category_2,55,659.6713832496619,1,60
2023-08-28,SKU_11,Category_2,13,659.6713832496619,0,13
2023-08-29,SKU_11,Category_2,36,659.6713832496619,0,64
2023-08-30,SKU_11,Category_2,29,659.6713832496619,0,45
2023-08-31,SKU_11,Category_2,27,659.6713832496619,0,59
2023-09-01,SKU_11,Category_2,14,659.6713832496619,0,14
2023-09-02,SKU_11,Category_2,57,659.6713832496619,1,64
2023-09-03,SKU_11,Category_2,36,659.6713832496619,0,54
2023-09-04,SKU_11,Category_2,28,659.6713832496619,0,46
2023-09-05,SKU_11,Category_2,35,659.6713832496619,0,93
2023-09-06,SKU_11,Category_2,26,659.6713832496619,0,28
2023-09-07,SKU_11,Category_2,15,659.6713832496619,0,15
2023-09-08,SKU_11,Category_2,23,659.6713832496619,0,94
2023-09-09,SKU_11,Category_2,36,659.6713832496619,0,80
2023-09-10,SKU_11,Category_2,34,659.6713832496619,0,39
2023-09-11,SKU_11,Category_2,27,659.6713832496619,0,66
2023-09-12,SKU_11,Category_2,33,659.6713832496619,1,44
2023-09-13,SKU_11,Category_2,31,659.6713832496619,0,39
2023-09-14,SKU_11,Category_2,34,659.6713832496619,0,61
2023-09-15,SKU_11,Category_2,24,659.6713832496619,0,45
2023-09-16,SKU_11,Category_2,31,659.6713832496619,0,31
2023-09-17,SKU_11,Category_2,36,659.6713832496619,0,78
2023-09-18,SKU_11,Category_2,28,659.6713832496619,0,39
2023-09-19,SKU_11,Category_2,35,659.6713832496619,0,64
2023-09-20,SKU_11,Category_2,40,659.6713832496619,1,43
2023-09-21,SKU_11,Category_2,24,659.6713832496619,0,36
2023-09-22,SKU_11,Category_2,29,659.6713832496619,0,71
2023-09-23,SKU_11,Category_2,55,659.6713832496619,1,95
2023-09-24,SKU_11,Category_2,35,659.6713832496619,0,40
2023-09-25,SKU_11,Category_2,27,659.6713832496619,0,42
2023-09-26,SKU_11,Category_2,27,659.6713832496619,0,45
2023-09-27,SKU_11,Category_2,25,659.6713832496619,0,25
2023-09-28,SKU_11,Category_2,43,659.6713832496619,1,84
2023-09-29,SKU_11,Category_2,30,659.6713832496619,0,71
2023-09-30,SKU_11,Category_2,44,659.6713832496619,0,54
2023-10-01,SKU_11,Category_2,10,659.6713832496619,0,10
2023-10-02,SKU_11,Category_2,40,659.6713832496619,1,97
2023-10-03,SKU_11,Category_2,34,659.6713832496619,0,83
2023-10-04,SKU_11,Category_2,33,659.6713832496619,0,88
2023-10-05,SKU_11,Category_2,32,659.6713832496619,1,77
2023-10-06,SKU_11,Category_2,34,659.6713832496619,0,69
2023-10-07,SKU_11,Category_2,30,659.6713832496619,0,30
2023-10-08,SKU_11,Category_2,36,659.6713832496619,0,45
2023-10-09,SKU_11,Category_2,27,659.6713832496619,0,60
2023-10-10,SKU_11,Category_2,20,659.6713832496619,0,68
2023-10-11,SKU_11,Category_2,19,659.6713832496619,0,49
2023-10-12,SKU_11,Category_2,18,659.6713832496619,0,18
2023-10-13,SKU_11,Category_2,24,659.6713832496619,0,30
2023-10-14,SKU_11,Category_2,34,659.6713832496619,1,34
2023-10-15,SKU_11,Category_2,36,659.6713832496619,0,71
2023-10-16,SKU_11,Category_2,30,659.6713832496619,0,85
2023-10-17,SKU_11,Category_2,19,659.6713832496619,0,29
2023-10-18,SKU_11,Category_2,25,659.6713832496619,0,29
2023-10-19,SKU_11,Category_2,17,659.6713832496619,0,36
2023-10-20,SKU_11,Category_2,27,659.6713832496619,0,31
2023-10-21,SKU_11,Category_2,30,659.6713832496619,0,96
2023-10-22,SKU_11,Category_2,38,659.6713832496619,0,91
2023-10-23,SKU_11,Category_2,28,659.6713832496619,0,43
2023-10-24,SKU_11,Category_2,29,659.6713832496619,0,84
2023-10-25,SKU_11,Category_2,24,659.6713832496619,0,64
2023-10-26,SKU_11,Category_2,35,659.6713832496619,0,85
2023-10-27,SKU_11,Category_2,28,659.6713832496619,0,70
2023-10-28,SKU_11,Category_2,10,659.6713832496619,0,10
2023-10-29,SKU_11,Category_2,42,659.6713832496619,0,43
2023-10-30,SKU_11,Category_2,27,659.6713832496619,0,27
2023-10-31,SKU_11,Category_2,13,659.6713832496619,0,13
2023-11-01,SKU_11,Category_2,27,659.6713832496619,0,69
2023-11-02,SKU_11,Category_2,31,659.6713832496619,0,74
2023-11-03,SKU_11,Category_2,35,659.6713832496619,0,80
2023-11-04,SKU_11,Category_2,52,659.6713832496619,1,89
2023-11-05,SKU_11,Category_2,46,659.6713832496619,0,52
2023-11-06,SKU_11,Category_2,28,659.6713832496619,0,34
2023-11-07,SKU_11,Category_2,17,659.6713832496619,0,17
2023-11-08,SKU_11,Category_2,14,659.6713832496619,0,14
2023-11-09,SKU_11,Category_2,26,659.6713832496619,0,32
2023-11-10,SKU_11,Category_2,18,659.6713832496619,0,18
2023-11-11,SKU_11,Category_2,33,659.6713832496619,1,33
2023-11-12,SKU_11,Category_2,29,659.6713832496619,0,29
2023-11-13,SKU_11,Category_2,26,659.6713832496619,0,26
2023-11-14,SKU_11,Category_2,23,659.6713832496619,0,28
2023-11-15,SKU_11,Category_2,20,659.6713832496619,0,20
2023-11-16,SKU_11,Category_2,27,659.6713832496619,0,99
2023-11-17,SKU_11,Category_2,38,659.6713832496619,1,49
2023-11-18,SKU_11,Category_2,41,659.6713832496619,0,97
2023-11-19,SKU_11,Category_2,38,659.6713832496619,0,38
2023-11-20,SKU_11,Category_2,40,659.6713832496619,0,44
2023-11-21,SKU_11,Category_2,17,659.6713832496619,0,17
2023-11-22,SKU_11,Category_2,25,659.6713832496619,0,86
2023-11-23,SKU_11,Category_2,31,659.6713832496619,0,70
2023-11-24,SKU_11,Category_2,38,659.6713832496619,1,47
2023-11-25,SKU_11,Category_2,34,659.6713832496619,0,80
2023-11-26,SKU_11,Category_2,31,659.6713832496619,0,31
2023-11-27,SKU_11,Category_2,27,659.6713832496619,0,27
2023-11-28,SKU_11,Category_2,40,659.6713832496619,1,48
2023-11-29,SKU_11,Category_2,29,659.6713832496619,0,55
2023-11-30,SKU_11,Category_2,32,659.6713832496619,0,34
2023-12-01,SKU_11,Category_2,22,659.6713832496619,0,88
2023-12-02,SKU_11,Category_2,46,659.6713832496619,0,57
2023-12-03,SKU_11,Category_2,15,659.6713832496619,0,15
2023-12-04,SKU_11,Category_2,28,659.6713832496619,0,72
2023-12-05,SKU_11,Category_2,44,659.6713832496619,1,54
2023-12-06,SKU_11,Category_2,16,659.6713832496619,0,88
2023-12-07,SKU_11,Category_2,34,659.6713832496619,0,84
2023-12-08,SKU_11,Category_2,17,659.6713832496619,0,98
2023-12-09,SKU_11,Category_2,39,659.6713832496619,1,39
2023-12-10,SKU_11,Category_2,25,659.6713832496619,0,25
2023-12-11,SKU_11,Category_2,33,659.6713832496619,0,34
2023-12-12,SKU_11,Category_2,20,659.6713832496619,0,68
2023-12-13,SKU_11,Category_2,37,659.6713832496619,0,90
2023-12-14,SKU_11,Category_2,22,659.6713832496619,0,50
2023-12-15,SKU_11,Category_2,25,659.6713832496619,0,42
2023-12-16,SKU_11,Category_2,56,659.6713832496619,1,74
2023-12-17,SKU_11,Category_2,44,659.6713832496619,0,88
2023-12-18,SKU_11,Category_2,23,659.6713832496619,0,34
2023-12-19,SKU_11,Category_2,12,659.6713832496619,0,12
2023-12-20,SKU_11,Category_2,16,659.6713832496619,0,16
2023-12-21,SKU_11,Category_2,24,659.6713832496619,0,48
2023-12-22,SKU_11,Category_2,28,659.6713832496619,1,28
2023-12-23,SKU_11,Category_2,23,659.6713832496619,0,39
2023-12-24,SKU_11,Category_2,30,659.6713832496619,0,30
2023-12-25,SKU_11,Category_2,27,659.6713832496619,0,27
2023-12-26,SKU_11,Category_2,46,659.6713832496619,1,57
2023-12-27,SKU_11,Category_2,32,659.6713832496619,0,96
2023-12-28,SKU_11,Category_2,23,659.6713832496619,0,71
2023-12-29,SKU_11,Category_2,45,659.6713832496619,1,58
2023-12-30,SKU_11,Category_2,34,659.6713832496619,0,56
2023-12-31,SKU_11,Category_2,40,659.6713832496619,0,90
2023-01-01,SKU_12,Category_3,50,1529.1097331340793,0,78
2023-01-02,SKU_12,Category_3,35,1529.1097331340793,0,35
2023-01-03,SKU_12,Category_3,41,1529.1097331340793,0,41
2023-01-04,SKU_12,Category_3,29,1529.1097331340793,0,29
2023-01-05,SKU_12,Category_3,38,1529.1097331340793,0,49
2023-01-06,SKU_12,Category_3,38,1529.1097331340793,0,95
2023-01-07,SKU_12,Category_3,52,1529.1097331340793,1,52
2023-01-08,SKU_12,Category_3,60,1529.1097331340793,0,77
2023-01-09,SKU_12,Category_3,19,1529.1097331340793,0,19
2023-01-10,SKU_12,Category_3,68,1529.1097331340793,1,78
2023-01-11,SKU_12,Category_3,43,1529.1097331340793,0,96
2023-01-12,SKU_12,Category_3,43,1529.1097331340793,0,53
2023-01-13,SKU_12,Category_3,43,1529.1097331340793,0,97
2023-01-14,SKU_12,Category_3,54,1529.1097331340793,0,75
2023-01-15,SKU_12,Category_3,34,1529.1097331340793,0,34
2023-01-16,SKU_12,Category_3,43,1529.1097331340793,0,79
2023-01-17,SKU_12,Category_3,42,1529.1097331340793,0,93
2023-01-18,SKU_12,Category_3,39,1529.1097331340793,0,81
2023-01-19,SKU_12,Category_3,36,1529.1097331340793,0,36
2023-01-20,SKU_12,Category_3,50,1529.1097331340793,0,79
2023-01-21,SKU_12,Category_3,47,1529.1097331340793,0,82
2023-01-22,SKU_12,Category_3,34,1529.1097331340793,0,34
2023-01-23,SKU_12,Category_3,42,1529.1097331340793,0,93
2023-01-24,SKU_12,Category_3,46,1529.1097331340793,0,76
2023-01-25,SKU_12,Category_3,39,1529.1097331340793,0,78
2023-01-26,SKU_12,Category_3,40,1529.1097331340793,0,57
2023-01-27,SKU_12,Category_3,18,1529.1097331340793,0,18
2023-01-28,SKU_12,Category_3,23,1529.1097331340793,0,23
2023-01-29,SKU_12,Category_3,57,1529.1097331340793,0,72
2023-01-30,SKU_12,Category_3,39,1529.1097331340793,0,75
2023-01-31,SKU_12,Category_3,42,1529.1097331340793,0,84
2023-02-01,SKU_12,Category_3,39,1529.1097331340793,0,39
2023-02-02,SKU_12,Category_3,39,1529.1097331340793,0,75
2023-02-03,SKU_12,Category_3,39,1529.1097331340793,0,52
2023-02-04,SKU_12,Category_3,12,1529.1097331340793,0,12
2023-02-05,SKU_12,Category_3,50,1529.1097331340793,0,72
2023-02-06,SKU_12,Category_3,27,1529.1097331340793,0,27
2023-02-07,SKU_12,Category_3,44,1529.1097331340793,0,55
2023-02-08,SKU_12,Category_3,45,1529.1097331340793,0,84
2023-02-09,SKU_12,Category_3,36,1529.1097331340793,0,44
2023-02-10,SKU_12,Category_3,44,1529.1097331340793,0,82
2023-02-11,SKU_12,Category_3,12,1529.1097331340793,0,12
2023-02-12,SKU_12,Category_3,16,1529.1097331340793,1,16
2023-02-13,SKU_12,Category_3,31,1529.1097331340793,0,48
2023-02-14,SKU_12,Category_3,32,1529.1097331340793,1,32
2023-02-15,SKU_12,Category_3,44,1529.1097331340793,0,82
2023-02-16,SKU_12,Category_3,36,1529.1097331340793,0,63
2023-02-17,SKU_12,Category_3,40,1529.1097331340793,0,59
2023-02-18,SKU_12,Category_3,56,1529.1097331340793,0,92
2023-02-19,SKU_12,Category_3,47,1529.1097331340793,0,54
2023-02-20,SKU_12,Category_3,15,1529.1097331340793,0,15
2023-02-21,SKU_12,Category_3,48,1529.1097331340793,0,62
2023-02-22,SKU_12,Category_3,34,1529.1097331340793,0,34
2023-02-23,SKU_12,Category_3,27,1529.1097331340793,0,27
2023-02-24,SKU_12,Category_3,17,1529.1097331340793,1,17
2023-02-25,SKU_12,Category_3,50,1529.1097331340793,0,71
2023-02-26,SKU_12,Category_3,60,1529.1097331340793,0,94
2023-02-27,SKU_12,Category_3,31,1529.1097331340793,1,31
2023-02-28,SKU_12,Category_3,54,1529.1097331340793,1,54
2023-03-01,SKU_12,Category_3,40,1529.1097331340793,0,55
2023-03-02,SKU_12,Category_3,50,1529.1097331340793,0,84
2023-03-03,SKU_12,Category_3,44,1529.1097331340793,0,97
2023-03-04,SKU_12,Category_3,56,1529.1097331340793,0,71
2023-03-05,SKU_12,Category_3,49,1529.1097331340793,0,71
2023-03-06,SKU_12,Category_3,44,1529.1097331340793,0,77
2023-03-07,SKU_12,Category_3,45,1529.1097331340793,0,47
2023-03-08,SKU_12,Category_3,41,1529.1097331340793,0,71
2023-03-09,SKU_12,Category_3,18,1529.1097331340793,0,18
2023-03-10,SKU_12,Category_3,19,1529.1097331340793,0,19
2023-03-11,SKU_12,Category_3,12,1529.1097331340793,0,12
2023-03-12,SKU_12,Category_3,59,1529.1097331340793,0,73
2023-03-13,SKU_12,Category_3,30,1529.1097331340793,0,30
2023-03-14,SKU_12,Category_3,36,1529.1097331340793,1,36
2023-03-15,SKU_12,Category_3,44,1529.1097331340793,0,56
2023-03-16,SKU_12,Category_3,19,1529.1097331340793,0,19
2023-03-17,SKU_12,Category_3,46,1529.1097331340793,0,53
2023-03-18,SKU_12,Category_3,45,1529.1097331340793,0,45
2023-03-19,SKU_12,Category_3,57,1529.1097331340793,0,98
2023-03-20,SKU_12,Category_3,45,1529.1097331340793,0,59
2023-03-21,SKU_12,Category_3,42,1529.1097331340793,0,64
2023-03-22,SKU_12,Category_3,17,1529.1097331340793,0,17
2023-03-23,SKU_12,Category_3,43,1529.1097331340793,0,62
2023-03-24,SKU_12,Category_3,49,1529.1097331340793,0,58
2023-03-25,SKU_12,Category_3,56,1529.1097331340793,0,61
2023-03-26,SKU_12,Category_3,14,1529.1097331340793,0,14
2023-03-27,SKU_12,Category_3,34,1529.1097331340793,0,81
2023-03-28,SKU_12,Category_3,40,1529.1097331340793,0,40
2023-03-29,SKU_12,Category_3,14,1529.1097331340793,0,14
2023-03-30,SKU_12,Category_3,43,1529.1097331340793,0,90
2023-03-31,SKU_12,Category_3,43,1529.1097331340793,0,60
2023-04-01,SKU_12,Category_3,40,1529.1097331340793,0,40
2023-04-02,SKU_12,Category_3,57,1529.1097331340793,0,65
2023-04-03,SKU_12,Category_3,54,1529.1097331340793,0,70
2023-04-04,SKU_12,Category_3,33,1529.1097331340793,0,88
2023-04-05,SKU_12,Category_3,45,1529.1097331340793,0,91
2023-04-06,SKU_12,Category_3,17,1529.1097331340793,0,17
2023-04-07,SKU_12,Category_3,35,1529.1097331340793,0,49
2023-04-08,SKU_12,Category_3,59,1529.1097331340793,0,98
2023-04-09,SKU_12,Category_3,48,1529.1097331340793,0,63
2023-04-10,SKU_12,Category_3,43,1529.1097331340793,0,55
2023-04-11,SKU_12,Category_3,26,1529.1097331340793,0,26
2023-04-12,SKU_12,Category_3,13,1529.1097331340793,0,13
2023-04-13,SKU_12,Category_3,39,1529.1097331340793,0,65
2023-04-14,SKU_12,Category_3,42,1529.1097331340793,0,72
2023-04-15,SKU_12,Category_3,54,1529.1097331340793,0,74
2023-04-16,SKU_12,Category_3,50,1529.1097331340793,0,63
2023-04-17,SKU_12,Category_3,48,1529.1097331340793,0,96
2023-04-18,SKU_12,Category_3,41,1529.1097331340793,0,61
2023-04-19,SKU_12,Category_3,35,1529.1097331340793,0,74
2023-04-20,SKU_12,Category_3,49,1529.1097331340793,0,81
2023-04-21,SKU_12,Category_3,35,1529.1097331340793,0,35
2023-04-22,SKU_12,Category_3,15,1529.1097331340793,0,15
2023-04-23,SKU_12,Category_3,42,1529.1097331340793,0,42
2023-04-24,SKU_12,Category_3,45,1529.1097331340793,0,60
2023-04-25,SKU_12,Category_3,43,1529.1097331340793,0,44
2023-04-26,SKU_12,Category_3,13,1529.1097331340793,0,13
2023-04-27,SKU_12,Category_3,15,1529.1097331340793,0,15
2023-04-28,SKU_12,Category_3,33,1529.1097331340793,0,76
2023-04-29,SKU_12,Category_3,24,1529.1097331340793,1,24
2023-04-30,SKU_12,Category_3,51,1529.1097331340793,0,97
2023-05-01,SKU_12,Category_3,44,1529.1097331340793,0,57
2023-05-02,SKU_12,Category_3,41,1529.1097331340793,0,53
2023-05-03,SKU_12,Category_3,33,1529.1097331340793,0,93
2023-05-04,SKU_12,Category_3,17,1529.1097331340793,0,17
2023-05-05,SKU_12,Category_3,16,1529.1097331340793,0,16
2023-05-06,SKU_12,Category_3,61,1529.1097331340793,0,88
2023-05-07,SKU_12,Category_3,32,1529.1097331340793,0,32
2023-05-08,SKU_12,Category_3,11,1529.1097331340793,0,11
2023-05-09,SKU_12,Category_3,42,1529.1097331340793,0,96
2023-05-10,SKU_12,Category_3,46,1529.1097331340793,0,96
2023-05-11,SKU_12,Category_3,62,1529.1097331340793,1,62
2023-05-12,SKU_12,Category_3,47,1529.1097331340793,0,48
2023-05-13,SKU_12,Category_3,58,1529.1097331340793,0,86
2023-05-14,SKU_12,Category_3,42,1529.1097331340793,0,42
2023-05-15,SKU_12,Category_3,36,1529.1097331340793,0,42
2023-05-16,SKU_12,Category_3,28,1529.1097331340793,0,28
2023-05-17,SKU_12,Category_3,37,1529.1097331340793,0,51
2023-05-18,SKU_12,Category_3,47,1529.1097331340793,1,47
2023-05-19,SKU_12,Category_3,17,1529.1097331340793,0,17
2023-05-20,SKU_12,Category_3,29,1529.1097331340793,0,29
2023-05-21,SKU_12,Category_3,53,1529.1097331340793,0,81
2023-05-22,SKU_12,Category_3,44,1529.1097331340793,0,72
2023-05-23,SKU_12,Category_3,30,1529.1097331340793,0,30
2023-05-24,SKU_12,Category_3,43,1529.1097331340793,0,57
2023-05-25,SKU_12,Category_3,67,1529.1097331340793,1,99
2023-05-26,SKU_12,Category_3,44,1529.1097331340793,0,89
2023-05-27,SKU_12,Category_3,43,1529.1097331340793,0,43
2023-05-28,SKU_12,Category_3,36,1529.1097331340793,0,97
2023-05-29,SKU_12,Category_3,10,1529.1097331340793,0,10
2023-05-30,SKU_12,Category_3,44,1529.1097331340793,0,74
2023-05-31,SKU_12,Category_3,46,1529.1097331340793,0,52
2023-06-01,SKU_12,Category_3,40,1529.1097331340793,0,73
2023-06-02,SKU_12,Category_3,44,1529.1097331340793,0,90
2023-06-03,SKU_12,Category_3,57,1529.1097331340793,0,90
2023-06-04,SKU_12,Category_3,47,1529.1097331340793,0,74
2023-06-05,SKU_12,Category_3,28,1529.1097331340793,0,28
2023-06-06,SKU_12,Category_3,43,1529.1097331340793,0,78
2023-06-07,SKU_12,Category_3,34,1529.1097331340793,0,72
2023-06-08,SKU_12,Category_3,45,1529.1097331340793,0,60
2023-06-09,SKU_12,Category_3,27,1529.1097331340793,0,27
2023-06-10,SKU_12,Category_3,59,1529.1097331340793,0,66
2023-06-11,SKU_12,Category_3,56,1529.1097331340793,0,73
2023-06-12,SKU_12,Category_3,42,1529.1097331340793,0,42
2023-06-13,SKU_12,Category_3,20,1529.1097331340793,0,20
2023-06-14,SKU_12,Category_3,56,1529.1097331340793,0,80
2023-06-15,SKU_12,Category_3,43,1529.1097331340793,0,56
2023-06-16,SKU_12,Category_3,47,1529.1097331340793,0,56
2023-06-17,SKU_12,Category_3,15,1529.1097331340793,0,15
2023-06-18,SKU_12,Category_3,53,1529.1097331340793,0,85
2023-06-19,SKU_12,Category_3,25,1529.1097331340793,0,25
2023-06-20,SKU_12,Category_3,10,1529.1097331340793,0,10
2023-06-21,SKU_12,Category_3,29,1529.1097331340793,0,29
2023-06-22,SKU_12,Category_3,40,1529.1097331340793,0,88
2023-06-23,SKU_12,Category_3,49,1529.1097331340793,0,68
2023-06-24,SKU_12,Category_3,24,1529.1097331340793,0,24
2023-06-25,SKU_12,Category_3,61,1529.1097331340793,0,80
2023-06-26,SKU_12,Category_3,10,1529.1097331340793,0,10
2023-06-27,SKU_12,Category_3,34,1529.1097331340793,0,34
2023-06-28,SKU_12,Category_3,48,1529.1097331340793,0,70
2023-06-29,SKU_12,Category_3,13,1529.1097331340793,0,13
2023-06-30,SKU_12,Category_3,24,1529.1097331340793,0,24
2023-07-01,SKU_12,Category_3,31,1529.1097331340793,0,31
2023-07-02,SKU_12,Category_3,11,1529.1097331340793,0,11
2023-07-03,SKU_12,Category_3,38,1529.1097331340793,0,64
2023-07-04,SKU_12,Category_3,35,1529.1097331340793,0,35
2023-07-05,SKU_12,Category_3,45,1529.1097331340793,0,93
2023-07-06,SKU_12,Category_3,45,1529.1097331340793,0,65
2023-07-07,SKU_12,Category_3,50,1529.1097331340793,0,52
2023-07-08,SKU_12,Category_3,57,1529.1097331340793,0,85
2023-07-09,SKU_12,Category_3,49,1529.1097331340793,0,64
2023-07-10,SKU_12,Category_3,50,1529.1097331340793,0,52
2023-07-11,SKU_12,Category_3,33,1529.1097331340793,1,33
2023-07-12,SKU_12,Category_3,41,1529.1097331340793,0,46
2023-07-13,SKU_12,Category_3,50,1529.1097331340793,0,87
2023-07-14,SKU_12,Category_3,43,1529.1097331340793,0,89
2023-07-15,SKU_12,Category_3,63,1529.1097331340793,1,63
2023-07-16,SKU_12,Category_3,49,1529.1097331340793,0,87
2023-07-17,SKU_12,Category_3,27,1529.1097331340793,0,27
2023-07-18,SKU_12,Category_3,30,1529.1097331340793,0,30
2023-07-19,SKU_12,Category_3,40,1529.1097331340793,0,50
2023-07-20,SKU_12,Category_3,40,1529.1097331340793,0,89
2023-07-21,SKU_12,Category_3,36,1529.1097331340793,0,54
2023-07-22,SKU_12,Category_3,53,1529.1097331340793,0,93
2023-07-23,SKU_12,Category_3,41,1529.1097331340793,0,41
2023-07-24,SKU_12,Category_3,35,1529.1097331340793,0,35
2023-07-25,SKU_12,Category_3,51,1529.1097331340793,0,97
2023-07-26,SKU_12,Category_3,47,1529.1097331340793,0,81
2023-07-27,SKU_12,Category_3,37,1529.1097331340793,0,93
2023-07-28,SKU_12,Category_3,43,1529.1097331340793,0,63
2023-07-29,SKU_12,Category_3,36,1529.1097331340793,0,36
2023-07-30,SKU_12,Category_3,43,1529.1097331340793,0,43
2023-07-31,SKU_12,Category_3,51,1529.1097331340793,0,76
2023-08-01,SKU_12,Category_3,38,1529.1097331340793,0,61
2023-08-02,SKU_12,Category_3,45,1529.1097331340793,0,47
2023-08-03,SKU_12,Category_3,41,1529.1097331340793,0,66
2023-08-04,SKU_12,Category_3,33,1529.1097331340793,0,41
2023-08-05,SKU_12,Category_3,50,1529.1097331340793,0,50
2023-08-06,SKU_12,Category_3,35,1529.1097331340793,0,35
2023-08-07,SKU_12,Category_3,38,1529.1097331340793,0,46
2023-08-08,SKU_12,Category_3,48,1529.1097331340793,0,63
2023-08-09,SKU_12,Category_3,41,1529.1097331340793,0,78
2023-08-10,SKU_12,Category_3,46,1529.1097331340793,0,51
2023-08-11,SKU_12,Category_3,44,1529.1097331340793,0,72
2023-08-12,SKU_12,Category_3,53,1529.1097331340793,0,69
2023-08-13,SKU_12,Category_3,12,1529.1097331340793,0,12
2023-08-14,SKU_12,Category_3,48,1529.1097331340793,0,60
2023-08-15,SKU_12,Category_3,29,1529.1097331340793,0,29
2023-08-16,SKU_12,Category_3,41,1529.1097331340793,0,97
2023-08-17,SKU_12,Category_3,45,1529.1097331340793,0,95
2023-08-18,SKU_12,Category_3,44,1529.1097331340793,0,74
2023-08-19,SKU_12,Category_3,33,1529.1097331340793,0,33
2023-08-20,SKU_12,Category_3,29,1529.1097331340793,0,29
2023-08-21,SKU_12,Category_3,45,1529.1097331340793,0,45
2023-08-22,SKU_12,Category_3,10,1529.1097331340793,0,10
2023-08-23,SKU_12,Category_3,36,1529.1097331340793,0,46
2023-08-24,SKU_12,Category_3,22,1529.1097331340793,0,22
2023-08-25,SKU_12,Category_3,42,1529.1097331340793,0,52
2023-08-26,SKU_12,Category_3,59,1529.1097331340793,0,97
2023-08-27,SKU_12,Category_3,50,1529.1097331340793,0,50
2023-08-28,SKU_12,Category_3,46,1529.1097331340793,0,59
2023-08-29,SKU_12,Category_3,37,1529.1097331340793,0,73
2023-08-30,SKU_12,Category_3,39,1529.1097331340793,0,62
2023-08-31,SKU_12,Category_3,27,1529.1097331340793,0,27
2023-09-01,SKU_12,Category_3,50,1529.1097331340793,0,76
2023-09-02,SKU_12,Category_3,17,1529.1097331340793,0,17
2023-09-03,SKU_12,Category_3,59,1529.1097331340793,0,79
2023-09-04,SKU_12,Category_3,43,1529.1097331340793,0,58
2023-09-05,SKU_12,Category_3,35,1529.1097331340793,0,43
2023-09-06,SKU_12,Category_3,42,1529.1097331340793,0,47
2023-09-07,SKU_12,Category_3,44,1529.1097331340793,0,44
2023-09-08,SKU_12,Category_3,47,1529.1097331340793,0,81
2023-09-09,SKU_12,Category_3,57,1529.1097331340793,0,57
2023-09-10,SKU_12,Category_3,24,1529.1097331340793,0,24
2023-09-11,SKU_12,Category_3,41,1529.1097331340793,0,41
2023-09-12,SKU_12,Category_3,36,1529.1097331340793,0,36
2023-09-13,SKU_12,Category_3,18,1529.1097331340793,0,18
2023-09-14,SKU_12,Category_3,35,1529.1097331340793,0,82
2023-09-15,SKU_12,Category_3,28,1529.1097331340793,0,28
2023-09-16,SKU_12,Category_3,50,1529.1097331340793,0,84
2023-09-17,SKU_12,Category_3,12,1529.1097331340793,0,12
2023-09-18,SKU_12,Category_3,47,1529.1097331340793,0,68
2023-09-19,SKU_12,Category_3,16,1529.1097331340793,0,16
2023-09-20,SKU_12,Category_3,38,1529.1097331340793,0,40
2023-09-21,SKU_12,Category_3,43,1529.1097331340793,0,99
2023-09-22,SKU_12,Category_3,39,1529.1097331340793,0,70
2023-09-23,SKU_12,Category_3,58,1529.1097331340793,0,76
2023-09-24,SKU_12,Category_3,26,1529.1097331340793,0,26
2023-09-25,SKU_12,Category_3,37,1529.1097331340793,0,96
2023-09-26,SKU_12,Category_3,28,1529.1097331340793,0,28
2023-09-27,SKU_12,Category_3,72,1529.1097331340793,1,94
2023-09-28,SKU_12,Category_3,36,1529.1097331340793,1,36
2023-09-29,SKU_12,Category_3,41,1529.1097331340793,0,67
2023-09-30,SKU_12,Category_3,51,1529.1097331340793,0,51
2023-10-01,SKU_12,Category_3,54,1529.1097331340793,0,77
2023-10-02,SKU_12,Category_3,39,1529.1097331340793,0,98
2023-10-03,SKU_12,Category_3,47,1529.1097331340793,0,61
2023-10-04,SKU_12,Category_3,38,1529.1097331340793,0,38
2023-10-05,SKU_12,Category_3,38,1529.1097331340793,0,60
2023-10-06,SKU_12,Category_3,40,1529.1097331340793,0,78
2023-10-07,SKU_12,Category_3,21,1529.1097331340793,0,21
2023-10-08,SKU_12,Category_3,16,1529.1097331340793,0,16
2023-10-09,SKU_12,Category_3,49,1529.1097331340793,0,68
2023-10-10,SKU_12,Category_3,31,1529.1097331340793,0,31
2023-10-11,SKU_12,Category_3,30,1529.1097331340793,0,78
2023-10-12,SKU_12,Category_3,38,1529.1097331340793,0,94
2023-10-13,SKU_12,Category_3,32,1529.1097331340793,0,32
2023-10-14,SKU_12,Category_3,30,1529.1097331340793,0,30
2023-10-15,SKU_12,Category_3,61,1529.1097331340793,0,68
2023-10-16,SKU_12,Category_3,43,1529.1097331340793,0,43
2023-10-17,SKU_12,Category_3,45,1529.1097331340793,0,78
2023-10-18,SKU_12,Category_3,40,1529.1097331340793,0,86
2023-10-19,SKU_12,Category_3,64,1529.1097331340793,1,80
2023-10-20,SKU_12,Category_3,49,1529.1097331340793,0,67
2023-10-21,SKU_12,Category_3,56,1529.1097331340793,0,67
2023-10-22,SKU_12,Category_3,54,1529.1097331340793,0,96
2023-10-23,SKU_12,Category_3,51,1529.1097331340793,0,54
2023-10-24,SKU_12,Category_3,40,1529.1097331340793,0,40
2023-10-25,SKU_12,Category_3,14,1529.1097331340793,0,14
2023-10-26,SKU_12,Category_3,61,1529.1097331340793,1,61
2023-10-27,SKU_12,Category_3,32,1529.1097331340793,0,32
2023-10-28,SKU_12,Category_3,56,1529.1097331340793,0,93
2023-10-29,SKU_12,Category_3,57,1529.1097331340793,0,77
2023-10-30,SKU_12,Category_3,32,1529.1097331340793,0,32
2023-10-31,SKU_12,Category_3,53,1529.1097331340793,1,53
2023-11-01,SKU_12,Category_3,37,1529.1097331340793,0,37
2023-11-02,SKU_12,Category_3,58,1529.1097331340793,1,69
2023-11-03,SKU_12,Category_3,40,1529.1097331340793,0,58
2023-11-04,SKU_12,Category_3,50,1529.1097331340793,0,57
2023-11-05,SKU_12,Category_3,10,1529.1097331340793,0,10
2023-11-06,SKU_12,Category_3,39,1529.1097331340793,0,39
2023-11-07,SKU_12,Category_3,16,1529.1097331340793,0,16
2023-11-08,SKU_12,Category_3,24,1529.1097331340793,0,24
2023-11-09,SKU_12,Category_3,44,1529.1097331340793,0,90
2023-11-10,SKU_12,Category_3,44,1529.1097331340793,0,62
2023-11-11,SKU_12,Category_3,49,1529.1097331340793,0,49
2023-11-12,SKU_12,Category_3,30,1529.1097331340793,0,30
2023-11-13,SKU_12,Category_3,36,1529.1097331340793,0,36
2023-11-14,SKU_12,Category_3,41,1529.1097331340793,0,99
2023-11-15,SKU_12,Category_3,52,1529.1097331340793,1,52
2023-11-16,SKU_12,Category_3,24,1529.1097331340793,0,24
2023-11-17,SKU_12,Category_3,48,1529.1097331340793,0,89
2023-11-18,SKU_12,Category_3,37,1529.1097331340793,0,37
2023-11-19,SKU_12,Category_3,26,1529.1097331340793,1,26
2023-11-20,SKU_12,Category_3,36,1529.1097331340793,0,97
2023-11-21,SKU_12,Category_3,37,1529.1097331340793,0,90
2023-11-22,SKU_12,Category_3,36,1529.1097331340793,0,59
2023-11-23,SKU_12,Category_3,12,1529.1097331340793,0,12
2023-11-24,SKU_12,Category_3,50,1529.1097331340793,0,99
2023-11-25,SKU_12,Category_3,65,1529.1097331340793,0,95
2023-11-26,SKU_12,Category_3,19,1529.1097331340793,0,19
2023-11-27,SKU_12,Category_3,46,1529.1097331340793,0,99
2023-11-28,SKU_12,Category_3,47,1529.1097331340793,0,47
2023-11-29,SKU_12,Category_3,56,1529.1097331340793,1,56
2023-11-30,SKU_12,Category_3,45,1529.1097331340793,0,71
2023-12-01,SKU_12,Category_3,44,1529.1097331340793,0,61
2023-12-02,SKU_12,Category_3,55,1529.1097331340793,0,55
2023-12-03,SKU_12,Category_3,37,1529.1097331340793,0,37
2023-12-04,SKU_12,Category_3,49,1529.1097331340793,0,68
2023-12-05,SKU_12,Category_3,47,1529.1097331340793,0,53
2023-12-06,SKU_12,Category_3,38,1529.1097331340793,0,56
2023-12-07,SKU_12,Category_3,34,1529.1097331340793,0,34
2023-12-08,SKU_12,Category_3,38,1529.1097331340793,0,62
2023-12-09,SKU_12,Category_3,50,1529.1097331340793,0,86
2023-12-10,SKU_12,Category_3,30,1529.1097331340793,0,30
2023-12-11,SKU_12,Category_3,16,1529.1097331340793,0,16
2023-12-12,SKU_12,Category_3,40,1529.1097331340793,0,55
2023-12-13,SKU_12,Category_3,45,1529.1097331340793,0,96
2023-12-14,SKU_12,Category_3,46,1529.1097331340793,0,58
2023-12-15,SKU_12,Category_3,31,1529.1097331340793,0,31
2023-12-16,SKU_12,Category_3,15,1529.1097331340793,0,15
2023-12-17,SKU_12,Category_3,30,1529.1097331340793,0,30
2023-12-18,SKU_12,Category_3,43,1529.1097331340793,0,43
2023-12-19,SKU_12,Category_3,39,1529.1097331340793,0,96
2023-12-20,SKU_12,Category_3,41,1529.1097331340793,0,47
2023-12-21,SKU_12,Category_3,46,1529.1097331340793,0,75
2023-12-22,SKU_12,Category_3,40,1529.1097331340793,0,83
2023-12-23,SKU_12,Category_3,23,1529.1097331340793,0,23
2023-12-24,SKU_12,Category_3,33,1529.1097331340793,0,33
2023-12-25,SKU_12,Category_3,42,1529.1097331340793,0,45
2023-12-26,SKU_12,Category_3,44,1529.1097331340793,0,62
2023-12-27,SKU_12,Category_3,36,1529.1097331340793,0,39
2023-12-28,SKU_12,Category_3,28,1529.1097331340793,0,28
2023-12-29,SKU_12,Category_3,66,1529.1097331340793,1,95
2023-12-30,SKU_12,Category_3,56,1529.1097331340793,0,83
2023-12-31,SKU_12,Category_3,29,1529.1097331340793,0,29
2023-01-01,SKU_13,Category_4,50,863.148435989516,0,96
2023-01-02,SKU_13,Category_4,35,863.148435989516,0,83
2023-01-03,SKU_13,Category_4,18,863.148435989516,0,18
2023-01-04,SKU_13,Category_4,26,863.148435989516,0,26
2023-01-05,SKU_13,Category_4,43,863.148435989516,0,72
2023-01-06,SKU_13,Category_4,32,863.148435989516,0,96
2023-01-07,SKU_13,Category_4,14,863.148435989516,0,14
2023-01-08,SKU_13,Category_4,10,863.148435989516,1,10
2023-01-09,SKU_13,Category_4,38,863.148435989516,0,55
2023-01-10,SKU_13,Category_4,37,863.148435989516,0,70
2023-01-11,SKU_13,Category_4,37,863.148435989516,0,69
2023-01-12,SKU_13,Category_4,34,863.148435989516,0,45
2023-01-13,SKU_13,Category_4,31,863.148435989516,0,86
2023-01-14,SKU_13,Category_4,46,863.148435989516,0,99
2023-01-15,SKU_13,Category_4,40,863.148435989516,0,40
2023-01-16,SKU_13,Category_4,38,863.148435989516,1,38
2023-01-17,SKU_13,Category_4,42,863.148435989516,0,67
2023-01-18,SKU_13,Category_4,37,863.148435989516,0,40
2023-01-19,SKU_13,Category_4,60,863.148435989516,1,81
2023-01-20,SKU_13,Category_4,50,863.148435989516,1,85
2023-01-21,SKU_13,Category_4,23,863.148435989516,0,23
2023-01-22,SKU_13,Category_4,45,863.148435989516,0,63
2023-01-23,SKU_13,Category_4,29,863.148435989516,0,29
2023-01-24,SKU_13,Category_4,32,863.148435989516,0,69
2023-01-25,SKU_13,Category_4,38,863.148435989516,0,54
2023-01-26,SKU_13,Category_4,33,863.148435989516,0,33
2023-01-27,SKU_13,Category_4,32,863.148435989516,0,93
2023-01-28,SKU_13,Category_4,38,863.148435989516,0,88
2023-01-29,SKU_13,Category_4,44,863.148435989516,0,44
2023-01-30,SKU_13,Category_4,38,863.148435989516,0,54
2023-01-31,SKU_13,Category_4,12,863.148435989516,0,12
2023-02-01,SKU_13,Category_4,29,863.148435989516,0,74
2023-02-02,SKU_13,Category_4,19,863.148435989516,0,19
2023-02-03,SKU_13,Category_4,56,863.148435989516,1,64
2023-02-04,SKU_13,Category_4,43,863.148435989516,0,61
2023-02-05,SKU_13,Category_4,27,863.148435989516,0,27
2023-02-06,SKU_13,Category_4,42,863.148435989516,0,43
2023-02-07,SKU_13,Category_4,27,863.148435989516,0,40
2023-02-08,SKU_13,Category_4,28,863.148435989516,0,28
2023-02-09,SKU_13,Category_4,43,863.148435989516,0,81
2023-02-10,SKU_13,Category_4,36,863.148435989516,1,36
2023-02-11,SKU_13,Category_4,40,863.148435989516,0,96
2023-02-12,SKU_13,Category_4,45,863.148435989516,0,47
2023-02-13,SKU_13,Category_4,15,863.148435989516,0,15
2023-02-14,SKU_13,Category_4,16,863.148435989516,0,16
2023-02-15,SKU_13,Category_4,41,863.148435989516,0,73
2023-02-16,SKU_13,Category_4,22,863.148435989516,0,22
2023-02-17,SKU_13,Category_4,34,863.148435989516,0,84
2023-02-18,SKU_13,Category_4,38,863.148435989516,0,38
2023-02-19,SKU_13,Category_4,14,863.148435989516,0,14
2023-02-20,SKU_13,Category_4,39,863.148435989516,0,87
2023-02-21,SKU_13,Category_4,31,863.148435989516,0,31
2023-02-22,SKU_13,Category_4,34,863.148435989516,0,58
2023-02-23,SKU_13,Category_4,47,863.148435989516,1,47
2023-02-24,SKU_13,Category_4,46,863.148435989516,1,47
2023-02-25,SKU_13,Category_4,44,863.148435989516,0,53
2023-02-26,SKU_13,Category_4,24,863.148435989516,0,24
2023-02-27,SKU_13,Category_4,12,863.148435989516,0,12
2023-02-28,SKU_13,Category_4,42,863.148435989516,0,47
2023-03-01,SKU_13,Category_4,27,863.148435989516,0,80
2023-03-02,SKU_13,Category_4,38,863.148435989516,0,39
2023-03-03,SKU_13,Category_4,23,863.148435989516,0,23
2023-03-04,SKU_13,Category_4,43,863.148435989516,0,50
2023-03-05,SKU_13,Category_4,19,863.148435989516,0,19
2023-03-06,SKU_13,Category_4,27,863.148435989516,0,92
2023-03-07,SKU_13,Category_4,24,863.148435989516,1,24
2023-03-08,SKU_13,Category_4,19,863.148435989516,0,19
2023-03-09,SKU_13,Category_4,36,863.148435989516,0,82
2023-03-10,SKU_13,Category_4,34,863.148435989516,0,76
2023-03-11,SKU_13,Category_4,27,863.148435989516,0,27
2023-03-12,SKU_13,Category_4,47,863.148435989516,0,75
2023-03-13,SKU_13,Category_4,34,863.148435989516,0,51
2023-03-14,SKU_13,Category_4,30,863.148435989516,0,59
2023-03-15,SKU_13,Category_4,41,863.148435989516,0,58
2023-03-16,SKU_13,Category_4,42,863.148435989516,0,63
2023-03-17,SKU_13,Category_4,25,863.148435989516,0,25
2023-03-18,SKU_13,Category_4,56,863.148435989516,0,81
2023-03-19,SKU_13,Category_4,71,863.148435989516,1,91
2023-03-20,SKU_13,Category_4,34,863.148435989516,0,59
2023-03-21,SKU_13,Category_4,18,863.148435989516,0,18
2023-03-22,SKU_13,Category_4,42,863.148435989516,0,66
2023-03-23,SKU_13,Category_4,12,863.148435989516,0,12
2023-03-24,SKU_13,Category_4,37,863.148435989516,0,55
2023-03-25,SKU_13,Category_4,41,863.148435989516,0,91
2023-03-26,SKU_13,Category_4,35,863.148435989516,0,35
2023-03-27,SKU_13,Category_4,31,863.148435989516,0,84
2023-03-28,SKU_13,Category_4,33,863.148435989516,0,38
2023-03-29,SKU_13,Category_4,45,863.148435989516,0,86
2023-03-30,SKU_13,Category_4,23,863.148435989516,0,23
2023-03-31,SKU_13,Category_4,22,863.148435989516,0,22
2023-04-01,SKU_13,Category_4,43,863.148435989516,0,60
2023-04-02,SKU_13,Category_4,44,863.148435989516,0,99
2023-04-03,SKU_13,Category_4,40,863.148435989516,0,64
2023-04-04,SKU_13,Category_4,38,863.148435989516,0,89
2023-04-05,SKU_13,Category_4,46,863.148435989516,0,47
2023-04-06,SKU_13,Category_4,41,863.148435989516,0,70
2023-04-07,SKU_13,Category_4,41,863.148435989516,0,75
2023-04-08,SKU_13,Category_4,42,863.148435989516,0,71
2023-04-09,SKU_13,Category_4,46,863.148435989516,0,94
2023-04-10,SKU_13,Category_4,27,863.148435989516,0,71
2023-04-11,SKU_13,Category_4,31,863.148435989516,0,66
2023-04-12,SKU_13,Category_4,36,863.148435989516,0,57
2023-04-13,SKU_13,Category_4,41,863.148435989516,0,67
2023-04-14,SKU_13,Category_4,27,863.148435989516,0,44
2023-04-15,SKU_13,Category_4,51,863.148435989516,0,95
2023-04-16,SKU_13,Category_4,41,863.148435989516,0,54
2023-04-17,SKU_13,Category_4,42,863.148435989516,0,86
2023-04-18,SKU_13,Category_4,37,863.148435989516,0,50
2023-04-19,SKU_13,Category_4,42,863.148435989516,0,49
2023-04-20,SKU_13,Category_4,17,863.148435989516,0,17
2023-04-21,SKU_13,Category_4,56,863.148435989516,1,58
2023-04-22,SKU_13,Category_4,54,863.148435989516,0,91
2023-04-23,SKU_13,Category_4,51,863.148435989516,0,62
2023-04-24,SKU_13,Category_4,36,863.148435989516,0,40
2023-04-25,SKU_13,Category_4,27,863.148435989516,0,27
2023-04-26,SKU_13,Category_4,40,863.148435989516,0,99
2023-04-27,SKU_13,Category_4,30,863.148435989516,0,77
2023-04-28,SKU_13,Category_4,29,863.148435989516,0,33
2023-04-29,SKU_13,Category_4,49,863.148435989516,0,54
2023-04-30,SKU_13,Category_4,50,863.148435989516,0,67
2023-05-01,SKU_13,Category_4,17,863.148435989516,0,17
2023-05-02,SKU_13,Category_4,26,863.148435989516,0,26
2023-05-03,SKU_13,Category_4,38,863.148435989516,0,73
2023-05-04,SKU_13,Category_4,26,863.148435989516,0,53
2023-05-05,SKU_13,Category_4,42,863.148435989516,0,75
2023-05-06,SKU_13,Category_4,54,863.148435989516,0,96
2023-05-07,SKU_13,Category_4,51,863.148435989516,0,85
2023-05-08,SKU_13,Category_4,37,863.148435989516,0,83
2023-05-09,SKU_13,Category_4,21,863.148435989516,0,21
2023-05-10,SKU_13,Category_4,24,863.148435989516,1,24
2023-05-11,SKU_13,Category_4,34,863.148435989516,0,56
2023-05-12,SKU_13,Category_4,46,863.148435989516,0,47
2023-05-13,SKU_13,Category_4,44,863.148435989516,0,78
2023-05-14,SKU_13,Category_4,47,863.148435989516,0,60
2023-05-15,SKU_13,Category_4,41,863.148435989516,0,68
2023-05-16,SKU_13,Category_4,19,863.148435989516,0,19
2023-05-17,SKU_13,Category_4,33,863.148435989516,0,66
2023-05-18,SKU_13,Category_4,41,863.148435989516,0,98
2023-05-19,SKU_13,Category_4,52,863.148435989516,1,54
2023-05-20,SKU_13,Category_4,31,863.148435989516,0,31
2023-05-21,SKU_13,Category_4,38,863.148435989516,0,51
2023-05-22,SKU_13,Category_4,31,863.148435989516,0,79
2023-05-23,SKU_13,Category_4,27,863.148435989516,0,27
2023-05-24,SKU_13,Category_4,35,863.148435989516,0,35
2023-05-25,SKU_13,Category_4,39,863.148435989516,0,48
2023-05-26,SKU_13,Category_4,43,863.148435989516,0,86
2023-05-27,SKU_13,Category_4,45,863.148435989516,0,87
2023-05-28,SKU_13,Category_4,33,863.148435989516,0,33
2023-05-29,SKU_13,Category_4,43,863.148435989516,0,98
2023-05-30,SKU_13,Category_4,37,863.148435989516,0,55
2023-05-31,SKU_13,Category_4,34,863.148435989516,0,34
2023-06-01,SKU_13,Category_4,24,863.148435989516,0,91
2023-06-02,SKU_13,Category_4,39,863.148435989516,0,57
2023-06-03,SKU_13,Category_4,75,863.148435989516,1,79
2023-06-04,SKU_13,Category_4,57,863.148435989516,0,73
2023-06-05,SKU_13,Category_4,38,863.148435989516,0,80
2023-06-06,SKU_13,Category_4,16,863.148435989516,0,16
2023-06-07,SKU_13,Category_4,42,863.148435989516,0,98
2023-06-08,SKU_13,Category_4,24,863.148435989516,0,24
2023-06-09,SKU_13,Category_4,39,863.148435989516,0,75
2023-06-10,SKU_13,Category_4,41,863.148435989516,0,41
2023-06-11,SKU_13,Category_4,38,863.148435989516,0,38
2023-06-12,SKU_13,Category_4,38,863.148435989516,0,48
2023-06-13,SKU_13,Category_4,39,863.148435989516,0,91
2023-06-14,SKU_13,Category_4,32,863.148435989516,0,32
2023-06-15,SKU_13,Category_4,34,863.148435989516,0,36
2023-06-16,SKU_13,Category_4,36,863.148435989516,0,73
2023-06-17,SKU_13,Category_4,49,863.148435989516,0,89
2023-06-18,SKU_13,Category_4,28,863.148435989516,0,28
2023-06-19,SKU_13,Category_4,28,863.148435989516,0,28
2023-06-20,SKU_13,Category_4,36,863.148435989516,0,51
2023-06-21,SKU_13,Category_4,39,863.148435989516,1,39
2023-06-22,SKU_13,Category_4,43,863.148435989516,0,95
2023-06-23,SKU_13,Category_4,15,863.148435989516,0,15
2023-06-24,SKU_13,Category_4,46,863.148435989516,0,46
2023-06-25,SKU_13,Category_4,10,863.148435989516,0,10
2023-06-26,SKU_13,Category_4,26,863.148435989516,0,26
2023-06-27,SKU_13,Category_4,33,863.148435989516,0,88
2023-06-28,SKU_13,Category_4,37,863.148435989516,0,37
2023-06-29,SKU_13,Category_4,43,863.148435989516,0,93
2023-06-30,SKU_13,Category_4,32,863.148435989516,0,84
2023-07-01,SKU_13,Category_4,26,863.148435989516,0,26
2023-07-02,SKU_13,Category_4,51,863.148435989516,0,84
2023-07-03,SKU_13,Category_4,25,863.148435989516,0,25
2023-07-04,SKU_13,Category_4,37,863.148435989516,0,96
2023-07-05,SKU_13,Category_4,40,863.148435989516,0,85
2023-07-06,SKU_13,Category_4,39,863.148435989516,0,57
2023-07-07,SKU_13,Category_4,36,863.148435989516,0,93
2023-07-08,SKU_13,Category_4,39,863.148435989516,0,39
2023-07-09,SKU_13,Category_4,40,863.148435989516,0,74
2023-07-10,SKU_13,Category_4,13,863.148435989516,0,13
2023-07-11,SKU_13,Category_4,19,863.148435989516,0,19
2023-07-12,SKU_13,Category_4,52,863.148435989516,1,90
2023-07-13,SKU_13,Category_4,34,863.148435989516,0,42
2023-07-14,SKU_13,Category_4,44,863.148435989516,0,75
2023-07-15,SKU_13,Category_4,43,863.148435989516,0,68
2023-07-16,SKU_13,Category_4,46,863.148435989516,0,94
2023-07-17,SKU_13,Category_4,21,863.148435989516,1,21
2023-07-18,SKU_13,Category_4,34,863.148435989516,0,58
2023-07-19,SKU_13,Category_4,35,863.148435989516,0,73
2023-07-20,SKU_13,Category_4,38,863.148435989516,0,71
2023-07-21,SKU_13,Category_4,33,863.148435989516,0,33
2023-07-22,SKU_13,Category_4,18,863.148435989516,0,18
2023-07-23,SKU_13,Category_4,30,863.148435989516,0,30
2023-07-24,SKU_13,Category_4,55,863.148435989516,1,72
2023-07-25,SKU_13,Category_4,41,863.148435989516,0,99
2023-07-26,SKU_13,Category_4,33,863.148435989516,0,79
2023-07-27,SKU_13,Category_4,38,863.148435989516,0,93
2023-07-28,SKU_13,Category_4,44,863.148435989516,0,89
2023-07-29,SKU_13,Category_4,51,863.148435989516,0,58
2023-07-30,SKU_13,Category_4,40,863.148435989516,0,83
2023-07-31,SKU_13,Category_4,35,863.148435989516,0,57
2023-08-01,SKU_13,Category_4,36,863.148435989516,0,38
2023-08-02,SKU_13,Category_4,32,863.148435989516,0,32
2023-08-03,SKU_13,Category_4,33,863.148435989516,0,77
2023-08-04,SKU_13,Category_4,41,863.148435989516,0,51
2023-08-05,SKU_13,Category_4,39,863.148435989516,0,82
2023-08-06,SKU_13,Category_4,17,863.148435989516,0,17
2023-08-07,SKU_13,Category_4,32,863.148435989516,0,37
2023-08-08,SKU_13,Category_4,18,863.148435989516,0,18
2023-08-09,SKU_13,Category_4,43,863.148435989516,0,43
2023-08-10,SKU_13,Category_4,36,863.148435989516,0,91
2023-08-11,SKU_13,Category_4,33,863.148435989516,0,97
2023-08-12,SKU_13,Category_4,64,863.148435989516,1,81
2023-08-13,SKU_13,Category_4,45,863.148435989516,0,71
2023-08-14,SKU_13,Category_4,55,863.148435989516,1,87
2023-08-15,SKU_13,Category_4,32,863.148435989516,0,88
2023-08-16,SKU_13,Category_4,33,863.148435989516,0,78
2023-08-17,SKU_13,Category_4,46,863.148435989516,0,49
2023-08-18,SKU_13,Category_4,28,863.148435989516,0,88
2023-08-19,SKU_13,Category_4,39,863.148435989516,0,39
2023-08-20,SKU_13,Category_4,46,863.148435989516,0,74
2023-08-21,SKU_13,Category_4,31,863.148435989516,0,61
2023-08-22,SKU_13,Category_4,33,863.148435989516,0,91
2023-08-23,SKU_13,Category_4,31,863.148435989516,0,94
2023-08-24,SKU_13,Category_4,40,863.148435989516,1,40
2023-08-25,SKU_13,Category_4,41,863.148435989516,0,97
2023-08-26,SKU_13,Category_4,55,863.148435989516,1,55
2023-08-27,SKU_13,Category_4,54,863.148435989516,1,54
2023-08-28,SKU_13,Category_4,41,863.148435989516,0,84
2023-08-29,SKU_13,Category_4,35,863.148435989516,0,46
2023-08-30,SKU_13,Category_4,35,863.148435989516,0,80
2023-08-31,SKU_13,Category_4,42,863.148435989516,0,91
2023-09-01,SKU_13,Category_4,10,863.148435989516,0,10
2023-09-02,SKU_13,Category_4,42,863.148435989516,0,42
2023-09-03,SKU_13,Category_4,26,863.148435989516,0,26
2023-09-04,SKU_13,Category_4,40,863.148435989516,0,49
2023-09-05,SKU_13,Category_4,34,863.148435989516,0,85
2023-09-06,SKU_13,Category_4,12,863.148435989516,0,12
2023-09-07,SKU_13,Category_4,36,863.148435989516,0,36
2023-09-08,SKU_13,Category_4,33,863.148435989516,0,93
2023-09-09,SKU_13,Category_4,43,863.148435989516,0,43
2023-09-10,SKU_13,Category_4,27,863.148435989516,1,27
2023-09-11,SKU_13,Category_4,32,863.148435989516,0,57
2023-09-12,SKU_13,Category_4,36,863.148435989516,0,36
2023-09-13,SKU_13,Category_4,39,863.148435989516,0,68
2023-09-14,SKU_13,Category_4,23,863.148435989516,0,23
2023-09-15,SKU_13,Category_4,43,863.148435989516,1,43
2023-09-16,SKU_13,Category_4,40,863.148435989516,0,40
2023-09-17,SKU_13,Category_4,47,863.148435989516,0,62
2023-09-18,SKU_13,Category_4,28,863.148435989516,0,57
2023-09-19,SKU_13,Category_4,25,863.148435989516,0,25
2023-09-20,SKU_13,Category_4,34,863.148435989516,0,67
2023-09-21,SKU_13,Category_4,19,863.148435989516,0,19
2023-09-22,SKU_13,Category_4,25,863.148435989516,0,25
2023-09-23,SKU_13,Category_4,41,863.148435989516,0,73
2023-09-24,SKU_13,Category_4,37,863.148435989516,0,37
2023-09-25,SKU_13,Category_4,37,863.148435989516,0,40
2023-09-26,SKU_13,Category_4,36,863.148435989516,0,36
2023-09-27,SKU_13,Category_4,30,863.148435989516,0,92
2023-09-28,SKU_13,Category_4,16,863.148435989516,0,16
2023-09-29,SKU_13,Category_4,37,863.148435989516,0,78
2023-09-30,SKU_13,Category_4,56,863.148435989516,0,66
2023-10-01,SKU_13,Category_4,46,863.148435989516,1,46
2023-10-02,SKU_13,Category_4,40,863.148435989516,0,42
2023-10-03,SKU_13,Category_4,35,863.148435989516,0,43
2023-10-04,SKU_13,Category_4,28,863.148435989516,0,72
2023-10-05,SKU_13,Category_4,19,863.148435989516,1,19
2023-10-06,SKU_13,Category_4,14,863.148435989516,0,14
2023-10-07,SKU_13,Category_4,54,863.148435989516,0,68
2023-10-08,SKU_13,Category_4,24,863.148435989516,0,24
2023-10-09,SKU_13,Category_4,35,863.148435989516,0,47
2023-10-10,SKU_13,Category_4,20,863.148435989516,0,20
2023-10-11,SKU_13,Category_4,33,863.148435989516,0,49
2023-10-12,SKU_13,Category_4,37,863.148435989516,1,37
2023-10-13,SKU_13,Category_4,17,863.148435989516,0,17
2023-10-14,SKU_13,Category_4,47,863.148435989516,0,47
2023-10-15,SKU_13,Category_4,51,863.148435989516,0,93
2023-10-16,SKU_13,Category_4,34,863.148435989516,0,34
2023-10-17,SKU_13,Category_4,57,863.148435989516,1,89
2023-10-18,SKU_13,Category_4,32,863.148435989516,0,73
2023-10-19,SKU_13,Category_4,38,863.148435989516,0,53
2023-10-20,SKU_13,Category_4,45,863.148435989516,0,99
2023-10-21,SKU_13,Category_4,11,863.148435989516,0,11
2023-10-22,SKU_13,Category_4,46,863.148435989516,0,74
2023-10-23,SKU_13,Category_4,37,863.148435989516,0,63
2023-10-24,SKU_13,Category_4,26,863.148435989516,0,26
2023-10-25,SKU_13,Category_4,37,863.148435989516,0,94
2023-10-26,SKU_13,Category_4,43,863.148435989516,1,43
2023-10-27,SKU_13,Category_4,19,863.148435989516,0,19
2023-10-28,SKU_13,Category_4,34,863.148435989516,0,34
2023-10-29,SKU_13,Category_4,47,863.148435989516,0,47
2023-10-30,SKU_13,Category_4,35,863.148435989516,0,73
2023-10-31,SKU_13,Category_4,25,863.148435989516,0,25
2023-11-01,SKU_13,Category_4,20,863.148435989516,1,20
2023-11-02,SKU_13,Category_4,39,863.148435989516,0,39
2023-11-03,SKU_13,Category_4,42,863.148435989516,0,89
2023-11-04,SKU_13,Category_4,59,863.148435989516,1,60
2023-11-05,SKU_13,Category_4,49,863.148435989516,0,81
2023-11-06,SKU_13,Category_4,33,863.148435989516,0,50
2023-11-07,SKU_13,Category_4,31,863.148435989516,0,32
2023-11-08,SKU_13,Category_4,29,863.148435989516,0,29
2023-11-09,SKU_13,Category_4,48,863.148435989516,1,95
2023-11-10,SKU_13,Category_4,37,863.148435989516,0,77
2023-11-11,SKU_13,Category_4,42,863.148435989516,0,70
2023-11-12,SKU_13,Category_4,56,863.148435989516,0,83
2023-11-13,SKU_13,Category_4,16,863.148435989516,0,16
2023-11-14,SKU_13,Category_4,39,863.148435989516,0,56
2023-11-15,SKU_13,Category_4,41,863.148435989516,0,62
2023-11-16,SKU_13,Category_4,46,863.148435989516,0,60
2023-11-17,SKU_13,Category_4,35,863.148435989516,0,77
2023-11-18,SKU_13,Category_4,69,863.148435989516,1,99
2023-11-19,SKU_13,Category_4,50,863.148435989516,0,68
2023-11-20,SKU_13,Category_4,35,863.148435989516,0,59
2023-11-21,SKU_13,Category_4,44,863.148435989516,0,85
2023-11-22,SKU_13,Category_4,30,863.148435989516,1,30
2023-11-23,SKU_13,Category_4,50,863.148435989516,1,50
2023-11-24,SKU_13,Category_4,18,863.148435989516,0,18
2023-11-25,SKU_13,Category_4,35,863.148435989516,0,35
2023-11-26,SKU_13,Category_4,48,863.148435989516,0,55
2023-11-27,SKU_13,Category_4,38,863.148435989516,0,47
2023-11-28,SKU_13,Category_4,30,863.148435989516,0,70
2023-11-29,SKU_13,Category_4,36,863.148435989516,0,42
2023-11-30,SKU_13,Category_4,30,863.148435989516,0,78
2023-12-01,SKU_13,Category_4,10,863.148435989516,0,10
2023-12-02,SKU_13,Category_4,50,863.148435989516,0,69
2023-12-03,SKU_13,Category_4,34,863.148435989516,0,34
2023-12-04,SKU_13,Category_4,29,863.148435989516,0,82
2023-12-05,SKU_13,Category_4,29,863.148435989516,0,29
2023-12-06,SKU_13,Category_4,35,863.148435989516,0,46
2023-12-07,SKU_13,Category_4,31,863.148435989516,0,54
2023-12-08,SKU_13,Category_4,16,863.148435989516,0,16
2023-12-09,SKU_13,Category_4,47,863.148435989516,0,98
2023-12-10,SKU_13,Category_4,54,863.148435989516,0,59
2023-12-11,SKU_13,Category_4,46,863.148435989516,0,54
2023-12-12,SKU_13,Category_4,27,863.148435989516,0,97
2023-12-13,SKU_13,Category_4,29,863.148435989516,0,49
2023-12-14,SKU_13,Category_4,35,863.148435989516,0,72
2023-12-15,SKU_13,Category_4,29,863.148435989516,0,29
2023-12-16,SKU_13,Category_4,56,863.148435989516,0,93
2023-12-17,SKU_13,Category_4,43,863.148435989516,0,92
2023-12-18,SKU_13,Category_4,38,863.148435989516,0,53
2023-12-19,SKU_13,Category_4,26,863.148435989516,0,26
2023-12-20,SKU_13,Category_4,14,863.148435989516,0,14
2023-12-21,SKU_13,Category_4,48,863.148435989516,1,49
2023-12-22,SKU_13,Category_4,27,863.148435989516,0,60
2023-12-23,SKU_13,Category_4,22,863.148435989516,0,22
2023-12-24,SKU_13,Category_4,41,863.148435989516,0,77
2023-12-25,SKU_13,Category_4,43,863.148435989516,0,96
2023-12-26,SKU_13,Category_4,12,863.148435989516,0,12
2023-12-27,SKU_13,Category_4,34,863.148435989516,0,52
2023-12-28,SKU_13,Category_4,32,863.148435989516,0,45
2023-12-29,SKU_13,Category_4,20,863.148435989516,0,20
2023-12-30,SKU_13,Category_4,72,863.148435989516,1,75
2023-12-31,SKU_13,Category_4,47,863.148435989516,0,56
2023-01-01,SKU_14,Category_5,61,700.0767403142598,1,99
2023-01-02,SKU_14,Category_5,31,700.0767403142598,0,31
2023-01-03,SKU_14,Category_5,26,700.0767403142598,0,90
2023-01-04,SKU_14,Category_5,38,700.0767403142598,0,95
2023-01-05,SKU_14,Category_5,30,700.0767403142598,0,89
2023-01-06,SKU_14,Category_5,36,700.0767403142598,0,50
2023-01-07,SKU_14,Category_5,52,700.0767403142598,0,89
2023-01-08,SKU_14,Category_5,40,700.0767403142598,0,65
2023-01-09,SKU_14,Category_5,31,700.0767403142598,0,66
2023-01-10,SKU_14,Category_5,19,700.0767403142598,0,19
2023-01-11,SKU_14,Category_5,32,700.0767403142598,0,92
2023-01-12,SKU_14,Category_5,40,700.0767403142598,0,72
2023-01-13,SKU_14,Category_5,30,700.0767403142598,0,30
2023-01-14,SKU_14,Category_5,44,700.0767403142598,0,60
2023-01-15,SKU_14,Category_5,62,700.0767403142598,1,66
2023-01-16,SKU_14,Category_5,31,700.0767403142598,0,85
2023-01-17,SKU_14,Category_5,28,700.0767403142598,0,64
2023-01-18,SKU_14,Category_5,34,700.0767403142598,0,62
2023-01-19,SKU_14,Category_5,28,700.0767403142598,0,66
2023-01-20,SKU_14,Category_5,39,700.0767403142598,1,39
2023-01-21,SKU_14,Category_5,16,700.0767403142598,0,16
2023-01-22,SKU_14,Category_5,44,700.0767403142598,0,45
2023-01-23,SKU_14,Category_5,28,700.0767403142598,0,52
2023-01-24,SKU_14,Category_5,36,700.0767403142598,0,54
2023-01-25,SKU_14,Category_5,24,700.0767403142598,0,24
2023-01-26,SKU_14,Category_5,35,700.0767403142598,0,99
2023-01-27,SKU_14,Category_5,34,700.0767403142598,0,77
2023-01-28,SKU_14,Category_5,52,700.0767403142598,0,64
2023-01-29,SKU_14,Category_5,37,700.0767403142598,1,37
2023-01-30,SKU_14,Category_5,12,700.0767403142598,0,12
2023-01-31,SKU_14,Category_5,34,700.0767403142598,0,34
2023-02-01,SKU_14,Category_5,23,700.0767403142598,0,64
2023-02-02,SKU_14,Category_5,40,700.0767403142598,0,68
2023-02-03,SKU_14,Category_5,42,700.0767403142598,0,50
2023-02-04,SKU_14,Category_5,36,700.0767403142598,0,36
2023-02-05,SKU_14,Category_5,35,700.0767403142598,0,63
2023-02-06,SKU_14,Category_5,55,700.0767403142598,1,92
2023-02-07,SKU_14,Category_5,35,700.0767403142598,0,63
2023-02-08,SKU_14,Category_5,16,700.0767403142598,0,16
2023-02-09,SKU_14,Category_5,32,700.0767403142598,0,77
2023-02-10,SKU_14,Category_5,28,700.0767403142598,0,28
2023-02-11,SKU_14,Category_5,30,700.0767403142598,0,67
2023-02-12,SKU_14,Category_5,46,700.0767403142598,0,85
2023-02-13,SKU_14,Category_5,19,700.0767403142598,0,19
2023-02-14,SKU_14,Category_5,34,700.0767403142598,0,34
2023-02-15,SKU_14,Category_5,33,700.0767403142598,0,45
2023-02-16,SKU_14,Category_5,40,700.0767403142598,0,96
2023-02-17,SKU_14,Category_5,26,700.0767403142598,0,26
2023-02-18,SKU_14,Category_5,31,700.0767403142598,0,31
2023-02-19,SKU_14,Category_5,23,700.0767403142598,0,23
2023-02-20,SKU_14,Category_5,38,700.0767403142598,0,73
2023-02-21,SKU_14,Category_5,29,700.0767403142598,0,48
2023-02-22,SKU_14,Category_5,30,700.0767403142598,0,54
2023-02-23,SKU_14,Category_5,35,700.0767403142598,0,88
2023-02-24,SKU_14,Category_5,42,700.0767403142598,0,80
2023-02-25,SKU_14,Category_5,10,700.0767403142598,0,10
2023-02-26,SKU_14,Category_5,37,700.0767403142598,0,83
2023-02-27,SKU_14,Category_5,39,700.0767403142598,0,62
2023-02-28,SKU_14,Category_5,37,700.0767403142598,0,66
2023-03-01,SKU_14,Category_5,33,700.0767403142598,0,54
2023-03-02,SKU_14,Category_5,27,700.0767403142598,0,52
2023-03-03,SKU_14,Category_5,30,700.0767403142598,0,85
2023-03-04,SKU_14,Category_5,40,700.0767403142598,0,82
2023-03-05,SKU_14,Category_5,20,700.0767403142598,0,20
2023-03-06,SKU_14,Category_5,28,700.0767403142598,0,28
2023-03-07,SKU_14,Category_5,26,700.0767403142598,0,26
2023-03-08,SKU_14,Category_5,33,700.0767403142598,0,33
2023-03-09,SKU_14,Category_5,15,700.0767403142598,0,15
2023-03-10,SKU_14,Category_5,28,700.0767403142598,0,47
2023-03-11,SKU_14,Category_5,62,700.0767403142598,1,87
2023-03-12,SKU_14,Category_5,33,700.0767403142598,0,64
2023-03-13,SKU_14,Category_5,25,700.0767403142598,0,25
2023-03-14,SKU_14,Category_5,32,700.0767403142598,0,80
2023-03-15,SKU_14,Category_5,30,700.0767403142598,0,59
2023-03-16,SKU_14,Category_5,37,700.0767403142598,0,94
2023-03-17,SKU_14,Category_5,36,700.0767403142598,0,63
2023-03-18,SKU_14,Category_5,41,700.0767403142598,0,41
2023-03-19,SKU_14,Category_5,41,700.0767403142598,0,41
2023-03-20,SKU_14,Category_5,40,700.0767403142598,0,47
2023-03-21,SKU_14,Category_5,20,700.0767403142598,1,20
2023-03-22,SKU_14,Category_5,35,700.0767403142598,0,46
2023-03-23,SKU_14,Category_5,16,700.0767403142598,0,16
2023-03-24,SKU_14,Category_5,37,700.0767403142598,0,51
2023-03-25,SKU_14,Category_5,46,700.0767403142598,0,58
2023-03-26,SKU_14,Category_5,12,700.0767403142598,0,12
2023-03-27,SKU_14,Category_5,35,700.0767403142598,0,98
2023-03-28,SKU_14,Category_5,30,700.0767403142598,0,33
2023-03-29,SKU_14,Category_5,27,700.0767403142598,0,71
2023-03-30,SKU_14,Category_5,15,700.0767403142598,0,15
2023-03-31,SKU_14,Category_5,31,700.0767403142598,0,49
2023-04-01,SKU_14,Category_5,36,700.0767403142598,0,37
2023-04-02,SKU_14,Category_5,50,700.0767403142598,0,50
2023-04-03,SKU_14,Category_5,30,700.0767403142598,0,32
2023-04-04,SKU_14,Category_5,34,700.0767403142598,0,54
2023-04-05,SKU_14,Category_5,30,700.0767403142598,0,31
2023-04-06,SKU_14,Category_5,24,700.0767403142598,0,24
2023-04-07,SKU_14,Category_5,34,700.0767403142598,0,55
2023-04-08,SKU_14,Category_5,43,700.0767403142598,0,97
2023-04-09,SKU_14,Category_5,33,700.0767403142598,0,75
2023-04-10,SKU_14,Category_5,32,700.0767403142598,0,57
2023-04-11,SKU_14,Category_5,34,700.0767403142598,0,34
2023-04-12,SKU_14,Category_5,32,700.0767403142598,0,51
2023-04-13,SKU_14,Category_5,36,700.0767403142598,0,76
2023-04-14,SKU_14,Category_5,49,700.0767403142598,0,55
2023-04-15,SKU_14,Category_5,43,700.0767403142598,0,58
2023-04-16,SKU_14,Category_5,21,700.0767403142598,0,21
2023-04-17,SKU_14,Category_5,33,700.0767403142598,0,75
2023-04-18,SKU_14,Category_5,31,700.0767403142598,0,72
2023-04-19,SKU_14,Category_5,51,700.0767403142598,1,82
2023-04-20,SKU_14,Category_5,27,700.0767403142598,0,56
2023-04-21,SKU_14,Category_5,31,700.0767403142598,1,31
2023-04-22,SKU_14,Category_5,42,700.0767403142598,0,69
2023-04-23,SKU_14,Category_5,44,700.0767403142598,0,67
2023-04-24,SKU_14,Category_5,32,700.0767403142598,0,94
2023-04-25,SKU_14,Category_5,28,700.0767403142598,0,61
2023-04-26,SKU_14,Category_5,31,700.0767403142598,0,46
2023-04-27,SKU_14,Category_5,35,700.0767403142598,0,55
2023-04-28,SKU_14,Category_5,18,700.0767403142598,0,18
2023-04-29,SKU_14,Category_5,40,700.0767403142598,0,98
2023-04-30,SKU_14,Category_5,25,700.0767403142598,0,25
2023-05-01,SKU_14,Category_5,27,700.0767403142598,0,27
2023-05-02,SKU_14,Category_5,34,700.0767403142598,1,34
2023-05-03,SKU_14,Category_5,30,700.0767403142598,0,74
2023-05-04,SKU_14,Category_5,20,700.0767403142598,0,20
2023-05-05,SKU_14,Category_5,33,700.0767403142598,0,58
2023-05-06,SKU_14,Category_5,43,700.0767403142598,0,75
2023-05-07,SKU_14,Category_5,42,700.0767403142598,0,84
2023-05-08,SKU_14,Category_5,31,700.0767403142598,0,31
2023-05-09,SKU_14,Category_5,20,700.0767403142598,0,20
2023-05-10,SKU_14,Category_5,21,700.0767403142598,0,70
2023-05-11,SKU_14,Category_5,20,700.0767403142598,0,20
2023-05-12,SKU_14,Category_5,35,700.0767403142598,0,57
2023-05-13,SKU_14,Category_5,44,700.0767403142598,0,73
2023-05-14,SKU_14,Category_5,45,700.0767403142598,0,86
2023-05-15,SKU_14,Category_5,28,700.0767403142598,0,39
2023-05-16,SKU_14,Category_5,23,700.0767403142598,0,23
2023-05-17,SKU_14,Category_5,15,700.0767403142598,0,15
2023-05-18,SKU_14,Category_5,43,700.0767403142598,0,68
2023-05-19,SKU_14,Category_5,33,700.0767403142598,0,33
2023-05-20,SKU_14,Category_5,35,700.0767403142598,0,57
2023-05-21,SKU_14,Category_5,54,700.0767403142598,0,97
2023-05-22,SKU_14,Category_5,32,700.0767403142598,0,67
2023-05-23,SKU_14,Category_5,34,700.0767403142598,0,65
2023-05-24,SKU_14,Category_5,31,700.0767403142598,0,89
2023-05-25,SKU_14,Category_5,58,700.0767403142598,1,77
2023-05-26,SKU_14,Category_5,17,700.0767403142598,0,17
2023-05-27,SKU_14,Category_5,22,700.0767403142598,0,22
2023-05-28,SKU_14,Category_5,23,700.0767403142598,0,23
2023-05-29,SKU_14,Category_5,31,700.0767403142598,0,95
2023-05-30,SKU_14,Category_5,33,700.0767403142598,0,66
2023-05-31,SKU_14,Category_5,31,700.0767403142598,0,66
2023-06-01,SKU_14,Category_5,17,700.0767403142598,0,17
2023-06-02,SKU_14,Category_5,48,700.0767403142598,0,68
2023-06-03,SKU_14,Category_5,63,700.0767403142598,1,89
2023-06-04,SKU_14,Category_5,26,700.0767403142598,0,26
2023-06-05,SKU_14,Category_5,36,700.0767403142598,0,79
2023-06-06,SKU_14,Category_5,16,700.0767403142598,1,16
2023-06-07,SKU_14,Category_5,21,700.0767403142598,0,21
2023-06-08,SKU_14,Category_5,32,700.0767403142598,0,61
2023-06-09,SKU_14,Category_5,30,700.0767403142598,0,81
2023-06-10,SKU_14,Category_5,37,700.0767403142598,0,38
2023-06-11,SKU_14,Category_5,40,700.0767403142598,0,70
2023-06-12,SKU_14,Category_5,36,700.0767403142598,0,81
2023-06-13,SKU_14,Category_5,38,700.0767403142598,0,58
2023-06-14,SKU_14,Category_5,27,700.0767403142598,0,47
2023-06-15,SKU_14,Category_5,36,700.0767403142598,0,63
2023-06-16,SKU_14,Category_5,22,700.0767403142598,0,22
2023-06-17,SKU_14,Category_5,23,700.0767403142598,0,23
2023-06-18,SKU_14,Category_5,40,700.0767403142598,0,67
2023-06-19,SKU_14,Category_5,38,700.0767403142598,0,81
2023-06-20,SKU_14,Category_5,16,700.0767403142598,0,16
2023-06-21,SKU_14,Category_5,34,700.0767403142598,0,41
2023-06-22,SKU_14,Category_5,57,700.0767403142598,1,82
2023-06-23,SKU_14,Category_5,32,700.0767403142598,0,46
2023-06-24,SKU_14,Category_5,52,700.0767403142598,0,52
2023-06-25,SKU_14,Category_5,46,700.0767403142598,0,53
2023-06-26,SKU_14,Category_5,36,700.0767403142598,0,79
2023-06-27,SKU_14,Category_5,15,700.0767403142598,0,15
2023-06-28,SKU_14,Category_5,31,700.0767403142598,0,75
2023-06-29,SKU_14,Category_5,31,700.0767403142598,0,89
2023-06-30,SKU_14,Category_5,36,700.0767403142598,0,56
2023-07-01,SKU_14,Category_5,49,700.0767403142598,0,99
2023-07-02,SKU_14,Category_5,10,700.0767403142598,0,10
2023-07-03,SKU_14,Category_5,32,700.0767403142598,0,32
2023-07-04,SKU_14,Category_5,34,700.0767403142598,0,69
2023-07-05,SKU_14,Category_5,32,700.0767403142598,0,85
2023-07-06,SKU_14,Category_5,14,700.0767403142598,0,14
2023-07-07,SKU_14,Category_5,32,700.0767403142598,0,59
2023-07-08,SKU_14,Category_5,61,700.0767403142598,1,81
2023-07-09,SKU_14,Category_5,66,700.0767403142598,1,78
2023-07-10,SKU_14,Category_5,32,700.0767403142598,0,66
2023-07-11,SKU_14,Category_5,25,700.0767403142598,0,76
2023-07-12,SKU_14,Category_5,49,700.0767403142598,1,54
2023-07-13,SKU_14,Category_5,35,700.0767403142598,0,55
2023-07-14,SKU_14,Category_5,24,700.0767403142598,0,90
2023-07-15,SKU_14,Category_5,41,700.0767403142598,0,72
2023-07-16,SKU_14,Category_5,25,700.0767403142598,1,25
2023-07-17,SKU_14,Category_5,34,700.0767403142598,0,34
2023-07-18,SKU_14,Category_5,28,700.0767403142598,0,43
2023-07-19,SKU_14,Category_5,29,700.0767403142598,0,38
2023-07-20,SKU_14,Category_5,34,700.0767403142598,0,66
2023-07-21,SKU_14,Category_5,25,700.0767403142598,0,25
2023-07-22,SKU_14,Category_5,13,700.0767403142598,0,13
2023-07-23,SKU_14,Category_5,36,700.0767403142598,0,64
2023-07-24,SKU_14,Category_5,39,700.0767403142598,1,73
2023-07-25,SKU_14,Category_5,47,700.0767403142598,1,90
2023-07-26,SKU_14,Category_5,30,700.0767403142598,0,68
2023-07-27,SKU_14,Category_5,34,700.0767403142598,0,89
2023-07-28,SKU_14,Category_5,32,700.0767403142598,0,32
2023-07-29,SKU_14,Category_5,43,700.0767403142598,0,61
2023-07-30,SKU_14,Category_5,44,700.0767403142598,0,92
2023-07-31,SKU_14,Category_5,35,700.0767403142598,0,75
2023-08-01,SKU_14,Category_5,23,700.0767403142598,0,23
2023-08-02,SKU_14,Category_5,59,700.0767403142598,1,98
2023-08-03,SKU_14,Category_5,29,700.0767403142598,0,37
2023-08-04,SKU_14,Category_5,34,700.0767403142598,0,86
2023-08-05,SKU_14,Category_5,44,700.0767403142598,0,46
2023-08-06,SKU_14,Category_5,36,700.0767403142598,0,42
2023-08-07,SKU_14,Category_5,61,700.0767403142598,1,86
2023-08-08,SKU_14,Category_5,23,700.0767403142598,0,72
2023-08-09,SKU_14,Category_5,30,700.0767403142598,0,39
2023-08-10,SKU_14,Category_5,16,700.0767403142598,0,16
2023-08-11,SKU_14,Category_5,38,700.0767403142598,0,67
2023-08-12,SKU_14,Category_5,19,700.0767403142598,0,19
2023-08-13,SKU_14,Category_5,40,700.0767403142598,0,54
2023-08-14,SKU_14,Category_5,20,700.0767403142598,0,20
2023-08-15,SKU_14,Category_5,35,700.0767403142598,0,43
2023-08-16,SKU_14,Category_5,49,700.0767403142598,1,49
2023-08-17,SKU_14,Category_5,32,700.0767403142598,0,37
2023-08-18,SKU_14,Category_5,36,700.0767403142598,0,62
2023-08-19,SKU_14,Category_5,45,700.0767403142598,0,45
2023-08-20,SKU_14,Category_5,31,700.0767403142598,0,31
2023-08-21,SKU_14,Category_5,20,700.0767403142598,0,78
2023-08-22,SKU_14,Category_5,16,700.0767403142598,1,16
2023-08-23,SKU_14,Category_5,31,700.0767403142598,0,86
2023-08-24,SKU_14,Category_5,37,700.0767403142598,0,76
2023-08-25,SKU_14,Category_5,12,700.0767403142598,0,12
2023-08-26,SKU_14,Category_5,14,700.0767403142598,0,14
2023-08-27,SKU_14,Category_5,40,700.0767403142598,0,63
2023-08-28,SKU_14,Category_5,28,700.0767403142598,0,68
2023-08-29,SKU_14,Category_5,30,700.0767403142598,0,73
2023-08-30,SKU_14,Category_5,33,700.0767403142598,0,63
2023-08-31,SKU_14,Category_5,27,700.0767403142598,0,87
2023-09-01,SKU_14,Category_5,32,700.0767403142598,0,49
2023-09-02,SKU_14,Category_5,46,700.0767403142598,0,57
2023-09-03,SKU_14,Category_5,39,700.0767403142598,0,89
2023-09-04,SKU_14,Category_5,30,700.0767403142598,0,80
2023-09-05,SKU_14,Category_5,25,700.0767403142598,0,37
2023-09-06,SKU_14,Category_5,34,700.0767403142598,0,42
2023-09-07,SKU_14,Category_5,32,700.0767403142598,0,83
2023-09-08,SKU_14,Category_5,34,700.0767403142598,0,34
2023-09-09,SKU_14,Category_5,35,700.0767403142598,0,35
2023-09-10,SKU_14,Category_5,56,700.0767403142598,0,80
2023-09-11,SKU_14,Category_5,32,700.0767403142598,0,53
2023-09-12,SKU_14,Category_5,43,700.0767403142598,0,92
2023-09-13,SKU_14,Category_5,22,700.0767403142598,0,22
2023-09-14,SKU_14,Category_5,21,700.0767403142598,0,21
2023-09-15,SKU_14,Category_5,37,700.0767403142598,0,43
2023-09-16,SKU_14,Category_5,39,700.0767403142598,0,42
2023-09-17,SKU_14,Category_5,45,700.0767403142598,0,80
2023-09-18,SKU_14,Category_5,32,700.0767403142598,1,32
2023-09-19,SKU_14,Category_5,35,700.0767403142598,0,73
2023-09-20,SKU_14,Category_5,32,700.0767403142598,0,66
2023-09-21,SKU_14,Category_5,36,700.0767403142598,0,46
2023-09-22,SKU_14,Category_5,35,700.0767403142598,0,96
2023-09-23,SKU_14,Category_5,45,700.0767403142598,0,95
2023-09-24,SKU_14,Category_5,43,700.0767403142598,0,89
2023-09-25,SKU_14,Category_5,38,700.0767403142598,0,87
2023-09-26,SKU_14,Category_5,34,700.0767403142598,0,86
2023-09-27,SKU_14,Category_5,13,700.0767403142598,0,13
2023-09-28,SKU_14,Category_5,24,700.0767403142598,0,24
2023-09-29,SKU_14,Category_5,48,700.0767403142598,1,48
2023-09-30,SKU_14,Category_5,45,700.0767403142598,0,45
2023-10-01,SKU_14,Category_5,53,700.0767403142598,0,94
2023-10-02,SKU_14,Category_5,30,700.0767403142598,0,62
2023-10-03,SKU_14,Category_5,36,700.0767403142598,0,59
2023-10-04,SKU_14,Category_5,39,700.0767403142598,0,65
2023-10-05,SKU_14,Category_5,34,700.0767403142598,0,78
2023-10-06,SKU_14,Category_5,37,700.0767403142598,0,96
2023-10-07,SKU_14,Category_5,48,700.0767403142598,0,93
2023-10-08,SKU_14,Category_5,26,700.0767403142598,1,26
2023-10-09,SKU_14,Category_5,22,700.0767403142598,0,22
2023-10-10,SKU_14,Category_5,45,700.0767403142598,0,71
2023-10-11,SKU_14,Category_5,40,700.0767403142598,0,85
2023-10-12,SKU_14,Category_5,30,700.0767403142598,0,84
2023-10-13,SKU_14,Category_5,10,700.0767403142598,0,10
2023-10-14,SKU_14,Category_5,37,700.0767403142598,0,37
2023-10-15,SKU_14,Category_5,44,700.0767403142598,0,44
2023-10-16,SKU_14,Category_5,31,700.0767403142598,0,83
2023-10-17,SKU_14,Category_5,25,700.0767403142598,0,25
2023-10-18,SKU_14,Category_5,25,700.0767403142598,0,71
2023-10-19,SKU_14,Category_5,30,700.0767403142598,0,92
2023-10-20,SKU_14,Category_5,29,700.0767403142598,0,74
2023-10-21,SKU_14,Category_5,33,700.0767403142598,0,33
2023-10-22,SKU_14,Category_5,45,700.0767403142598,0,84
2023-10-23,SKU_14,Category_5,35,700.0767403142598,0,65
2023-10-24,SKU_14,Category_5,36,700.0767403142598,0,74
2023-10-25,SKU_14,Category_5,51,700.0767403142598,1,74
2023-10-26,SKU_14,Category_5,29,700.0767403142598,0,77
2023-10-27,SKU_14,Category_5,41,700.0767403142598,0,70
2023-10-28,SKU_14,Category_5,37,700.0767403142598,0,77
2023-10-29,SKU_14,Category_5,43,700.0767403142598,0,58
2023-10-30,SKU_14,Category_5,35,700.0767403142598,0,42
2023-10-31,SKU_14,Category_5,36,700.0767403142598,0,98
2023-11-01,SKU_14,Category_5,10,700.0767403142598,0,10
2023-11-02,SKU_14,Category_5,30,700.0767403142598,0,30
2023-11-03,SKU_14,Category_5,41,700.0767403142598,0,44
2023-11-04,SKU_14,Category_5,41,700.0767403142598,0,76
2023-11-05,SKU_14,Category_5,11,700.0767403142598,0,11
2023-11-06,SKU_14,Category_5,27,700.0767403142598,0,27
2023-11-07,SKU_14,Category_5,32,700.0767403142598,0,41
2023-11-08,SKU_14,Category_5,28,700.0767403142598,0,80
2023-11-09,SKU_14,Category_5,52,700.0767403142598,1,96
2023-11-10,SKU_14,Category_5,19,700.0767403142598,0,19
2023-11-11,SKU_14,Category_5,45,700.0767403142598,0,45
2023-11-12,SKU_14,Category_5,17,700.0767403142598,0,17
2023-11-13,SKU_14,Category_5,38,700.0767403142598,0,93
2023-11-14,SKU_14,Category_5,28,700.0767403142598,0,76
2023-11-15,SKU_14,Category_5,27,700.0767403142598,0,27
2023-11-16,SKU_14,Category_5,30,700.0767403142598,0,94
2023-11-17,SKU_14,Category_5,24,700.0767403142598,0,24
2023-11-18,SKU_14,Category_5,68,700.0767403142598,1,99
2023-11-19,SKU_14,Category_5,42,700.0767403142598,0,75
2023-11-20,SKU_14,Category_5,20,700.0767403142598,0,20
2023-11-21,SKU_14,Category_5,28,700.0767403142598,0,43
2023-11-22,SKU_14,Category_5,25,700.0767403142598,0,38
2023-11-23,SKU_14,Category_5,32,700.0767403142598,0,78
2023-11-24,SKU_14,Category_5,34,700.0767403142598,0,86
2023-11-25,SKU_14,Category_5,41,700.0767403142598,0,84
2023-11-26,SKU_14,Category_5,38,700.0767403142598,0,61
2023-11-27,SKU_14,Category_5,36,700.0767403142598,0,44
2023-11-28,SKU_14,Category_5,17,700.0767403142598,0,17
2023-11-29,SKU_14,Category_5,17,700.0767403142598,0,17
2023-11-30,SKU_14,Category_5,40,700.0767403142598,0,84
2023-12-01,SKU_14,Category_5,40,700.0767403142598,0,84
2023-12-02,SKU_14,Category_5,21,700.0767403142598,0,21
2023-12-03,SKU_14,Category_5,27,700.0767403142598,0,27
2023-12-04,SKU_14,Category_5,34,700.0767403142598,0,51
2023-12-05,SKU_14,Category_5,47,700.0767403142598,1,99
2023-12-06,SKU_14,Category_5,20,700.0767403142598,0,26
2023-12-07,SKU_14,Category_5,32,700.0767403142598,0,62
2023-12-08,SKU_14,Category_5,40,700.0767403142598,0,86
2023-12-09,SKU_14,Category_5,31,700.0767403142598,0,54
2023-12-10,SKU_14,Category_5,45,700.0767403142598,0,47
2023-12-11,SKU_14,Category_5,27,700.0767403142598,0,45
2023-12-12,SKU_14,Category_5,36,700.0767403142598,0,67
2023-12-13,SKU_14,Category_5,36,700.0767403142598,0,57
2023-12-14,SKU_14,Category_5,34,700.0767403142598,0,34
2023-12-15,SKU_14,Category_5,28,700.0767403142598,0,28
2023-12-16,SKU_14,Category_5,39,700.0767403142598,0,89
2023-12-17,SKU_14,Category_5,27,700.0767403142598,0,27
2023-12-18,SKU_14,Category_5,35,700.0767403142598,0,39
2023-12-19,SKU_14,Category_5,34,700.0767403142598,0,66
2023-12-20,SKU_14,Category_5,35,700.0767403142598,0,73
2023-12-21,SKU_14,Category_5,26,700.0767403142598,0,59
2023-12-22,SKU_14,Category_5,33,700.0767403142598,0,86
2023-12-23,SKU_14,Category_5,37,700.0767403142598,0,94
2023-12-24,SKU_14,Category_5,20,700.0767403142598,0,20
2023-12-25,SKU_14,Category_5,20,700.0767403142598,0,20
2023-12-26,SKU_14,Category_5,38,700.0767403142598,0,89
2023-12-27,SKU_14,Category_5,30,700.0767403142598,0,40
2023-12-28,SKU_14,Category_5,37,700.0767403142598,0,53
2023-12-29,SKU_14,Category_5,48,700.0767403142598,1,88
2023-12-30,SKU_14,Category_5,68,700.0767403142598,1,93
2023-12-31,SKU_14,Category_5,44,700.0767403142598,0,95
2023-01-01,SKU_15,Category_1,47,1744.8770464804381,0,62
2023-01-02,SKU_15,Category_1,29,1744.8770464804381,0,93
2023-01-03,SKU_15,Category_1,15,1744.8770464804381,1,15
2023-01-04,SKU_15,Category_1,39,1744.8770464804381,0,88
2023-01-05,SKU_15,Category_1,31,1744.8770464804381,0,99
2023-01-06,SKU_15,Category_1,51,1744.8770464804381,1,61
2023-01-07,SKU_15,Category_1,38,1744.8770464804381,0,62
2023-01-08,SKU_15,Category_1,24,1744.8770464804381,1,24
2023-01-09,SKU_15,Category_1,37,1744.8770464804381,0,56
2023-01-10,SKU_15,Category_1,40,1744.8770464804381,0,93
2023-01-11,SKU_15,Category_1,45,1744.8770464804381,0,53
2023-01-12,SKU_15,Category_1,23,1744.8770464804381,0,23
2023-01-13,SKU_15,Category_1,34,1744.8770464804381,0,51
2023-01-14,SKU_15,Category_1,45,1744.8770464804381,0,95
2023-01-15,SKU_15,Category_1,42,1744.8770464804381,0,79
2023-01-16,SKU_15,Category_1,41,1744.8770464804381,0,59
2023-01-17,SKU_15,Category_1,36,1744.8770464804381,0,67
2023-01-18,SKU_15,Category_1,34,1744.8770464804381,0,52
2023-01-19,SKU_15,Category_1,10,1744.8770464804381,0,10
2023-01-20,SKU_15,Category_1,36,1744.8770464804381,0,73
2023-01-21,SKU_15,Category_1,48,1744.8770464804381,0,60
2023-01-22,SKU_15,Category_1,24,1744.8770464804381,0,24
2023-01-23,SKU_15,Category_1,34,1744.8770464804381,0,38
2023-01-24,SKU_15,Category_1,34,1744.8770464804381,0,34
2023-01-25,SKU_15,Category_1,24,1744.8770464804381,0,67
2023-01-26,SKU_15,Category_1,11,1744.8770464804381,0,11
2023-01-27,SKU_15,Category_1,28,1744.8770464804381,0,71
2023-01-28,SKU_15,Category_1,46,1744.8770464804381,0,90
2023-01-29,SKU_15,Category_1,37,1744.8770464804381,0,37
2023-01-30,SKU_15,Category_1,26,1744.8770464804381,0,45
2023-01-31,SKU_15,Category_1,15,1744.8770464804381,0,15
2023-02-01,SKU_15,Category_1,21,1744.8770464804381,0,21
2023-02-02,SKU_15,Category_1,49,1744.8770464804381,1,90
2023-02-03,SKU_15,Category_1,34,1744.8770464804381,0,96
2023-02-04,SKU_15,Category_1,51,1744.8770464804381,0,76
2023-02-05,SKU_15,Category_1,45,1744.8770464804381,0,97
2023-02-06,SKU_15,Category_1,36,1744.8770464804381,0,47
2023-02-07,SKU_15,Category_1,32,1744.8770464804381,0,77
2023-02-08,SKU_15,Category_1,38,1744.8770464804381,0,80
2023-02-09,SKU_15,Category_1,37,1744.8770464804381,0,60
2023-02-10,SKU_15,Category_1,22,1744.8770464804381,0,22
2023-02-11,SKU_15,Category_1,33,1744.8770464804381,0,33
2023-02-12,SKU_15,Category_1,32,1744.8770464804381,0,32
2023-02-13,SKU_15,Category_1,42,1744.8770464804381,0,88
2023-02-14,SKU_15,Category_1,34,1744.8770464804381,0,38
2023-02-15,SKU_15,Category_1,34,1744.8770464804381,0,57
2023-02-16,SKU_15,Category_1,19,1744.8770464804381,0,19
2023-02-17,SKU_15,Category_1,40,1744.8770464804381,0,76
2023-02-18,SKU_15,Category_1,51,1744.8770464804381,0,89
2023-02-19,SKU_15,Category_1,15,1744.8770464804381,0,15
2023-02-20,SKU_15,Category_1,31,1744.8770464804381,0,57
2023-02-21,SKU_15,Category_1,30,1744.8770464804381,0,42
2023-02-22,SKU_15,Category_1,27,1744.8770464804381,0,27
2023-02-23,SKU_15,Category_1,22,1744.8770464804381,1,22
2023-02-24,SKU_15,Category_1,12,1744.8770464804381,0,12
2023-02-25,SKU_15,Category_1,43,1744.8770464804381,0,64
2023-02-26,SKU_15,Category_1,42,1744.8770464804381,0,42
2023-02-27,SKU_15,Category_1,24,1744.8770464804381,0,24
2023-02-28,SKU_15,Category_1,16,1744.8770464804381,0,16
2023-03-01,SKU_15,Category_1,29,1744.8770464804381,0,30
2023-03-02,SKU_15,Category_1,15,1744.8770464804381,0,15
2023-03-03,SKU_15,Category_1,34,1744.8770464804381,0,59
2023-03-04,SKU_15,Category_1,39,1744.8770464804381,0,39
2023-03-05,SKU_15,Category_1,21,1744.8770464804381,0,21
2023-03-06,SKU_15,Category_1,31,1744.8770464804381,0,45
2023-03-07,SKU_15,Category_1,23,1744.8770464804381,1,23
2023-03-08,SKU_15,Category_1,18,1744.8770464804381,0,18
2023-03-09,SKU_15,Category_1,36,1744.8770464804381,0,81
2023-03-10,SKU_15,Category_1,34,1744.8770464804381,0,47
2023-03-11,SKU_15,Category_1,45,1744.8770464804381,0,57
2023-03-12,SKU_15,Category_1,46,1744.8770464804381,0,76
2023-03-13,SKU_15,Category_1,34,1744.8770464804381,0,75
2023-03-14,SKU_15,Category_1,34,1744.8770464804381,0,67
2023-03-15,SKU_15,Category_1,15,1744.8770464804381,0,15
2023-03-16,SKU_15,Category_1,31,1744.8770464804381,0,51
2023-03-17,SKU_15,Category_1,29,1744.8770464804381,1,29
2023-03-18,SKU_15,Category_1,32,1744.8770464804381,0,32
2023-03-19,SKU_15,Category_1,22,1744.8770464804381,0,22
2023-03-20,SKU_15,Category_1,36,1744.8770464804381,0,90
2023-03-21,SKU_15,Category_1,46,1744.8770464804381,1,46
2023-03-22,SKU_15,Category_1,37,1744.8770464804381,0,83
2023-03-23,SKU_15,Category_1,41,1744.8770464804381,0,60
2023-03-24,SKU_15,Category_1,38,1744.8770464804381,0,50
2023-03-25,SKU_15,Category_1,45,1744.8770464804381,0,66
2023-03-26,SKU_15,Category_1,47,1744.8770464804381,0,81
2023-03-27,SKU_15,Category_1,24,1744.8770464804381,0,82
2023-03-28,SKU_15,Category_1,41,1744.8770464804381,0,71
2023-03-29,SKU_15,Category_1,17,1744.8770464804381,0,17
2023-03-30,SKU_15,Category_1,39,1744.8770464804381,0,72
2023-03-31,SKU_15,Category_1,27,1744.8770464804381,0,66
2023-04-01,SKU_15,Category_1,27,1744.8770464804381,0,27
2023-04-02,SKU_15,Category_1,32,1744.8770464804381,0,32
2023-04-03,SKU_15,Category_1,32,1744.8770464804381,0,98
2023-04-04,SKU_15,Category_1,18,1744.8770464804381,0,18
2023-04-05,SKU_15,Category_1,36,1744.8770464804381,0,83
2023-04-06,SKU_15,Category_1,44,1744.8770464804381,0,45
2023-04-07,SKU_15,Category_1,26,1744.8770464804381,0,26
2023-04-08,SKU_15,Category_1,37,1744.8770464804381,0,37
2023-04-09,SKU_15,Category_1,44,1744.8770464804381,0,84
2023-04-10,SKU_15,Category_1,42,1744.8770464804381,0,95
2023-04-11,SKU_15,Category_1,31,1744.8770464804381,0,31
2023-04-12,SKU_15,Category_1,35,1744.8770464804381,0,49
2023-04-13,SKU_15,Category_1,18,1744.8770464804381,0,18
2023-04-14,SKU_15,Category_1,40,1744.8770464804381,0,72
2023-04-15,SKU_15,Category_1,22,1744.8770464804381,0,22
2023-04-16,SKU_15,Category_1,52,1744.8770464804381,0,88
2023-04-17,SKU_15,Category_1,26,1744.8770464804381,0,26
2023-04-18,SKU_15,Category_1,32,1744.8770464804381,0,64
2023-04-19,SKU_15,Category_1,16,1744.8770464804381,0,16
2023-04-20,SKU_15,Category_1,30,1744.8770464804381,0,63
2023-04-21,SKU_15,Category_1,34,1744.8770464804381,0,96
2023-04-22,SKU_15,Category_1,44,1744.8770464804381,0,70
2023-04-23,SKU_15,Category_1,55,1744.8770464804381,0,97
2023-04-24,SKU_15,Category_1,17,1744.8770464804381,0,17
2023-04-25,SKU_15,Category_1,27,1744.8770464804381,0,27
2023-04-26,SKU_15,Category_1,49,1744.8770464804381,1,79
2023-04-27,SKU_15,Category_1,39,1744.8770464804381,0,96
2023-04-28,SKU_15,Category_1,36,1744.8770464804381,0,94
2023-04-29,SKU_15,Category_1,23,1744.8770464804381,0,23
2023-04-30,SKU_15,Category_1,46,1744.8770464804381,0,50
2023-05-01,SKU_15,Category_1,10,1744.8770464804381,0,10
2023-05-02,SKU_15,Category_1,33,1744.8770464804381,0,36
2023-05-03,SKU_15,Category_1,36,1744.8770464804381,0,89
2023-05-04,SKU_15,Category_1,34,1744.8770464804381,0,65
2023-05-05,SKU_15,Category_1,36,1744.8770464804381,0,68
2023-05-06,SKU_15,Category_1,30,1744.8770464804381,0,30
2023-05-07,SKU_15,Category_1,49,1744.8770464804381,0,79
2023-05-08,SKU_15,Category_1,53,1744.8770464804381,1,53
2023-05-09,SKU_15,Category_1,25,1744.8770464804381,0,45
2023-05-10,SKU_15,Category_1,43,1744.8770464804381,1,46
2023-05-11,SKU_15,Category_1,28,1744.8770464804381,0,28
2023-05-12,SKU_15,Category_1,41,1744.8770464804381,0,65
2023-05-13,SKU_15,Category_1,38,1744.8770464804381,0,53
2023-05-14,SKU_15,Category_1,45,1744.8770464804381,0,51
2023-05-15,SKU_15,Category_1,29,1744.8770464804381,0,72
2023-05-16,SKU_15,Category_1,38,1744.8770464804381,0,56
2023-05-17,SKU_15,Category_1,43,1744.8770464804381,0,62
2023-05-18,SKU_15,Category_1,41,1744.8770464804381,0,74
2023-05-19,SKU_15,Category_1,31,1744.8770464804381,0,91
2023-05-20,SKU_15,Category_1,49,1744.8770464804381,0,82
2023-05-21,SKU_15,Category_1,12,1744.8770464804381,0,12
2023-05-22,SKU_15,Category_1,30,1744.8770464804381,0,65
2023-05-23,SKU_15,Category_1,39,1744.8770464804381,0,39
2023-05-24,SKU_15,Category_1,37,1744.8770464804381,0,90
2023-05-25,SKU_15,Category_1,18,1744.8770464804381,0,18
2023-05-26,SKU_15,Category_1,32,1744.8770464804381,0,90
2023-05-27,SKU_15,Category_1,19,1744.8770464804381,0,19
2023-05-28,SKU_15,Category_1,40,1744.8770464804381,0,89
2023-05-29,SKU_15,Category_1,38,1744.8770464804381,0,68
2023-05-30,SKU_15,Category_1,38,1744.8770464804381,0,50
2023-05-31,SKU_15,Category_1,42,1744.8770464804381,0,43
2023-06-01,SKU_15,Category_1,36,1744.8770464804381,0,79
2023-06-02,SKU_15,Category_1,27,1744.8770464804381,0,27
2023-06-03,SKU_15,Category_1,52,1744.8770464804381,0,64
2023-06-04,SKU_15,Category_1,55,1744.8770464804381,0,67
2023-06-05,SKU_15,Category_1,35,1744.8770464804381,0,63
2023-06-06,SKU_15,Category_1,17,1744.8770464804381,1,17
2023-06-07,SKU_15,Category_1,30,1744.8770464804381,0,82
2023-06-08,SKU_15,Category_1,37,1744.8770464804381,0,97
2023-06-09,SKU_15,Category_1,41,1744.8770464804381,0,70
2023-06-10,SKU_15,Category_1,34,1744.8770464804381,0,34
2023-06-11,SKU_15,Category_1,50,1744.8770464804381,0,72
2023-06-12,SKU_15,Category_1,12,1744.8770464804381,0,12
2023-06-13,SKU_15,Category_1,30,1744.8770464804381,0,45
2023-06-14,SKU_15,Category_1,35,1744.8770464804381,0,88
2023-06-15,SKU_15,Category_1,23,1744.8770464804381,0,54
2023-06-16,SKU_15,Category_1,30,1744.8770464804381,0,71
2023-06-17,SKU_15,Category_1,24,1744.8770464804381,0,24
2023-06-18,SKU_15,Category_1,29,1744.8770464804381,0,29
2023-06-19,SKU_15,Category_1,41,1744.8770464804381,0,88
2023-06-20,SKU_15,Category_1,17,1744.8770464804381,0,17
2023-06-21,SKU_15,Category_1,34,1744.8770464804381,0,76
2023-06-22,SKU_15,Category_1,49,1744.8770464804381,1,89
2023-06-23,SKU_15,Category_1,26,1744.8770464804381,0,26
2023-06-24,SKU_15,Category_1,41,1744.8770464804381,0,95
2023-06-25,SKU_15,Category_1,23,1744.8770464804381,0,23
2023-06-26,SKU_15,Category_1,29,1744.8770464804381,0,29
2023-06-27,SKU_15,Category_1,45,1744.8770464804381,0,67
2023-06-28,SKU_15,Category_1,33,1744.8770464804381,0,33
2023-06-29,SKU_15,Category_1,12,1744.8770464804381,0,12
2023-06-30,SKU_15,Category_1,51,1744.8770464804381,1,57
2023-07-01,SKU_15,Category_1,45,1744.8770464804381,0,89
2023-07-02,SKU_15,Category_1,42,1744.8770464804381,0,88
2023-07-03,SKU_15,Category_1,18,1744.8770464804381,0,18
2023-07-04,SKU_15,Category_1,28,1744.8770464804381,0,90
2023-07-05,SKU_15,Category_1,11,1744.8770464804381,0,11
2023-07-06,SKU_15,Category_1,12,1744.8770464804381,0,12
2023-07-07,SKU_15,Category_1,11,1744.8770464804381,0,11
2023-07-08,SKU_15,Category_1,31,1744.8770464804381,0,31
2023-07-09,SKU_15,Category_1,40,1744.8770464804381,0,40
2023-07-10,SKU_15,Category_1,34,1744.8770464804381,0,34
2023-07-11,SKU_15,Category_1,33,1744.8770464804381,0,97
2023-07-12,SKU_15,Category_1,35,1744.8770464804381,0,77
2023-07-13,SKU_15,Category_1,32,1744.8770464804381,0,42
2023-07-14,SKU_15,Category_1,36,1744.8770464804381,0,36
2023-07-15,SKU_15,Category_1,46,1744.8770464804381,0,87
2023-07-16,SKU_15,Category_1,50,1744.8770464804381,0,96
2023-07-17,SKU_15,Category_1,36,1744.8770464804381,0,45
2023-07-18,SKU_15,Category_1,13,1744.8770464804381,0,13
2023-07-19,SKU_15,Category_1,37,1744.8770464804381,0,74
2023-07-20,SKU_15,Category_1,38,1744.8770464804381,0,40
2023-07-21,SKU_15,Category_1,54,1744.8770464804381,1,96
2023-07-22,SKU_15,Category_1,22,1744.8770464804381,1,22
2023-07-23,SKU_15,Category_1,33,1744.8770464804381,0,33
2023-07-24,SKU_15,Category_1,11,1744.8770464804381,0,11
2023-07-25,SKU_15,Category_1,40,1744.8770464804381,0,40
2023-07-26,SKU_15,Category_1,33,1744.8770464804381,0,33
2023-07-27,SKU_15,Category_1,50,1744.8770464804381,1,92
2023-07-28,SKU_15,Category_1,46,1744.8770464804381,1,49
2023-07-29,SKU_15,Category_1,35,1744.8770464804381,0,93
2023-07-30,SKU_15,Category_1,14,1744.8770464804381,0,14
2023-07-31,SKU_15,Category_1,15,1744.8770464804381,0,15
2023-08-01,SKU_15,Category_1,51,1744.8770464804381,1,71
2023-08-02,SKU_15,Category_1,40,1744.8770464804381,0,99
2023-08-03,SKU_15,Category_1,17,1744.8770464804381,0,17
2023-08-04,SKU_15,Category_1,31,1744.8770464804381,0,93
2023-08-05,SKU_15,Category_1,35,1744.8770464804381,0,38
2023-08-06,SKU_15,Category_1,22,1744.8770464804381,0,22
2023-08-07,SKU_15,Category_1,35,1744.8770464804381,0,38
2023-08-08,SKU_15,Category_1,24,1744.8770464804381,0,92
2023-08-09,SKU_15,Category_1,36,1744.8770464804381,0,62
2023-08-10,SKU_15,Category_1,39,1744.8770464804381,0,39
2023-08-11,SKU_15,Category_1,30,1744.8770464804381,0,35
2023-08-12,SKU_15,Category_1,17,1744.8770464804381,0,17
2023-08-13,SKU_15,Category_1,43,1744.8770464804381,0,58
2023-08-14,SKU_15,Category_1,33,1744.8770464804381,0,80
2023-08-15,SKU_15,Category_1,37,1744.8770464804381,0,37
2023-08-16,SKU_15,Category_1,38,1744.8770464804381,0,54
2023-08-17,SKU_15,Category_1,15,1744.8770464804381,0,15
2023-08-18,SKU_15,Category_1,30,1744.8770464804381,0,54
2023-08-19,SKU_15,Category_1,38,1744.8770464804381,0,38
2023-08-20,SKU_15,Category_1,34,1744.8770464804381,0,34
2023-08-21,SKU_15,Category_1,21,1744.8770464804381,0,21
2023-08-22,SKU_15,Category_1,27,1744.8770464804381,0,99
2023-08-23,SKU_15,Category_1,32,1744.8770464804381,0,62
2023-08-24,SKU_15,Category_1,34,1744.8770464804381,0,37
2023-08-25,SKU_15,Category_1,38,1744.8770464804381,0,51
2023-08-26,SKU_15,Category_1,37,1744.8770464804381,0,47
2023-08-27,SKU_15,Category_1,42,1744.8770464804381,0,42
2023-08-28,SKU_15,Category_1,12,1744.8770464804381,0,12
2023-08-29,SKU_15,Category_1,34,1744.8770464804381,0,98
2023-08-30,SKU_15,Category_1,43,1744.8770464804381,0,56
2023-08-31,SKU_15,Category_1,32,1744.8770464804381,0,53
2023-09-01,SKU_15,Category_1,11,1744.8770464804381,0,11
2023-09-02,SKU_15,Category_1,29,1744.8770464804381,0,29
2023-09-03,SKU_15,Category_1,47,1744.8770464804381,0,79
2023-09-04,SKU_15,Category_1,15,1744.8770464804381,0,15
2023-09-05,SKU_15,Category_1,31,1744.8770464804381,0,31
2023-09-06,SKU_15,Category_1,37,1744.8770464804381,0,46
2023-09-07,SKU_15,Category_1,30,1744.8770464804381,0,70
2023-09-08,SKU_15,Category_1,24,1744.8770464804381,0,72
2023-09-09,SKU_15,Category_1,47,1744.8770464804381,0,94
2023-09-10,SKU_15,Category_1,56,1744.8770464804381,0,56
2023-09-11,SKU_15,Category_1,38,1744.8770464804381,0,51
2023-09-12,SKU_15,Category_1,40,1744.8770464804381,0,80
2023-09-13,SKU_15,Category_1,58,1744.8770464804381,1,58
2023-09-14,SKU_15,Category_1,56,1744.8770464804381,1,73
2023-09-15,SKU_15,Category_1,30,1744.8770464804381,0,72
2023-09-16,SKU_15,Category_1,45,1744.8770464804381,0,92
2023-09-17,SKU_15,Category_1,41,1744.8770464804381,0,67
2023-09-18,SKU_15,Category_1,23,1744.8770464804381,0,34
2023-09-19,SKU_15,Category_1,46,1744.8770464804381,1,90
2023-09-20,SKU_15,Category_1,33,1744.8770464804381,0,65
2023-09-21,SKU_15,Category_1,30,1744.8770464804381,0,76
2023-09-22,SKU_15,Category_1,12,1744.8770464804381,0,12
2023-09-23,SKU_15,Category_1,33,1744.8770464804381,0,33
2023-09-24,SKU_15,Category_1,47,1744.8770464804381,0,97
2023-09-25,SKU_15,Category_1,33,1744.8770464804381,0,57
2023-09-26,SKU_15,Category_1,40,1744.8770464804381,0,79
2023-09-27,SKU_15,Category_1,32,1744.8770464804381,0,43
2023-09-28,SKU_15,Category_1,29,1744.8770464804381,0,78
2023-09-29,SKU_15,Category_1,17,1744.8770464804381,0,17
2023-09-30,SKU_15,Category_1,40,1744.8770464804381,0,64
2023-10-01,SKU_15,Category_1,23,1744.8770464804381,0,23
2023-10-02,SKU_15,Category_1,38,1744.8770464804381,0,74
2023-10-03,SKU_15,Category_1,33,1744.8770464804381,0,94
2023-10-04,SKU_15,Category_1,34,1744.8770464804381,0,42
2023-10-05,SKU_15,Category_1,34,1744.8770464804381,0,35
2023-10-06,SKU_15,Category_1,35,1744.8770464804381,0,79
2023-10-07,SKU_15,Category_1,43,1744.8770464804381,0,85
2023-10-08,SKU_15,Category_1,48,1744.8770464804381,0,57
2023-10-09,SKU_15,Category_1,26,1744.8770464804381,0,53
2023-10-10,SKU_15,Category_1,34,1744.8770464804381,0,34
2023-10-11,SKU_15,Category_1,38,1744.8770464804381,0,51
2023-10-12,SKU_15,Category_1,27,1744.8770464804381,0,27
2023-10-13,SKU_15,Category_1,32,1744.8770464804381,0,62
2023-10-14,SKU_15,Category_1,35,1744.8770464804381,0,35
2023-10-15,SKU_15,Category_1,50,1744.8770464804381,0,92
2023-10-16,SKU_15,Category_1,12,1744.8770464804381,0,12
2023-10-17,SKU_15,Category_1,32,1744.8770464804381,0,53
2023-10-18,SKU_15,Category_1,35,1744.8770464804381,0,74
2023-10-19,SKU_15,Category_1,30,1744.8770464804381,0,39
2023-10-20,SKU_15,Category_1,33,1744.8770464804381,0,64
2023-10-21,SKU_15,Category_1,39,1744.8770464804381,0,65
2023-10-22,SKU_15,Category_1,34,1744.8770464804381,0,90
2023-10-23,SKU_15,Category_1,32,1744.8770464804381,0,73
2023-10-24,SKU_15,Category_1,29,1744.8770464804381,0,61
2023-10-25,SKU_15,Category_1,38,1744.8770464804381,0,77
2023-10-26,SKU_15,Category_1,43,1744.8770464804381,0,99
2023-10-27,SKU_15,Category_1,19,1744.8770464804381,0,19
2023-10-28,SKU_15,Category_1,40,1744.8770464804381,0,52
2023-10-29,SKU_15,Category_1,44,1744.8770464804381,0,83
2023-10-30,SKU_15,Category_1,26,1744.8770464804381,1,26
2023-10-31,SKU_15,Category_1,30,1744.8770464804381,0,76
2023-11-01,SKU_15,Category_1,47,1744.8770464804381,1,73
2023-11-02,SKU_15,Category_1,41,1744.8770464804381,1,41
2023-11-03,SKU_15,Category_1,31,1744.8770464804381,0,36
2023-11-04,SKU_15,Category_1,15,1744.8770464804381,0,15
2023-11-05,SKU_15,Category_1,46,1744.8770464804381,0,77
2023-11-06,SKU_15,Category_1,42,1744.8770464804381,0,53
2023-11-07,SKU_15,Category_1,40,1744.8770464804381,0,75
2023-11-08,SKU_15,Category_1,33,1744.8770464804381,0,67
2023-11-09,SKU_15,Category_1,25,1744.8770464804381,0,81
2023-11-10,SKU_15,Category_1,36,1744.8770464804381,0,67
2023-11-11,SKU_15,Category_1,53,1744.8770464804381,0,67
2023-11-12,SKU_15,Category_1,21,1744.8770464804381,0,21
2023-11-13,SKU_15,Category_1,34,1744.8770464804381,0,79
2023-11-14,SKU_15,Category_1,39,1744.8770464804381,0,61
2023-11-15,SKU_15,Category_1,37,1744.8770464804381,0,56
2023-11-16,SKU_15,Category_1,33,1744.8770464804381,0,51
2023-11-17,SKU_15,Category_1,44,1744.8770464804381,0,84
2023-11-18,SKU_15,Category_1,47,1744.8770464804381,0,68
2023-11-19,SKU_15,Category_1,43,1744.8770464804381,0,81
2023-11-20,SKU_15,Category_1,55,1744.8770464804381,1,56
2023-11-21,SKU_15,Category_1,34,1744.8770464804381,0,50
2023-11-22,SKU_15,Category_1,54,1744.8770464804381,1,66
2023-11-23,SKU_15,Category_1,35,1744.8770464804381,0,57
2023-11-24,SKU_15,Category_1,32,1744.8770464804381,0,96
2023-11-25,SKU_15,Category_1,51,1744.8770464804381,0,98
2023-11-26,SKU_15,Category_1,55,1744.8770464804381,0,95
2023-11-27,SKU_15,Category_1,11,1744.8770464804381,0,11
2023-11-28,SKU_15,Category_1,13,1744.8770464804381,1,13
2023-11-29,SKU_15,Category_1,39,1744.8770464804381,0,61
2023-11-30,SKU_15,Category_1,30,1744.8770464804381,0,35
2023-12-01,SKU_15,Category_1,40,1744.8770464804381,0,95
2023-12-02,SKU_15,Category_1,48,1744.8770464804381,0,61
2023-12-03,SKU_15,Category_1,37,1744.8770464804381,0,37
2023-12-04,SKU_15,Category_1,30,1744.8770464804381,0,30
2023-12-05,SKU_15,Category_1,32,1744.8770464804381,0,41
2023-12-06,SKU_15,Category_1,26,1744.8770464804381,1,26
2023-12-07,SKU_15,Category_1,26,1744.8770464804381,0,73
2023-12-08,SKU_15,Category_1,28,1744.8770464804381,0,46
2023-12-09,SKU_15,Category_1,34,1744.8770464804381,0,34
2023-12-10,SKU_15,Category_1,64,1744.8770464804381,1,72
2023-12-11,SKU_15,Category_1,32,1744.8770464804381,0,84
2023-12-12,SKU_15,Category_1,32,1744.8770464804381,0,87
2023-12-13,SKU_15,Category_1,39,1744.8770464804381,0,94
2023-12-14,SKU_15,Category_1,11,1744.8770464804381,0,11
2023-12-15,SKU_15,Category_1,38,1744.8770464804381,0,79
2023-12-16,SKU_15,Category_1,50,1744.8770464804381,0,67
2023-12-17,SKU_15,Category_1,41,1744.8770464804381,0,41
2023-12-18,SKU_15,Category_1,38,1744.8770464804381,0,42
2023-12-19,SKU_15,Category_1,60,1744.8770464804381,1,60
2023-12-20,SKU_15,Category_1,29,1744.8770464804381,0,29
2023-12-21,SKU_15,Category_1,33,1744.8770464804381,0,96
2023-12-22,SKU_15,Category_1,33,1744.8770464804381,0,66
2023-12-23,SKU_15,Category_1,41,1744.8770464804381,0,94
2023-12-24,SKU_15,Category_1,35,1744.8770464804381,0,35
2023-12-25,SKU_15,Category_1,37,1744.8770464804381,0,45
2023-12-26,SKU_15,Category_1,27,1744.8770464804381,0,77
2023-12-27,SKU_15,Category_1,34,1744.8770464804381,0,64
2023-12-28,SKU_15,Category_1,30,1744.8770464804381,0,30
2023-12-29,SKU_15,Category_1,10,1744.8770464804381,1,10
2023-12-30,SKU_15,Category_1,14,1744.8770464804381,1,14
2023-12-31,SKU_15,Category_1,25,1744.8770464804381,0,25
2023-01-01,SKU_16,Category_2,46,1314.5187650215184,0,95
2023-01-02,SKU_16,Category_2,28,1314.5187650215184,0,72
2023-01-03,SKU_16,Category_2,43,1314.5187650215184,0,90
2023-01-04,SKU_16,Category_2,31,1314.5187650215184,0,83
2023-01-05,SKU_16,Category_2,11,1314.5187650215184,0,11
2023-01-06,SKU_16,Category_2,39,1314.5187650215184,0,85
2023-01-07,SKU_16,Category_2,39,1314.5187650215184,0,39
2023-01-08,SKU_16,Category_2,36,1314.5187650215184,0,80
2023-01-09,SKU_16,Category_2,39,1314.5187650215184,0,39
2023-01-10,SKU_16,Category_2,11,1314.5187650215184,0,11
2023-01-11,SKU_16,Category_2,34,1314.5187650215184,0,84
2023-01-12,SKU_16,Category_2,31,1314.5187650215184,0,94
2023-01-13,SKU_16,Category_2,34,1314.5187650215184,0,60
2023-01-14,SKU_16,Category_2,39,1314.5187650215184,0,39
2023-01-15,SKU_16,Category_2,20,1314.5187650215184,0,20
2023-01-16,SKU_16,Category_2,38,1314.5187650215184,0,91
2023-01-17,SKU_16,Category_2,35,1314.5187650215184,0,53
2023-01-18,SKU_16,Category_2,40,1314.5187650215184,0,75
2023-01-19,SKU_16,Category_2,35,1314.5187650215184,0,84
2023-01-20,SKU_16,Category_2,30,1314.5187650215184,0,62
2023-01-21,SKU_16,Category_2,38,1314.5187650215184,0,38
2023-01-22,SKU_16,Category_2,30,1314.5187650215184,0,30
2023-01-23,SKU_16,Category_2,46,1314.5187650215184,1,64
2023-01-24,SKU_16,Category_2,59,1314.5187650215184,1,69
2023-01-25,SKU_16,Category_2,36,1314.5187650215184,0,56
2023-01-26,SKU_16,Category_2,31,1314.5187650215184,0,65
2023-01-27,SKU_16,Category_2,31,1314.5187650215184,0,34
2023-01-28,SKU_16,Category_2,20,1314.5187650215184,0,20
2023-01-29,SKU_16,Category_2,50,1314.5187650215184,0,59
2023-01-30,SKU_16,Category_2,35,1314.5187650215184,0,41
2023-01-31,SKU_16,Category_2,36,1314.5187650215184,0,40
2023-02-01,SKU_16,Category_2,31,1314.5187650215184,1,31
2023-02-02,SKU_16,Category_2,34,1314.5187650215184,0,82
2023-02-03,SKU_16,Category_2,10,1314.5187650215184,0,10
2023-02-04,SKU_16,Category_2,18,1314.5187650215184,0,18
2023-02-05,SKU_16,Category_2,44,1314.5187650215184,0,86
2023-02-06,SKU_16,Category_2,41,1314.5187650215184,0,83
2023-02-07,SKU_16,Category_2,40,1314.5187650215184,0,46
2023-02-08,SKU_16,Category_2,40,1314.5187650215184,0,93
2023-02-09,SKU_16,Category_2,33,1314.5187650215184,0,37
2023-02-10,SKU_16,Category_2,56,1314.5187650215184,1,69
2023-02-11,SKU_16,Category_2,43,1314.5187650215184,0,84
2023-02-12,SKU_16,Category_2,11,1314.5187650215184,0,11
2023-02-13,SKU_16,Category_2,44,1314.5187650215184,0,52
2023-02-14,SKU_16,Category_2,33,1314.5187650215184,1,33
2023-02-15,SKU_16,Category_2,37,1314.5187650215184,0,37
2023-02-16,SKU_16,Category_2,41,1314.5187650215184,0,87
2023-02-17,SKU_16,Category_2,24,1314.5187650215184,0,24
2023-02-18,SKU_16,Category_2,50,1314.5187650215184,0,55
2023-02-19,SKU_16,Category_2,36,1314.5187650215184,0,97
2023-02-20,SKU_16,Category_2,37,1314.5187650215184,0,77
2023-02-21,SKU_16,Category_2,15,1314.5187650215184,0,15
2023-02-22,SKU_16,Category_2,35,1314.5187650215184,0,60
2023-02-23,SKU_16,Category_2,23,1314.5187650215184,0,23
2023-02-24,SKU_16,Category_2,21,1314.5187650215184,0,21
2023-02-25,SKU_16,Category_2,18,1314.5187650215184,0,18
2023-02-26,SKU_16,Category_2,34,1314.5187650215184,0,34
2023-02-27,SKU_16,Category_2,25,1314.5187650215184,0,66
2023-02-28,SKU_16,Category_2,31,1314.5187650215184,0,48
2023-03-01,SKU_16,Category_2,42,1314.5187650215184,0,55
2023-03-02,SKU_16,Category_2,13,1314.5187650215184,0,13
2023-03-03,SKU_16,Category_2,26,1314.5187650215184,0,27
2023-03-04,SKU_16,Category_2,27,1314.5187650215184,0,27
2023-03-05,SKU_16,Category_2,56,1314.5187650215184,0,88
2023-03-06,SKU_16,Category_2,17,1314.5187650215184,0,17
2023-03-07,SKU_16,Category_2,29,1314.5187650215184,0,97
2023-03-08,SKU_16,Category_2,34,1314.5187650215184,0,52
2023-03-09,SKU_16,Category_2,37,1314.5187650215184,0,63
2023-03-10,SKU_16,Category_2,15,1314.5187650215184,0,15
2023-03-11,SKU_16,Category_2,44,1314.5187650215184,1,44
2023-03-12,SKU_16,Category_2,41,1314.5187650215184,0,90
2023-03-13,SKU_16,Category_2,23,1314.5187650215184,0,95
2023-03-14,SKU_16,Category_2,31,1314.5187650215184,0,51
2023-03-15,SKU_16,Category_2,45,1314.5187650215184,0,51
2023-03-16,SKU_16,Category_2,14,1314.5187650215184,0,14
2023-03-17,SKU_16,Category_2,29,1314.5187650215184,0,66
2023-03-18,SKU_16,Category_2,16,1314.5187650215184,0,16
2023-03-19,SKU_16,Category_2,74,1314.5187650215184,1,82
2023-03-20,SKU_16,Category_2,28,1314.5187650215184,0,31
2023-03-21,SKU_16,Category_2,37,1314.5187650215184,0,52
2023-03-22,SKU_16,Category_2,12,1314.5187650215184,0,12
2023-03-23,SKU_16,Category_2,20,1314.5187650215184,0,20
2023-03-24,SKU_16,Category_2,32,1314.5187650215184,0,50
2023-03-25,SKU_16,Category_2,36,1314.5187650215184,0,57
2023-03-26,SKU_16,Category_2,19,1314.5187650215184,0,19
2023-03-27,SKU_16,Category_2,30,1314.5187650215184,0,87
2023-03-28,SKU_16,Category_2,36,1314.5187650215184,0,82
2023-03-29,SKU_16,Category_2,42,1314.5187650215184,0,69
2023-03-30,SKU_16,Category_2,41,1314.5187650215184,0,94
2023-03-31,SKU_16,Category_2,47,1314.5187650215184,0,65
2023-04-01,SKU_16,Category_2,28,1314.5187650215184,0,28
2023-04-02,SKU_16,Category_2,44,1314.5187650215184,0,72
2023-04-03,SKU_16,Category_2,31,1314.5187650215184,0,31
2023-04-04,SKU_16,Category_2,26,1314.5187650215184,1,26
2023-04-05,SKU_16,Category_2,27,1314.5187650215184,0,84
2023-04-06,SKU_16,Category_2,34,1314.5187650215184,0,90
2023-04-07,SKU_16,Category_2,39,1314.5187650215184,0,45
2023-04-08,SKU_16,Category_2,35,1314.5187650215184,0,35
2023-04-09,SKU_16,Category_2,34,1314.5187650215184,0,34
2023-04-10,SKU_16,Category_2,33,1314.5187650215184,0,85
2023-04-11,SKU_16,Category_2,41,1314.5187650215184,0,55
2023-04-12,SKU_16,Category_2,43,1314.5187650215184,0,45
2023-04-13,SKU_16,Category_2,34,1314.5187650215184,0,66
2023-04-14,SKU_16,Category_2,34,1314.5187650215184,0,70
2023-04-15,SKU_16,Category_2,45,1314.5187650215184,0,45
2023-04-16,SKU_16,Category_2,47,1314.5187650215184,0,63
2023-04-17,SKU_16,Category_2,33,1314.5187650215184,0,98
2023-04-18,SKU_16,Category_2,34,1314.5187650215184,1,34
2023-04-19,SKU_16,Category_2,28,1314.5187650215184,0,66
2023-04-20,SKU_16,Category_2,25,1314.5187650215184,0,25
2023-04-21,SKU_16,Category_2,32,1314.5187650215184,0,70
2023-04-22,SKU_16,Category_2,48,1314.5187650215184,0,75
2023-04-23,SKU_16,Category_2,44,1314.5187650215184,0,80
2023-04-24,SKU_16,Category_2,28,1314.5187650215184,0,43
2023-04-25,SKU_16,Category_2,11,1314.5187650215184,0,11
2023-04-26,SKU_16,Category_2,26,1314.5187650215184,0,26
2023-04-27,SKU_16,Category_2,33,1314.5187650215184,0,90
2023-04-28,SKU_16,Category_2,28,1314.5187650215184,0,43
2023-04-29,SKU_16,Category_2,43,1314.5187650215184,0,43
2023-04-30,SKU_16,Category_2,46,1314.5187650215184,0,73
2023-05-01,SKU_16,Category_2,27,1314.5187650215184,0,27
2023-05-02,SKU_16,Category_2,29,1314.5187650215184,0,29
2023-05-03,SKU_16,Category_2,22,1314.5187650215184,0,55
2023-05-04,SKU_16,Category_2,30,1314.5187650215184,0,37
2023-05-05,SKU_16,Category_2,17,1314.5187650215184,0,17
2023-05-06,SKU_16,Category_2,23,1314.5187650215184,0,23
2023-05-07,SKU_16,Category_2,12,1314.5187650215184,0,12
2023-05-08,SKU_16,Category_2,33,1314.5187650215184,0,63
2023-05-09,SKU_16,Category_2,19,1314.5187650215184,0,19
2023-05-10,SKU_16,Category_2,43,1314.5187650215184,0,57
2023-05-11,SKU_16,Category_2,34,1314.5187650215184,0,43
2023-05-12,SKU_16,Category_2,42,1314.5187650215184,1,42
2023-05-13,SKU_16,Category_2,41,1314.5187650215184,0,84
2023-05-14,SKU_16,Category_2,52,1314.5187650215184,0,69
2023-05-15,SKU_16,Category_2,14,1314.5187650215184,0,14
2023-05-16,SKU_16,Category_2,21,1314.5187650215184,0,21
2023-05-17,SKU_16,Category_2,34,1314.5187650215184,0,93
2023-05-18,SKU_16,Category_2,38,1314.5187650215184,0,64
2023-05-19,SKU_16,Category_2,28,1314.5187650215184,0,61
2023-05-20,SKU_16,Category_2,27,1314.5187650215184,0,27
2023-05-21,SKU_16,Category_2,46,1314.5187650215184,0,96
2023-05-22,SKU_16,Category_2,21,1314.5187650215184,1,21
2023-05-23,SKU_16,Category_2,27,1314.5187650215184,0,68
2023-05-24,SKU_16,Category_2,37,1314.5187650215184,0,52
2023-05-25,SKU_16,Category_2,41,1314.5187650215184,0,88
2023-05-26,SKU_16,Category_2,37,1314.5187650215184,0,41
2023-05-27,SKU_16,Category_2,41,1314.5187650215184,0,65
2023-05-28,SKU_16,Category_2,52,1314.5187650215184,0,57
2023-05-29,SKU_16,Category_2,35,1314.5187650215184,0,86
2023-05-30,SKU_16,Category_2,36,1314.5187650215184,0,68
2023-05-31,SKU_16,Category_2,42,1314.5187650215184,0,76
2023-06-01,SKU_16,Category_2,12,1314.5187650215184,0,12
2023-06-02,SKU_16,Category_2,34,1314.5187650215184,0,80
2023-06-03,SKU_16,Category_2,38,1314.5187650215184,0,79
2023-06-04,SKU_16,Category_2,18,1314.5187650215184,0,18
2023-06-05,SKU_16,Category_2,35,1314.5187650215184,0,61
2023-06-06,SKU_16,Category_2,33,1314.5187650215184,0,33
2023-06-07,SKU_16,Category_2,19,1314.5187650215184,0,19
2023-06-08,SKU_16,Category_2,32,1314.5187650215184,0,64
2023-06-09,SKU_16,Category_2,35,1314.5187650215184,0,84
2023-06-10,SKU_16,Category_2,50,1314.5187650215184,0,55
2023-06-11,SKU_16,Category_2,12,1314.5187650215184,0,12
2023-06-12,SKU_16,Category_2,37,1314.5187650215184,0,79
2023-06-13,SKU_16,Category_2,21,1314.5187650215184,0,21
2023-06-14,SKU_16,Category_2,36,1314.5187650215184,0,58
2023-06-15,SKU_16,Category_2,38,1314.5187650215184,0,44
2023-06-16,SKU_16,Category_2,51,1314.5187650215184,0,63
2023-06-17,SKU_16,Category_2,17,1314.5187650215184,0,17
2023-06-18,SKU_16,Category_2,50,1314.5187650215184,0,57
2023-06-19,SKU_16,Category_2,45,1314.5187650215184,0,71
2023-06-20,SKU_16,Category_2,13,1314.5187650215184,0,13
2023-06-21,SKU_16,Category_2,30,1314.5187650215184,0,56
2023-06-22,SKU_16,Category_2,11,1314.5187650215184,0,11
2023-06-23,SKU_16,Category_2,34,1314.5187650215184,0,55
2023-06-24,SKU_16,Category_2,25,1314.5187650215184,0,25
2023-06-25,SKU_16,Category_2,45,1314.5187650215184,0,90
2023-06-26,SKU_16,Category_2,40,1314.5187650215184,0,67
2023-06-27,SKU_16,Category_2,23,1314.5187650215184,0,23
2023-06-28,SKU_16,Category_2,26,1314.5187650215184,0,26
2023-06-29,SKU_16,Category_2,32,1314.5187650215184,0,46
2023-06-30,SKU_16,Category_2,26,1314.5187650215184,0,43
2023-07-01,SKU_16,Category_2,45,1314.5187650215184,0,67
2023-07-02,SKU_16,Category_2,50,1314.5187650215184,0,94
2023-07-03,SKU_16,Category_2,38,1314.5187650215184,0,56
2023-07-04,SKU_16,Category_2,36,1314.5187650215184,0,75
2023-07-05,SKU_16,Category_2,31,1314.5187650215184,0,67
2023-07-06,SKU_16,Category_2,36,1314.5187650215184,0,56
2023-07-07,SKU_16,Category_2,60,1314.5187650215184,1,78
2023-07-08,SKU_16,Category_2,47,1314.5187650215184,0,96
2023-07-09,SKU_16,Category_2,41,1314.5187650215184,0,78
2023-07-10,SKU_16,Category_2,31,1314.5187650215184,0,51
2023-07-11,SKU_16,Category_2,17,1314.5187650215184,0,17
2023-07-12,SKU_16,Category_2,27,1314.5187650215184,0,58
2023-07-13,SKU_16,Category_2,33,1314.5187650215184,0,81
2023-07-14,SKU_16,Category_2,36,1314.5187650215184,0,54
2023-07-15,SKU_16,Category_2,30,1314.5187650215184,0,30
2023-07-16,SKU_16,Category_2,44,1314.5187650215184,0,70
2023-07-17,SKU_16,Category_2,54,1314.5187650215184,1,68
2023-07-18,SKU_16,Category_2,35,1314.5187650215184,0,99
2023-07-19,SKU_16,Category_2,25,1314.5187650215184,0,25
2023-07-20,SKU_16,Category_2,32,1314.5187650215184,0,44
2023-07-21,SKU_16,Category_2,37,1314.5187650215184,0,90
2023-07-22,SKU_16,Category_2,17,1314.5187650215184,0,17
2023-07-23,SKU_16,Category_2,12,1314.5187650215184,0,12
2023-07-24,SKU_16,Category_2,26,1314.5187650215184,0,26
2023-07-25,SKU_16,Category_2,34,1314.5187650215184,0,97
2023-07-26,SKU_16,Category_2,11,1314.5187650215184,0,11
2023-07-27,SKU_16,Category_2,43,1314.5187650215184,0,77
2023-07-28,SKU_16,Category_2,32,1314.5187650215184,0,32
2023-07-29,SKU_16,Category_2,44,1314.5187650215184,0,88
2023-07-30,SKU_16,Category_2,67,1314.5187650215184,1,70
2023-07-31,SKU_16,Category_2,36,1314.5187650215184,0,88
2023-08-01,SKU_16,Category_2,35,1314.5187650215184,0,43
2023-08-02,SKU_16,Category_2,36,1314.5187650215184,0,68
2023-08-03,SKU_16,Category_2,13,1314.5187650215184,0,13
2023-08-04,SKU_16,Category_2,39,1314.5187650215184,0,64
2023-08-05,SKU_16,Category_2,51,1314.5187650215184,0,69
2023-08-06,SKU_16,Category_2,49,1314.5187650215184,0,92
2023-08-07,SKU_16,Category_2,12,1314.5187650215184,1,12
2023-08-08,SKU_16,Category_2,36,1314.5187650215184,0,68
2023-08-09,SKU_16,Category_2,35,1314.5187650215184,0,82
2023-08-10,SKU_16,Category_2,40,1314.5187650215184,0,89
2023-08-11,SKU_16,Category_2,38,1314.5187650215184,0,43
2023-08-12,SKU_16,Category_2,40,1314.5187650215184,0,54
2023-08-13,SKU_16,Category_2,40,1314.5187650215184,0,44
2023-08-14,SKU_16,Category_2,19,1314.5187650215184,0,19
2023-08-15,SKU_16,Category_2,39,1314.5187650215184,0,61
2023-08-16,SKU_16,Category_2,15,1314.5187650215184,0,15
2023-08-17,SKU_16,Category_2,46,1314.5187650215184,0,71
2023-08-18,SKU_16,Category_2,35,1314.5187650215184,0,83
2023-08-19,SKU_16,Category_2,44,1314.5187650215184,0,50
2023-08-20,SKU_16,Category_2,43,1314.5187650215184,0,66
2023-08-21,SKU_16,Category_2,13,1314.5187650215184,0,13
2023-08-22,SKU_16,Category_2,42,1314.5187650215184,0,47
2023-08-23,SKU_16,Category_2,36,1314.5187650215184,0,36
2023-08-24,SKU_16,Category_2,33,1314.5187650215184,0,79
2023-08-25,SKU_16,Category_2,17,1314.5187650215184,0,17
2023-08-26,SKU_16,Category_2,47,1314.5187650215184,0,56
2023-08-27,SKU_16,Category_2,16,1314.5187650215184,0,16
2023-08-28,SKU_16,Category_2,39,1314.5187650215184,0,56
2023-08-29,SKU_16,Category_2,32,1314.5187650215184,0,63
2023-08-30,SKU_16,Category_2,36,1314.5187650215184,0,80
2023-08-31,SKU_16,Category_2,48,1314.5187650215184,0,56
2023-09-01,SKU_16,Category_2,10,1314.5187650215184,0,10
2023-09-02,SKU_16,Category_2,50,1314.5187650215184,1,50
2023-09-03,SKU_16,Category_2,39,1314.5187650215184,0,39
2023-09-04,SKU_16,Category_2,37,1314.5187650215184,0,61
2023-09-05,SKU_16,Category_2,34,1314.5187650215184,0,98
2023-09-06,SKU_16,Category_2,48,1314.5187650215184,1,70
2023-09-07,SKU_16,Category_2,38,1314.5187650215184,0,57
2023-09-08,SKU_16,Category_2,54,1314.5187650215184,1,66
2023-09-09,SKU_16,Category_2,48,1314.5187650215184,0,55
2023-09-10,SKU_16,Category_2,43,1314.5187650215184,0,43
2023-09-11,SKU_16,Category_2,37,1314.5187650215184,0,85
2023-09-12,SKU_16,Category_2,38,1314.5187650215184,0,44
2023-09-13,SKU_16,Category_2,34,1314.5187650215184,0,82
2023-09-14,SKU_16,Category_2,56,1314.5187650215184,1,83
2023-09-15,SKU_16,Category_2,59,1314.5187650215184,1,66
2023-09-16,SKU_16,Category_2,37,1314.5187650215184,0,37
2023-09-17,SKU_16,Category_2,37,1314.5187650215184,0,91
2023-09-18,SKU_16,Category_2,31,1314.5187650215184,0,96
2023-09-19,SKU_16,Category_2,34,1314.5187650215184,0,38
2023-09-20,SKU_16,Category_2,26,1314.5187650215184,0,26
2023-09-21,SKU_16,Category_2,32,1314.5187650215184,0,61
2023-09-22,SKU_16,Category_2,31,1314.5187650215184,0,60
2023-09-23,SKU_16,Category_2,44,1314.5187650215184,0,51
2023-09-24,SKU_16,Category_2,41,1314.5187650215184,0,91
2023-09-25,SKU_16,Category_2,46,1314.5187650215184,1,72
2023-09-26,SKU_16,Category_2,43,1314.5187650215184,0,44
2023-09-27,SKU_16,Category_2,31,1314.5187650215184,0,61
2023-09-28,SKU_16,Category_2,33,1314.5187650215184,0,33
2023-09-29,SKU_16,Category_2,20,1314.5187650215184,0,20
2023-09-30,SKU_16,Category_2,51,1314.5187650215184,0,72
2023-10-01,SKU_16,Category_2,42,1314.5187650215184,0,93
2023-10-02,SKU_16,Category_2,34,1314.5187650215184,0,70
2023-10-03,SKU_16,Category_2,34,1314.5187650215184,0,41
2023-10-04,SKU_16,Category_2,30,1314.5187650215184,0,89
2023-10-05,SKU_16,Category_2,26,1314.5187650215184,0,28
2023-10-06,SKU_16,Category_2,38,1314.5187650215184,0,48
2023-10-07,SKU_16,Category_2,21,1314.5187650215184,0,21
2023-10-08,SKU_16,Category_2,44,1314.5187650215184,0,80
2023-10-09,SKU_16,Category_2,32,1314.5187650215184,0,91
2023-10-10,SKU_16,Category_2,34,1314.5187650215184,1,34
2023-10-11,SKU_16,Category_2,36,1314.5187650215184,0,44
2023-10-12,SKU_16,Category_2,28,1314.5187650215184,0,80
2023-10-13,SKU_16,Category_2,37,1314.5187650215184,0,80
2023-10-14,SKU_16,Category_2,45,1314.5187650215184,0,86
2023-10-15,SKU_16,Category_2,28,1314.5187650215184,0,28
2023-10-16,SKU_16,Category_2,11,1314.5187650215184,0,11
2023-10-17,SKU_16,Category_2,24,1314.5187650215184,0,24
2023-10-18,SKU_16,Category_2,38,1314.5187650215184,0,44
2023-10-19,SKU_16,Category_2,31,1314.5187650215184,0,97
2023-10-20,SKU_16,Category_2,30,1314.5187650215184,0,45
2023-10-21,SKU_16,Category_2,15,1314.5187650215184,0,15
2023-10-22,SKU_16,Category_2,40,1314.5187650215184,0,61
2023-10-23,SKU_16,Category_2,27,1314.5187650215184,0,27
2023-10-24,SKU_16,Category_2,42,1314.5187650215184,0,85
2023-10-25,SKU_16,Category_2,30,1314.5187650215184,0,30
2023-10-26,SKU_16,Category_2,49,1314.5187650215184,0,67
2023-10-27,SKU_16,Category_2,16,1314.5187650215184,0,16
2023-10-28,SKU_16,Category_2,12,1314.5187650215184,0,12
2023-10-29,SKU_16,Category_2,44,1314.5187650215184,0,76
2023-10-30,SKU_16,Category_2,37,1314.5187650215184,0,37
2023-10-31,SKU_16,Category_2,17,1314.5187650215184,0,17
2023-11-01,SKU_16,Category_2,50,1314.5187650215184,1,71
2023-11-02,SKU_16,Category_2,30,1314.5187650215184,0,49
2023-11-03,SKU_16,Category_2,26,1314.5187650215184,0,26
2023-11-04,SKU_16,Category_2,48,1314.5187650215184,0,95
2023-11-05,SKU_16,Category_2,51,1314.5187650215184,0,52
2023-11-06,SKU_16,Category_2,26,1314.5187650215184,0,39
2023-11-07,SKU_16,Category_2,35,1314.5187650215184,0,39
2023-11-08,SKU_16,Category_2,30,1314.5187650215184,0,48
2023-11-09,SKU_16,Category_2,12,1314.5187650215184,0,12
2023-11-10,SKU_16,Category_2,33,1314.5187650215184,0,47
2023-11-11,SKU_16,Category_2,37,1314.5187650215184,0,48
2023-11-12,SKU_16,Category_2,41,1314.5187650215184,0,50
2023-11-13,SKU_16,Category_2,55,1314.5187650215184,1,84
2023-11-14,SKU_16,Category_2,19,1314.5187650215184,0,19
2023-11-15,SKU_16,Category_2,32,1314.5187650215184,0,32
2023-11-16,SKU_16,Category_2,31,1314.5187650215184,0,31
2023-11-17,SKU_16,Category_2,25,1314.5187650215184,0,25
2023-11-18,SKU_16,Category_2,45,1314.5187650215184,0,51
2023-11-19,SKU_16,Category_2,51,1314.5187650215184,0,55
2023-11-20,SKU_16,Category_2,15,1314.5187650215184,0,15
2023-11-21,SKU_16,Category_2,39,1314.5187650215184,0,85
2023-11-22,SKU_16,Category_2,34,1314.5187650215184,0,36
2023-11-23,SKU_16,Category_2,16,1314.5187650215184,0,16
2023-11-24,SKU_16,Category_2,19,1314.5187650215184,0,19
2023-11-25,SKU_16,Category_2,27,1314.5187650215184,0,27
2023-11-26,SKU_16,Category_2,55,1314.5187650215184,0,93
2023-11-27,SKU_16,Category_2,40,1314.5187650215184,0,51
2023-11-28,SKU_16,Category_2,32,1314.5187650215184,0,90
2023-11-29,SKU_16,Category_2,42,1314.5187650215184,0,99
2023-11-30,SKU_16,Category_2,37,1314.5187650215184,0,84
2023-12-01,SKU_16,Category_2,32,1314.5187650215184,0,79
2023-12-02,SKU_16,Category_2,16,1314.5187650215184,0,16
2023-12-03,SKU_16,Category_2,10,1314.5187650215184,0,10
2023-12-04,SKU_16,Category_2,47,1314.5187650215184,0,63
2023-12-05,SKU_16,Category_2,19,1314.5187650215184,0,19
2023-12-06,SKU_16,Category_2,17,1314.5187650215184,0,17
2023-12-07,SKU_16,Category_2,36,1314.5187650215184,0,64
2023-12-08,SKU_16,Category_2,39,1314.5187650215184,0,97
2023-12-09,SKU_16,Category_2,32,1314.5187650215184,0,32
2023-12-10,SKU_16,Category_2,41,1314.5187650215184,0,55
2023-12-11,SKU_16,Category_2,31,1314.5187650215184,0,47
2023-12-12,SKU_16,Category_2,33,1314.5187650215184,0,82
2023-12-13,SKU_16,Category_2,18,1314.5187650215184,0,18
2023-12-14,SKU_16,Category_2,46,1314.5187650215184,0,67
2023-12-15,SKU_16,Category_2,34,1314.5187650215184,0,90
2023-12-16,SKU_16,Category_2,45,1314.5187650215184,0,57
2023-12-17,SKU_16,Category_2,46,1314.5187650215184,0,90
2023-12-18,SKU_16,Category_2,30,1314.5187650215184,0,30
2023-12-19,SKU_16,Category_2,36,1314.5187650215184,0,36
2023-12-20,SKU_16,Category_2,31,1314.5187650215184,0,68
2023-12-21,SKU_16,Category_2,23,1314.5187650215184,0,23
2023-12-22,SKU_16,Category_2,32,1314.5187650215184,0,89
2023-12-23,SKU_16,Category_2,51,1314.5187650215184,0,59
2023-12-24,SKU_16,Category_2,50,1314.5187650215184,0,79
2023-12-25,SKU_16,Category_2,39,1314.5187650215184,0,75
2023-12-26,SKU_16,Category_2,11,1314.5187650215184,0,11
2023-12-27,SKU_16,Category_2,41,1314.5187650215184,0,58
2023-12-28,SKU_16,Category_2,37,1314.5187650215184,0,94
2023-12-29,SKU_16,Category_2,36,1314.5187650215184,0,94
2023-12-30,SKU_16,Category_2,44,1314.5187650215184,0,97
2023-12-31,SKU_16,Category_2,39,1314.5187650215184,0,85
2023-01-01,SKU_17,Category_3,51,1964.9909558152133,0,51
2023-01-02,SKU_17,Category_3,53,1964.9909558152133,0,70
2023-01-03,SKU_17,Category_3,42,1964.9909558152133,0,57
2023-01-04,SKU_17,Category_3,14,1964.9909558152133,0,14
2023-01-05,SKU_17,Category_3,28,1964.9909558152133,0,28
2023-01-06,SKU_17,Category_3,33,1964.9909558152133,0,64
2023-01-07,SKU_17,Category_3,27,1964.9909558152133,1,27
2023-01-08,SKU_17,Category_3,27,1964.9909558152133,0,27
2023-01-09,SKU_17,Category_3,39,1964.9909558152133,0,47
2023-01-10,SKU_17,Category_3,18,1964.9909558152133,0,18
2023-01-11,SKU_17,Category_3,35,1964.9909558152133,0,99
2023-01-12,SKU_17,Category_3,29,1964.9909558152133,0,29
2023-01-13,SKU_17,Category_3,28,1964.9909558152133,0,28
2023-01-14,SKU_17,Category_3,65,1964.9909558152133,1,65
2023-01-15,SKU_17,Category_3,56,1964.9909558152133,0,96
2023-01-16,SKU_17,Category_3,50,1964.9909558152133,0,91
2023-01-17,SKU_17,Category_3,41,1964.9909558152133,0,48
2023-01-18,SKU_17,Category_3,53,1964.9909558152133,0,70
2023-01-19,SKU_17,Category_3,31,1964.9909558152133,0,67
2023-01-20,SKU_17,Category_3,48,1964.9909558152133,0,83
2023-01-21,SKU_17,Category_3,60,1964.9909558152133,1,60
2023-01-22,SKU_17,Category_3,50,1964.9909558152133,0,82
2023-01-23,SKU_17,Category_3,55,1964.9909558152133,0,84
2023-01-24,SKU_17,Category_3,28,1964.9909558152133,1,28
2023-01-25,SKU_17,Category_3,55,1964.9909558152133,1,55
2023-01-26,SKU_17,Category_3,43,1964.9909558152133,0,84
2023-01-27,SKU_17,Category_3,43,1964.9909558152133,0,62
2023-01-28,SKU_17,Category_3,56,1964.9909558152133,0,62
2023-01-29,SKU_17,Category_3,61,1964.9909558152133,0,95
2023-01-30,SKU_17,Category_3,42,1964.9909558152133,0,42
2023-01-31,SKU_17,Category_3,42,1964.9909558152133,1,42
2023-02-01,SKU_17,Category_3,34,1964.9909558152133,0,49
2023-02-02,SKU_17,Category_3,49,1964.9909558152133,0,91
2023-02-03,SKU_17,Category_3,12,1964.9909558152133,0,12
2023-02-04,SKU_17,Category_3,67,1964.9909558152133,1,67
2023-02-05,SKU_17,Category_3,52,1964.9909558152133,0,66
2023-02-06,SKU_17,Category_3,44,1964.9909558152133,0,53
2023-02-07,SKU_17,Category_3,54,1964.9909558152133,0,89
2023-02-08,SKU_17,Category_3,25,1964.9909558152133,0,25
2023-02-09,SKU_17,Category_3,38,1964.9909558152133,0,39
2023-02-10,SKU_17,Category_3,37,1964.9909558152133,0,58
2023-02-11,SKU_17,Category_3,23,1964.9909558152133,0,23
2023-02-12,SKU_17,Category_3,43,1964.9909558152133,0,43
2023-02-13,SKU_17,Category_3,52,1964.9909558152133,0,69
2023-02-14,SKU_17,Category_3,46,1964.9909558152133,0,94
2023-02-15,SKU_17,Category_3,13,1964.9909558152133,1,13
2023-02-16,SKU_17,Category_3,47,1964.9909558152133,0,71
2023-02-17,SKU_17,Category_3,34,1964.9909558152133,1,34
2023-02-18,SKU_17,Category_3,24,1964.9909558152133,0,24
2023-02-19,SKU_17,Category_3,57,1964.9909558152133,0,89
2023-02-20,SKU_17,Category_3,41,1964.9909558152133,0,41
2023-02-21,SKU_17,Category_3,35,1964.9909558152133,0,35
2023-02-22,SKU_17,Category_3,38,1964.9909558152133,0,57
2023-02-23,SKU_17,Category_3,15,1964.9909558152133,0,15
2023-02-24,SKU_17,Category_3,20,1964.9909558152133,0,20
2023-02-25,SKU_17,Category_3,57,1964.9909558152133,0,75
2023-02-26,SKU_17,Category_3,65,1964.9909558152133,0,89
2023-02-27,SKU_17,Category_3,14,1964.9909558152133,0,14
2023-02-28,SKU_17,Category_3,60,1964.9909558152133,1,97
2023-03-01,SKU_17,Category_3,44,1964.9909558152133,0,82
2023-03-02,SKU_17,Category_3,33,1964.9909558152133,0,33
2023-03-03,SKU_17,Category_3,10,1964.9909558152133,1,10
2023-03-04,SKU_17,Category_3,64,1964.9909558152133,0,87
2023-03-05,SKU_17,Category_3,27,1964.9909558152133,0,27
2023-03-06,SKU_17,Category_3,44,1964.9909558152133,0,91
2023-03-07,SKU_17,Category_3,52,1964.9909558152133,0,94
2023-03-08,SKU_17,Category_3,48,1964.9909558152133,0,80
2023-03-09,SKU_17,Category_3,36,1964.9909558152133,0,36
2023-03-10,SKU_17,Category_3,53,1964.9909558152133,1,53
2023-03-11,SKU_17,Category_3,59,1964.9909558152133,0,82
2023-03-12,SKU_17,Category_3,45,1964.9909558152133,0,45
2023-03-13,SKU_17,Category_3,41,1964.9909558152133,0,64
2023-03-14,SKU_17,Category_3,40,1964.9909558152133,0,67
2023-03-15,SKU_17,Category_3,46,1964.9909558152133,0,66
2023-03-16,SKU_17,Category_3,44,1964.9909558152133,0,44
2023-03-17,SKU_17,Category_3,45,1964.9909558152133,0,76
2023-03-18,SKU_17,Category_3,64,1964.9909558152133,0,76
2023-03-19,SKU_17,Category_3,52,1964.9909558152133,0,87
2023-03-20,SKU_17,Category_3,49,1964.9909558152133,0,86
2023-03-21,SKU_17,Category_3,46,1964.9909558152133,0,83
2023-03-22,SKU_17,Category_3,34,1964.9909558152133,1,34
2023-03-23,SKU_17,Category_3,39,1964.9909558152133,0,64
2023-03-24,SKU_17,Category_3,45,1964.9909558152133,0,79
2023-03-25,SKU_17,Category_3,59,1964.9909558152133,0,82
2023-03-26,SKU_17,Category_3,47,1964.9909558152133,0,53
2023-03-27,SKU_17,Category_3,19,1964.9909558152133,0,19
2023-03-28,SKU_17,Category_3,41,1964.9909558152133,0,87
2023-03-29,SKU_17,Category_3,43,1964.9909558152133,0,43
2023-03-30,SKU_17,Category_3,40,1964.9909558152133,0,98
2023-03-31,SKU_17,Category_3,27,1964.9909558152133,0,27
2023-04-01,SKU_17,Category_3,47,1964.9909558152133,0,47
2023-04-02,SKU_17,Category_3,71,1964.9909558152133,1,71
2023-04-03,SKU_17,Category_3,32,1964.9909558152133,1,32
2023-04-04,SKU_17,Category_3,41,1964.9909558152133,0,91
2023-04-05,SKU_17,Category_3,44,1964.9909558152133,0,66
2023-04-06,SKU_17,Category_3,38,1964.9909558152133,0,98
2023-04-07,SKU_17,Category_3,40,1964.9909558152133,0,89
2023-04-08,SKU_17,Category_3,30,1964.9909558152133,0,30
2023-04-09,SKU_17,Category_3,38,1964.9909558152133,0,38
2023-04-10,SKU_17,Category_3,42,1964.9909558152133,1,42
2023-04-11,SKU_17,Category_3,40,1964.9909558152133,0,91
2023-04-12,SKU_17,Category_3,61,1964.9909558152133,1,61
2023-04-13,SKU_17,Category_3,22,1964.9909558152133,0,22
2023-04-14,SKU_17,Category_3,47,1964.9909558152133,0,98
2023-04-15,SKU_17,Category_3,35,1964.9909558152133,0,35
2023-04-16,SKU_17,Category_3,68,1964.9909558152133,1,68
2023-04-17,SKU_17,Category_3,38,1964.9909558152133,0,67
2023-04-18,SKU_17,Category_3,19,1964.9909558152133,0,19
2023-04-19,SKU_17,Category_3,12,1964.9909558152133,0,12
2023-04-20,SKU_17,Category_3,46,1964.9909558152133,0,94
2023-04-21,SKU_17,Category_3,39,1964.9909558152133,0,39
2023-04-22,SKU_17,Category_3,59,1964.9909558152133,0,77
2023-04-23,SKU_17,Category_3,59,1964.9909558152133,0,81
2023-04-24,SKU_17,Category_3,37,1964.9909558152133,0,37
2023-04-25,SKU_17,Category_3,42,1964.9909558152133,0,46
2023-04-26,SKU_17,Category_3,50,1964.9909558152133,0,94
2023-04-27,SKU_17,Category_3,44,1964.9909558152133,0,54
2023-04-28,SKU_17,Category_3,38,1964.9909558152133,0,62
2023-04-29,SKU_17,Category_3,23,1964.9909558152133,0,23
2023-04-30,SKU_17,Category_3,50,1964.9909558152133,0,63
2023-05-01,SKU_17,Category_3,50,1964.9909558152133,0,61
2023-05-02,SKU_17,Category_3,37,1964.9909558152133,0,37
2023-05-03,SKU_17,Category_3,48,1964.9909558152133,0,57
2023-05-04,SKU_17,Category_3,48,1964.9909558152133,0,69
2023-05-05,SKU_17,Category_3,34,1964.9909558152133,0,62
2023-05-06,SKU_17,Category_3,18,1964.9909558152133,0,18
2023-05-07,SKU_17,Category_3,61,1964.9909558152133,0,92
2023-05-08,SKU_17,Category_3,19,1964.9909558152133,0,19
2023-05-09,SKU_17,Category_3,13,1964.9909558152133,0,13
2023-05-10,SKU_17,Category_3,51,1964.9909558152133,0,55
2023-05-11,SKU_17,Category_3,44,1964.9909558152133,0,44
2023-05-12,SKU_17,Category_3,30,1964.9909558152133,0,30
2023-05-13,SKU_17,Category_3,44,1964.9909558152133,0,44
2023-05-14,SKU_17,Category_3,22,1964.9909558152133,0,22
2023-05-15,SKU_17,Category_3,38,1964.9909558152133,0,44
2023-05-16,SKU_17,Category_3,50,1964.9909558152133,0,62
2023-05-17,SKU_17,Category_3,47,1964.9909558152133,0,52
2023-05-18,SKU_17,Category_3,25,1964.9909558152133,0,25
2023-05-19,SKU_17,Category_3,32,1964.9909558152133,0,95
2023-05-20,SKU_17,Category_3,28,1964.9909558152133,0,28
2023-05-21,SKU_17,Category_3,67,1964.9909558152133,0,84
2023-05-22,SKU_17,Category_3,38,1964.9909558152133,0,56
2023-05-23,SKU_17,Category_3,39,1964.9909558152133,0,75
2023-05-24,SKU_17,Category_3,49,1964.9909558152133,1,49
2023-05-25,SKU_17,Category_3,43,1964.9909558152133,0,71
2023-05-26,SKU_17,Category_3,43,1964.9909558152133,0,58
2023-05-27,SKU_17,Category_3,41,1964.9909558152133,0,41
2023-05-28,SKU_17,Category_3,49,1964.9909558152133,0,69
2023-05-29,SKU_17,Category_3,41,1964.9909558152133,0,76
2023-05-30,SKU_17,Category_3,27,1964.9909558152133,0,27
2023-05-31,SKU_17,Category_3,41,1964.9909558152133,0,45
2023-06-01,SKU_17,Category_3,43,1964.9909558152133,0,43
2023-06-02,SKU_17,Category_3,49,1964.9909558152133,0,49
2023-06-03,SKU_17,Category_3,23,1964.9909558152133,0,23
2023-06-04,SKU_17,Category_3,64,1964.9909558152133,0,86
2023-06-05,SKU_17,Category_3,38,1964.9909558152133,0,38
2023-06-06,SKU_17,Category_3,43,1964.9909558152133,0,65
2023-06-07,SKU_17,Category_3,45,1964.9909558152133,0,85
2023-06-08,SKU_17,Category_3,25,1964.9909558152133,0,25
2023-06-09,SKU_17,Category_3,45,1964.9909558152133,0,95
2023-06-10,SKU_17,Category_3,56,1964.9909558152133,0,65
2023-06-11,SKU_17,Category_3,57,1964.9909558152133,0,87
2023-06-12,SKU_17,Category_3,48,1964.9909558152133,0,85
2023-06-13,SKU_17,Category_3,45,1964.9909558152133,0,61
2023-06-14,SKU_17,Category_3,14,1964.9909558152133,0,14
2023-06-15,SKU_17,Category_3,16,1964.9909558152133,0,16
2023-06-16,SKU_17,Category_3,68,1964.9909558152133,1,83
2023-06-17,SKU_17,Category_3,29,1964.9909558152133,0,29
2023-06-18,SKU_17,Category_3,48,1964.9909558152133,0,63
2023-06-19,SKU_17,Category_3,40,1964.9909558152133,0,89
2023-06-20,SKU_17,Category_3,32,1964.9909558152133,0,32
2023-06-21,SKU_17,Category_3,44,1964.9909558152133,0,97
2023-06-22,SKU_17,Category_3,42,1964.9909558152133,0,42
2023-06-23,SKU_17,Category_3,31,1964.9909558152133,0,31
2023-06-24,SKU_17,Category_3,60,1964.9909558152133,0,60
2023-06-25,SKU_17,Category_3,54,1964.9909558152133,0,54
2023-06-26,SKU_17,Category_3,22,1964.9909558152133,1,22
2023-06-27,SKU_17,Category_3,30,1964.9909558152133,0,30
2023-06-28,SKU_17,Category_3,30,1964.9909558152133,0,30
2023-06-29,SKU_17,Category_3,39,1964.9909558152133,0,85
2023-06-30,SKU_17,Category_3,47,1964.9909558152133,0,84
2023-07-01,SKU_17,Category_3,43,1964.9909558152133,0,88
2023-07-02,SKU_17,Category_3,28,1964.9909558152133,1,28
2023-07-03,SKU_17,Category_3,47,1964.9909558152133,0,90
2023-07-04,SKU_17,Category_3,43,1964.9909558152133,0,67
2023-07-05,SKU_17,Category_3,35,1964.9909558152133,0,35
2023-07-06,SKU_17,Category_3,49,1964.9909558152133,0,93
2023-07-07,SKU_17,Category_3,69,1964.9909558152133,1,78
2023-07-08,SKU_17,Category_3,20,1964.9909558152133,0,20
2023-07-09,SKU_17,Category_3,28,1964.9909558152133,0,28
2023-07-10,SKU_17,Category_3,10,1964.9909558152133,0,10
2023-07-11,SKU_17,Category_3,34,1964.9909558152133,0,75
2023-07-12,SKU_17,Category_3,52,1964.9909558152133,0,94
2023-07-13,SKU_17,Category_3,11,1964.9909558152133,0,11
2023-07-14,SKU_17,Category_3,28,1964.9909558152133,0,32
2023-07-15,SKU_17,Category_3,53,1964.9909558152133,0,99
2023-07-16,SKU_17,Category_3,60,1964.9909558152133,1,60
2023-07-17,SKU_17,Category_3,40,1964.9909558152133,0,90
2023-07-18,SKU_17,Category_3,18,1964.9909558152133,0,18
2023-07-19,SKU_17,Category_3,44,1964.9909558152133,0,59
2023-07-20,SKU_17,Category_3,45,1964.9909558152133,0,70
2023-07-21,SKU_17,Category_3,34,1964.9909558152133,0,34
2023-07-22,SKU_17,Category_3,28,1964.9909558152133,0,28
2023-07-23,SKU_17,Category_3,25,1964.9909558152133,0,25
2023-07-24,SKU_17,Category_3,49,1964.9909558152133,0,78
2023-07-25,SKU_17,Category_3,34,1964.9909558152133,0,34
2023-07-26,SKU_17,Category_3,21,1964.9909558152133,0,21
2023-07-27,SKU_17,Category_3,30,1964.9909558152133,0,30
2023-07-28,SKU_17,Category_3,42,1964.9909558152133,0,42
2023-07-29,SKU_17,Category_3,57,1964.9909558152133,0,86
2023-07-30,SKU_17,Category_3,55,1964.9909558152133,0,97
2023-07-31,SKU_17,Category_3,38,1964.9909558152133,0,55
2023-08-01,SKU_17,Category_3,16,1964.9909558152133,0,16
2023-08-02,SKU_17,Category_3,44,1964.9909558152133,0,63
2023-08-03,SKU_17,Category_3,36,1964.9909558152133,0,36
2023-08-04,SKU_17,Category_3,20,1964.9909558152133,0,20
2023-08-05,SKU_17,Category_3,23,1964.9909558152133,0,23
2023-08-06,SKU_17,Category_3,50,1964.9909558152133,0,50
2023-08-07,SKU_17,Category_3,13,1964.9909558152133,0,13
2023-08-08,SKU_17,Category_3,44,1964.9909558152133,0,67
2023-08-09,SKU_17,Category_3,28,1964.9909558152133,0,28
2023-08-10,SKU_17,Category_3,49,1964.9909558152133,0,71
2023-08-11,SKU_17,Category_3,64,1964.9909558152133,1,93
2023-08-12,SKU_17,Category_3,54,1964.9909558152133,0,70
2023-08-13,SKU_17,Category_3,52,1964.9909558152133,0,61
2023-08-14,SKU_17,Category_3,43,1964.9909558152133,0,47
2023-08-15,SKU_17,Category_3,53,1964.9909558152133,0,78
2023-08-16,SKU_17,Category_3,46,1964.9909558152133,0,58
2023-08-17,SKU_17,Category_3,48,1964.9909558152133,0,94
2023-08-18,SKU_17,Category_3,10,1964.9909558152133,0,10
2023-08-19,SKU_17,Category_3,76,1964.9909558152133,1,76
2023-08-20,SKU_17,Category_3,28,1964.9909558152133,0,28
2023-08-21,SKU_17,Category_3,45,1964.9909558152133,0,75
2023-08-22,SKU_17,Category_3,43,1964.9909558152133,0,90
2023-08-23,SKU_17,Category_3,15,1964.9909558152133,0,15
2023-08-24,SKU_17,Category_3,34,1964.9909558152133,0,76
2023-08-25,SKU_17,Category_3,30,1964.9909558152133,1,30
2023-08-26,SKU_17,Category_3,53,1964.9909558152133,0,89
2023-08-27,SKU_17,Category_3,13,1964.9909558152133,1,13
2023-08-28,SKU_17,Category_3,42,1964.9909558152133,0,42
2023-08-29,SKU_17,Category_3,38,1964.9909558152133,0,88
2023-08-30,SKU_17,Category_3,27,1964.9909558152133,0,27
2023-08-31,SKU_17,Category_3,28,1964.9909558152133,0,28
2023-09-01,SKU_17,Category_3,38,1964.9909558152133,0,38
2023-09-02,SKU_17,Category_3,36,1964.9909558152133,0,36
2023-09-03,SKU_17,Category_3,61,1964.9909558152133,0,79
2023-09-04,SKU_17,Category_3,27,1964.9909558152133,0,27
2023-09-05,SKU_17,Category_3,32,1964.9909558152133,1,32
2023-09-06,SKU_17,Category_3,42,1964.9909558152133,0,42
2023-09-07,SKU_17,Category_3,42,1964.9909558152133,0,74
2023-09-08,SKU_17,Category_3,40,1964.9909558152133,0,46
2023-09-09,SKU_17,Category_3,55,1964.9909558152133,0,82
2023-09-10,SKU_17,Category_3,21,1964.9909558152133,0,21
2023-09-11,SKU_17,Category_3,28,1964.9909558152133,0,28
2023-09-12,SKU_17,Category_3,48,1964.9909558152133,0,71
2023-09-13,SKU_17,Category_3,40,1964.9909558152133,0,40
2023-09-14,SKU_17,Category_3,47,1964.9909558152133,1,47
2023-09-15,SKU_17,Category_3,38,1964.9909558152133,0,38
2023-09-16,SKU_17,Category_3,57,1964.9909558152133,0,77
2023-09-17,SKU_17,Category_3,29,1964.9909558152133,0,29
2023-09-18,SKU_17,Category_3,61,1964.9909558152133,1,61
2023-09-19,SKU_17,Category_3,35,1964.9909558152133,0,45
2023-09-20,SKU_17,Category_3,34,1964.9909558152133,0,82
2023-09-21,SKU_17,Category_3,52,1964.9909558152133,0,55
2023-09-22,SKU_17,Category_3,24,1964.9909558152133,0,24
2023-09-23,SKU_17,Category_3,54,1964.9909558152133,0,89
2023-09-24,SKU_17,Category_3,37,1964.9909558152133,0,37
2023-09-25,SKU_17,Category_3,59,1964.9909558152133,1,69
2023-09-26,SKU_17,Category_3,20,1964.9909558152133,0,20
2023-09-27,SKU_17,Category_3,40,1964.9909558152133,0,98
2023-09-28,SKU_17,Category_3,54,1964.9909558152133,0,98
2023-09-29,SKU_17,Category_3,41,1964.9909558152133,0,85
2023-09-30,SKU_17,Category_3,51,1964.9909558152133,0,59
2023-10-01,SKU_17,Category_3,54,1964.9909558152133,0,91
2023-10-02,SKU_17,Category_3,38,1964.9909558152133,0,79
2023-10-03,SKU_17,Category_3,50,1964.9909558152133,0,94
2023-10-04,SKU_17,Category_3,51,1964.9909558152133,0,94
2023-10-05,SKU_17,Category_3,36,1964.9909558152133,0,36
2023-10-06,SKU_17,Category_3,46,1964.9909558152133,0,46
2023-10-07,SKU_17,Category_3,57,1964.9909558152133,0,57
2023-10-08,SKU_17,Category_3,13,1964.9909558152133,0,13
2023-10-09,SKU_17,Category_3,49,1964.9909558152133,0,70
2023-10-10,SKU_17,Category_3,42,1964.9909558152133,0,68
2023-10-11,SKU_17,Category_3,42,1964.9909558152133,0,82
2023-10-12,SKU_17,Category_3,17,1964.9909558152133,0,17
2023-10-13,SKU_17,Category_3,47,1964.9909558152133,0,52
2023-10-14,SKU_17,Category_3,48,1964.9909558152133,0,48
2023-10-15,SKU_17,Category_3,11,1964.9909558152133,0,11
2023-10-16,SKU_17,Category_3,49,1964.9909558152133,0,78
2023-10-17,SKU_17,Category_3,40,1964.9909558152133,0,42
2023-10-18,SKU_17,Category_3,20,1964.9909558152133,0,20
2023-10-19,SKU_17,Category_3,37,1964.9909558152133,0,81
2023-10-20,SKU_17,Category_3,30,1964.9909558152133,0,30
2023-10-21,SKU_17,Category_3,53,1964.9909558152133,0,79
2023-10-22,SKU_17,Category_3,25,1964.9909558152133,0,25
2023-10-23,SKU_17,Category_3,44,1964.9909558152133,0,44
2023-10-24,SKU_17,Category_3,43,1964.9909558152133,0,47
2023-10-25,SKU_17,Category_3,39,1964.9909558152133,0,86
2023-10-26,SKU_17,Category_3,26,1964.9909558152133,0,26
2023-10-27,SKU_17,Category_3,45,1964.9909558152133,0,66
2023-10-28,SKU_17,Category_3,39,1964.9909558152133,0,39
2023-10-29,SKU_17,Category_3,56,1964.9909558152133,0,80
2023-10-30,SKU_17,Category_3,31,1964.9909558152133,0,31
2023-10-31,SKU_17,Category_3,15,1964.9909558152133,0,15
2023-11-01,SKU_17,Category_3,44,1964.9909558152133,0,83
2023-11-02,SKU_17,Category_3,39,1964.9909558152133,0,95
2023-11-03,SKU_17,Category_3,20,1964.9909558152133,0,20
2023-11-04,SKU_17,Category_3,17,1964.9909558152133,0,17
2023-11-05,SKU_17,Category_3,54,1964.9909558152133,0,71
2023-11-06,SKU_17,Category_3,72,1964.9909558152133,1,85
2023-11-07,SKU_17,Category_3,41,1964.9909558152133,0,53
2023-11-08,SKU_17,Category_3,38,1964.9909558152133,0,38
2023-11-09,SKU_17,Category_3,48,1964.9909558152133,0,53
2023-11-10,SKU_17,Category_3,35,1964.9909558152133,0,93
2023-11-11,SKU_17,Category_3,47,1964.9909558152133,0,47
2023-11-12,SKU_17,Category_3,36,1964.9909558152133,0,36
2023-11-13,SKU_17,Category_3,38,1964.9909558152133,1,38
2023-11-14,SKU_17,Category_3,43,1964.9909558152133,0,97
2023-11-15,SKU_17,Category_3,46,1964.9909558152133,0,65
2023-11-16,SKU_17,Category_3,42,1964.9909558152133,0,87
2023-11-17,SKU_17,Category_3,42,1964.9909558152133,0,42
2023-11-18,SKU_17,Category_3,35,1964.9909558152133,0,35
2023-11-19,SKU_17,Category_3,54,1964.9909558152133,0,76
2023-11-20,SKU_17,Category_3,33,1964.9909558152133,0,76
2023-11-21,SKU_17,Category_3,10,1964.9909558152133,1,10
2023-11-22,SKU_17,Category_3,40,1964.9909558152133,0,46
2023-11-23,SKU_17,Category_3,45,1964.9909558152133,0,66
2023-11-24,SKU_17,Category_3,23,1964.9909558152133,0,23
2023-11-25,SKU_17,Category_3,53,1964.9909558152133,0,80
2023-11-26,SKU_17,Category_3,51,1964.9909558152133,0,51
2023-11-27,SKU_17,Category_3,16,1964.9909558152133,0,16
2023-11-28,SKU_17,Category_3,47,1964.9909558152133,0,47
2023-11-29,SKU_17,Category_3,41,1964.9909558152133,1,41
2023-11-30,SKU_17,Category_3,47,1964.9909558152133,0,60
2023-12-01,SKU_17,Category_3,30,1964.9909558152133,0,30
2023-12-02,SKU_17,Category_3,25,1964.9909558152133,0,25
2023-12-03,SKU_17,Category_3,62,1964.9909558152133,0,79
2023-12-04,SKU_17,Category_3,38,1964.9909558152133,0,89
2023-12-05,SKU_17,Category_3,41,1964.9909558152133,0,41
2023-12-06,SKU_17,Category_3,49,1964.9909558152133,0,52
2023-12-07,SKU_17,Category_3,42,1964.9909558152133,0,77
2023-12-08,SKU_17,Category_3,55,1964.9909558152133,0,98
2023-12-09,SKU_17,Category_3,41,1964.9909558152133,1,41
2023-12-10,SKU_17,Category_3,26,1964.9909558152133,1,26
2023-12-11,SKU_17,Category_3,21,1964.9909558152133,0,21
2023-12-12,SKU_17,Category_3,28,1964.9909558152133,0,28
2023-12-13,SKU_17,Category_3,36,1964.9909558152133,0,82
2023-12-14,SKU_17,Category_3,36,1964.9909558152133,0,69
2023-12-15,SKU_17,Category_3,50,1964.9909558152133,0,91
2023-12-16,SKU_17,Category_3,49,1964.9909558152133,0,95
2023-12-17,SKU_17,Category_3,57,1964.9909558152133,0,57
2023-12-18,SKU_17,Category_3,38,1964.9909558152133,0,84
2023-12-19,SKU_17,Category_3,22,1964.9909558152133,1,22
2023-12-20,SKU_17,Category_3,44,1964.9909558152133,0,79
2023-12-21,SKU_17,Category_3,41,1964.9909558152133,0,79
2023-12-22,SKU_17,Category_3,12,1964.9909558152133,0,12
2023-12-23,SKU_17,Category_3,55,1964.9909558152133,0,83
2023-12-24,SKU_17,Category_3,29,1964.9909558152133,0,29
2023-12-25,SKU_17,Category_3,39,1964.9909558152133,0,62
2023-12-26,SKU_17,Category_3,45,1964.9909558152133,0,94
2023-12-27,SKU_17,Category_3,42,1964.9909558152133,0,82
2023-12-28,SKU_17,Category_3,39,1964.9909558152133,0,84
2023-12-29,SKU_17,Category_3,16,1964.9909558152133,0,16
2023-12-30,SKU_17,Category_3,47,1964.9909558152133,0,47
2023-12-31,SKU_17,Category_3,54,1964.9909558152133,0,92
2023-01-01,SKU_18,Category_4,30,1986.0433488487708,0,30
2023-01-02,SKU_18,Category_4,22,1986.0433488487708,0,55
2023-01-03,SKU_18,Category_4,24,1986.0433488487708,0,54
2023-01-04,SKU_18,Category_4,37,1986.0433488487708,0,63
2023-01-05,SKU_18,Category_4,26,1986.0433488487708,0,78
2023-01-06,SKU_18,Category_4,40,1986.0433488487708,1,76
2023-01-07,SKU_18,Category_4,29,1986.0433488487708,0,70
2023-01-08,SKU_18,Category_4,40,1986.0433488487708,0,72
2023-01-09,SKU_18,Category_4,42,1986.0433488487708,1,55
2023-01-10,SKU_18,Category_4,26,1986.0433488487708,0,26
2023-01-11,SKU_18,Category_4,14,1986.0433488487708,0,59
2023-01-12,SKU_18,Category_4,36,1986.0433488487708,1,95
2023-01-13,SKU_18,Category_4,31,1986.0433488487708,0,81
2023-01-14,SKU_18,Category_4,30,1986.0433488487708,0,45
2023-01-15,SKU_18,Category_4,32,1986.0433488487708,0,42
2023-01-16,SKU_18,Category_4,25,1986.0433488487708,0,42
2023-01-17,SKU_18,Category_4,23,1986.0433488487708,0,23
2023-01-18,SKU_18,Category_4,29,1986.0433488487708,0,41
2023-01-19,SKU_18,Category_4,25,1986.0433488487708,0,85
2023-01-20,SKU_18,Category_4,29,1986.0433488487708,0,65
2023-01-21,SKU_18,Category_4,32,1986.0433488487708,0,69
2023-01-22,SKU_18,Category_4,17,1986.0433488487708,0,17
2023-01-23,SKU_18,Category_4,18,1986.0433488487708,0,35
2023-01-24,SKU_18,Category_4,26,1986.0433488487708,0,55
2023-01-25,SKU_18,Category_4,31,1986.0433488487708,0,74
2023-01-26,SKU_18,Category_4,40,1986.0433488487708,1,97
2023-01-27,SKU_18,Category_4,25,1986.0433488487708,1,25
2023-01-28,SKU_18,Category_4,32,1986.0433488487708,0,50
2023-01-29,SKU_18,Category_4,29,1986.0433488487708,0,48
2023-01-30,SKU_18,Category_4,29,1986.0433488487708,0,52
2023-01-31,SKU_18,Category_4,32,1986.0433488487708,0,55
2023-02-01,SKU_18,Category_4,22,1986.0433488487708,0,62
2023-02-02,SKU_18,Category_4,12,1986.0433488487708,0,12
2023-02-03,SKU_18,Category_4,23,1986.0433488487708,0,46
2023-02-04,SKU_18,Category_4,29,1986.0433488487708,0,90
2023-02-05,SKU_18,Category_4,36,1986.0433488487708,0,61
2023-02-06,SKU_18,Category_4,21,1986.0433488487708,0,21
2023-02-07,SKU_18,Category_4,23,1986.0433488487708,0,88
2023-02-08,SKU_18,Category_4,24,1986.0433488487708,0,80
2023-02-09,SKU_18,Category_4,22,1986.0433488487708,0,70
2023-02-10,SKU_18,Category_4,24,1986.0433488487708,0,44
2023-02-11,SKU_18,Category_4,31,1986.0433488487708,0,75
2023-02-12,SKU_18,Category_4,13,1986.0433488487708,0,13
2023-02-13,SKU_18,Category_4,10,1986.0433488487708,0,64
2023-02-14,SKU_18,Category_4,25,1986.0433488487708,0,90
2023-02-15,SKU_18,Category_4,18,1986.0433488487708,0,71
2023-02-16,SKU_18,Category_4,34,1986.0433488487708,0,57
2023-02-17,SKU_18,Category_4,26,1986.0433488487708,0,75
2023-02-18,SKU_18,Category_4,37,1986.0433488487708,0,57
2023-02-19,SKU_18,Category_4,12,1986.0433488487708,0,12
2023-02-20,SKU_18,Category_4,25,1986.0433488487708,0,41
2023-02-21,SKU_18,Category_4,24,1986.0433488487708,0,24
2023-02-22,SKU_18,Category_4,28,1986.0433488487708,0,73
2023-02-23,SKU_18,Category_4,36,1986.0433488487708,0,99
2023-02-24,SKU_18,Category_4,30,1986.0433488487708,0,40
2023-02-25,SKU_18,Category_4,35,1986.0433488487708,0,51
2023-02-26,SKU_18,Category_4,35,1986.0433488487708,0,45
2023-02-27,SKU_18,Category_4,16,1986.0433488487708,0,16
2023-02-28,SKU_18,Category_4,17,1986.0433488487708,0,73
2023-03-01,SKU_18,Category_4,28,1986.0433488487708,0,37
2023-03-02,SKU_18,Category_4,22,1986.0433488487708,0,22
2023-03-03,SKU_18,Category_4,25,1986.0433488487708,0,34
2023-03-04,SKU_18,Category_4,36,1986.0433488487708,0,57
2023-03-05,SKU_18,Category_4,27,1986.0433488487708,0,28
2023-03-06,SKU_18,Category_4,27,1986.0433488487708,0,43
2023-03-07,SKU_18,Category_4,15,1986.0433488487708,0,15
2023-03-08,SKU_18,Category_4,30,1986.0433488487708,0,95
2023-03-09,SKU_18,Category_4,28,1986.0433488487708,0,74
2023-03-10,SKU_18,Category_4,29,1986.0433488487708,0,56
2023-03-11,SKU_18,Category_4,52,1986.0433488487708,1,60
2023-03-12,SKU_18,Category_4,31,1986.0433488487708,0,31
2023-03-13,SKU_18,Category_4,31,1986.0433488487708,0,53
2023-03-14,SKU_18,Category_4,11,1986.0433488487708,0,11
2023-03-15,SKU_18,Category_4,35,1986.0433488487708,0,35
2023-03-16,SKU_18,Category_4,23,1986.0433488487708,0,84
2023-03-17,SKU_18,Category_4,32,1986.0433488487708,0,67
2023-03-18,SKU_18,Category_4,30,1986.0433488487708,0,30
2023-03-19,SKU_18,Category_4,34,1986.0433488487708,0,94
2023-03-20,SKU_18,Category_4,23,1986.0433488487708,0,62
2023-03-21,SKU_18,Category_4,39,1986.0433488487708,1,71
2023-03-22,SKU_18,Category_4,18,1986.0433488487708,0,59
2023-03-23,SKU_18,Category_4,21,1986.0433488487708,0,89
2023-03-24,SKU_18,Category_4,14,1986.0433488487708,0,14
2023-03-25,SKU_18,Category_4,23,1986.0433488487708,0,29
2023-03-26,SKU_18,Category_4,34,1986.0433488487708,0,94
2023-03-27,SKU_18,Category_4,25,1986.0433488487708,0,79
2023-03-28,SKU_18,Category_4,30,1986.0433488487708,0,51
2023-03-29,SKU_18,Category_4,17,1986.0433488487708,0,61
2023-03-30,SKU_18,Category_4,28,1986.0433488487708,0,47
2023-03-31,SKU_18,Category_4,23,1986.0433488487708,0,50
2023-04-01,SKU_18,Category_4,35,1986.0433488487708,0,97
2023-04-02,SKU_18,Category_4,36,1986.0433488487708,0,90
2023-04-03,SKU_18,Category_4,21,1986.0433488487708,0,68
2023-04-04,SKU_18,Category_4,29,1986.0433488487708,0,57
2023-04-05,SKU_18,Category_4,29,1986.0433488487708,0,87
2023-04-06,SKU_18,Category_4,25,1986.0433488487708,0,72
2023-04-07,SKU_18,Category_4,30,1986.0433488487708,0,30
2023-04-08,SKU_18,Category_4,35,1986.0433488487708,0,51
2023-04-09,SKU_18,Category_4,31,1986.0433488487708,0,36
2023-04-10,SKU_18,Category_4,35,1986.0433488487708,0,65
2023-04-11,SKU_18,Category_4,19,1986.0433488487708,0,94
2023-04-12,SKU_18,Category_4,20,1986.0433488487708,0,27
2023-04-13,SKU_18,Category_4,11,1986.0433488487708,0,11
2023-04-14,SKU_18,Category_4,30,1986.0433488487708,0,84
2023-04-15,SKU_18,Category_4,27,1986.0433488487708,0,56
2023-04-16,SKU_18,Category_4,20,1986.0433488487708,0,20
2023-04-17,SKU_18,Category_4,30,1986.0433488487708,0,95
2023-04-18,SKU_18,Category_4,25,1986.0433488487708,0,78
2023-04-19,SKU_18,Category_4,23,1986.0433488487708,0,77
2023-04-20,SKU_18,Category_4,17,1986.0433488487708,0,71
2023-04-21,SKU_18,Category_4,17,1986.0433488487708,0,82
2023-04-22,SKU_18,Category_4,23,1986.0433488487708,0,23
2023-04-23,SKU_18,Category_4,23,1986.0433488487708,0,23
2023-04-24,SKU_18,Category_4,12,1986.0433488487708,0,12
2023-04-25,SKU_18,Category_4,27,1986.0433488487708,0,30
2023-04-26,SKU_18,Category_4,24,1986.0433488487708,0,24
2023-04-27,SKU_18,Category_4,20,1986.0433488487708,0,20
2023-04-28,SKU_18,Category_4,39,1986.0433488487708,1,90
2023-04-29,SKU_18,Category_4,22,1986.0433488487708,0,22
2023-04-30,SKU_18,Category_4,33,1986.0433488487708,0,74
2023-05-01,SKU_18,Category_4,20,1986.0433488487708,0,46
2023-05-02,SKU_18,Category_4,23,1986.0433488487708,0,71
2023-05-03,SKU_18,Category_4,26,1986.0433488487708,0,95
2023-05-04,SKU_18,Category_4,29,1986.0433488487708,0,77
2023-05-05,SKU_18,Category_4,17,1986.0433488487708,0,26
2023-05-06,SKU_18,Category_4,22,1986.0433488487708,0,79
2023-05-07,SKU_18,Category_4,39,1986.0433488487708,0,86
2023-05-08,SKU_18,Category_4,36,1986.0433488487708,1,41
2023-05-09,SKU_18,Category_4,24,1986.0433488487708,0,96
2023-05-10,SKU_18,Category_4,30,1986.0433488487708,0,97
2023-05-11,SKU_18,Category_4,14,1986.0433488487708,0,14
2023-05-12,SKU_18,Category_4,24,1986.0433488487708,0,58
2023-05-13,SKU_18,Category_4,24,1986.0433488487708,0,45
2023-05-14,SKU_18,Category_4,41,1986.0433488487708,0,71
2023-05-15,SKU_18,Category_4,24,1986.0433488487708,0,92
2023-05-16,SKU_18,Category_4,25,1986.0433488487708,0,98
2023-05-17,SKU_18,Category_4,30,1986.0433488487708,0,66
2023-05-18,SKU_18,Category_4,26,1986.0433488487708,0,54
2023-05-19,SKU_18,Category_4,33,1986.0433488487708,0,74
2023-05-20,SKU_18,Category_4,57,1986.0433488487708,1,99
2023-05-21,SKU_18,Category_4,38,1986.0433488487708,0,67
2023-05-22,SKU_18,Category_4,27,1986.0433488487708,0,32
2023-05-23,SKU_18,Category_4,18,1986.0433488487708,1,18
2023-05-24,SKU_18,Category_4,22,1986.0433488487708,0,83
2023-05-25,SKU_18,Category_4,19,1986.0433488487708,0,59
2023-05-26,SKU_18,Category_4,19,1986.0433488487708,0,65
2023-05-27,SKU_18,Category_4,25,1986.0433488487708,0,25
2023-05-28,SKU_18,Category_4,15,1986.0433488487708,0,15
2023-05-29,SKU_18,Category_4,35,1986.0433488487708,1,60
2023-05-30,SKU_18,Category_4,22,1986.0433488487708,0,63
2023-05-31,SKU_18,Category_4,27,1986.0433488487708,0,47
2023-06-01,SKU_18,Category_4,29,1986.0433488487708,0,96
2023-06-02,SKU_18,Category_4,34,1986.0433488487708,0,79
2023-06-03,SKU_18,Category_4,31,1986.0433488487708,0,31
2023-06-04,SKU_18,Category_4,37,1986.0433488487708,0,42
2023-06-05,SKU_18,Category_4,23,1986.0433488487708,0,88
2023-06-06,SKU_18,Category_4,32,1986.0433488487708,0,97
2023-06-07,SKU_18,Category_4,20,1986.0433488487708,0,88
2023-06-08,SKU_18,Category_4,28,1986.0433488487708,0,54
2023-06-09,SKU_18,Category_4,25,1986.0433488487708,0,42
2023-06-10,SKU_18,Category_4,37,1986.0433488487708,0,96
2023-06-11,SKU_18,Category_4,27,1986.0433488487708,0,95
2023-06-12,SKU_18,Category_4,30,1986.0433488487708,0,71
2023-06-13,SKU_18,Category_4,26,1986.0433488487708,0,73
2023-06-14,SKU_18,Category_4,16,1986.0433488487708,0,68
2023-06-15,SKU_18,Category_4,34,1986.0433488487708,0,43
2023-06-16,SKU_18,Category_4,16,1986.0433488487708,1,16
2023-06-17,SKU_18,Category_4,33,1986.0433488487708,0,56
2023-06-18,SKU_18,Category_4,50,1986.0433488487708,1,57
2023-06-19,SKU_18,Category_4,20,1986.0433488487708,0,20
2023-06-20,SKU_18,Category_4,11,1986.0433488487708,0,11
2023-06-21,SKU_18,Category_4,26,1986.0433488487708,0,81
2023-06-22,SKU_18,Category_4,25,1986.0433488487708,0,80
2023-06-23,SKU_18,Category_4,23,1986.0433488487708,0,23
2023-06-24,SKU_18,Category_4,33,1986.0433488487708,0,33
2023-06-25,SKU_18,Category_4,27,1986.0433488487708,0,27
2023-06-26,SKU_18,Category_4,13,1986.0433488487708,0,13
2023-06-27,SKU_18,Category_4,25,1986.0433488487708,0,60
2023-06-28,SKU_18,Category_4,28,1986.0433488487708,0,29
2023-06-29,SKU_18,Category_4,30,1986.0433488487708,0,56
2023-06-30,SKU_18,Category_4,19,1986.0433488487708,0,68
2023-07-01,SKU_18,Category_4,31,1986.0433488487708,0,61
2023-07-02,SKU_18,Category_4,44,1986.0433488487708,0,51
2023-07-03,SKU_18,Category_4,29,1986.0433488487708,0,89
2023-07-04,SKU_18,Category_4,23,1986.0433488487708,0,55
2023-07-05,SKU_18,Category_4,43,1986.0433488487708,1,61
2023-07-06,SKU_18,Category_4,20,1986.0433488487708,0,90
2023-07-07,SKU_18,Category_4,27,1986.0433488487708,0,62
2023-07-08,SKU_18,Category_4,30,1986.0433488487708,0,79
2023-07-09,SKU_18,Category_4,15,1986.0433488487708,1,15
2023-07-10,SKU_18,Category_4,36,1986.0433488487708,0,48
2023-07-11,SKU_18,Category_4,22,1986.0433488487708,0,89
2023-07-12,SKU_18,Category_4,19,1986.0433488487708,0,19
2023-07-13,SKU_18,Category_4,21,1986.0433488487708,0,21
2023-07-14,SKU_18,Category_4,28,1986.0433488487708,0,41
2023-07-15,SKU_18,Category_4,36,1986.0433488487708,0,99
2023-07-16,SKU_18,Category_4,48,1986.0433488487708,1,70
2023-07-17,SKU_18,Category_4,10,1986.0433488487708,0,10
2023-07-18,SKU_18,Category_4,28,1986.0433488487708,0,76
2023-07-19,SKU_18,Category_4,22,1986.0433488487708,0,22
2023-07-20,SKU_18,Category_4,21,1986.0433488487708,0,45
2023-07-21,SKU_18,Category_4,25,1986.0433488487708,0,85
2023-07-22,SKU_18,Category_4,52,1986.0433488487708,1,63
2023-07-23,SKU_18,Category_4,33,1986.0433488487708,0,95
2023-07-24,SKU_18,Category_4,30,1986.0433488487708,0,43
2023-07-25,SKU_18,Category_4,22,1986.0433488487708,0,37
2023-07-26,SKU_18,Category_4,23,1986.0433488487708,0,86
2023-07-27,SKU_18,Category_4,26,1986.0433488487708,0,91
2023-07-28,SKU_18,Category_4,32,1986.0433488487708,0,51
2023-07-29,SKU_18,Category_4,39,1986.0433488487708,0,92
2023-07-30,SKU_18,Category_4,23,1986.0433488487708,0,23
2023-07-31,SKU_18,Category_4,29,1986.0433488487708,0,80
2023-08-01,SKU_18,Category_4,39,1986.0433488487708,1,92
2023-08-02,SKU_18,Category_4,19,1986.0433488487708,0,52
2023-08-03,SKU_18,Category_4,21,1986.0433488487708,0,21
2023-08-04,SKU_18,Category_4,30,1986.0433488487708,0,87
2023-08-05,SKU_18,Category_4,39,1986.0433488487708,0,64
2023-08-06,SKU_18,Category_4,20,1986.0433488487708,0,20
2023-08-07,SKU_18,Category_4,24,1986.0433488487708,0,62
2023-08-08,SKU_18,Category_4,23,1986.0433488487708,0,96
2023-08-09,SKU_18,Category_4,40,1986.0433488487708,1,69
2023-08-10,SKU_18,Category_4,23,1986.0433488487708,0,91
2023-08-11,SKU_18,Category_4,26,1986.0433488487708,0,82
2023-08-12,SKU_18,Category_4,17,1986.0433488487708,0,17
2023-08-13,SKU_18,Category_4,13,1986.0433488487708,0,13
2023-08-14,SKU_18,Category_4,28,1986.0433488487708,0,55
2023-08-15,SKU_18,Category_4,26,1986.0433488487708,0,87
2023-08-16,SKU_18,Category_4,30,1986.0433488487708,0,46
2023-08-17,SKU_18,Category_4,30,1986.0433488487708,0,69
2023-08-18,SKU_18,Category_4,23,1986.0433488487708,0,52
2023-08-19,SKU_18,Category_4,23,1986.0433488487708,0,95
2023-08-20,SKU_18,Category_4,30,1986.0433488487708,0,30
2023-08-21,SKU_18,Category_4,26,1986.0433488487708,0,26
2023-08-22,SKU_18,Category_4,17,1986.0433488487708,0,31
2023-08-23,SKU_18,Category_4,19,1986.0433488487708,0,19
2023-08-24,SKU_18,Category_4,28,1986.0433488487708,0,45
2023-08-25,SKU_18,Category_4,16,1986.0433488487708,0,77
2023-08-26,SKU_18,Category_4,41,1986.0433488487708,0,78
2023-08-27,SKU_18,Category_4,31,1986.0433488487708,0,44
2023-08-28,SKU_18,Category_4,15,1986.0433488487708,0,15
2023-08-29,SKU_18,Category_4,32,1986.0433488487708,0,37
2023-08-30,SKU_18,Category_4,27,1986.0433488487708,0,27
2023-08-31,SKU_18,Category_4,24,1986.0433488487708,0,98
2023-09-01,SKU_18,Category_4,34,1986.0433488487708,1,92
2023-09-02,SKU_18,Category_4,31,1986.0433488487708,0,53
2023-09-03,SKU_18,Category_4,29,1986.0433488487708,0,67
2023-09-04,SKU_18,Category_4,32,1986.0433488487708,0,45
2023-09-05,SKU_18,Category_4,25,1986.0433488487708,0,56
2023-09-06,SKU_18,Category_4,34,1986.0433488487708,0,55
2023-09-07,SKU_18,Category_4,22,1986.0433488487708,0,97
2023-09-08,SKU_18,Category_4,16,1986.0433488487708,0,16
2023-09-09,SKU_18,Category_4,24,1986.0433488487708,0,24
2023-09-10,SKU_18,Category_4,32,1986.0433488487708,0,32
2023-09-11,SKU_18,Category_4,22,1986.0433488487708,0,69
2023-09-12,SKU_18,Category_4,28,1986.0433488487708,0,67
2023-09-13,SKU_18,Category_4,24,1986.0433488487708,0,45
2023-09-14,SKU_18,Category_4,24,1986.0433488487708,0,90
2023-09-15,SKU_18,Category_4,12,1986.0433488487708,0,12
2023-09-16,SKU_18,Category_4,39,1986.0433488487708,0,95
2023-09-17,SKU_18,Category_4,31,1986.0433488487708,0,65
2023-09-18,SKU_18,Category_4,19,1986.0433488487708,0,40
2023-09-19,SKU_18,Category_4,20,1986.0433488487708,0,20
2023-09-20,SKU_18,Category_4,23,1986.0433488487708,0,36
2023-09-21,SKU_18,Category_4,32,1986.0433488487708,0,56
2023-09-22,SKU_18,Category_4,30,1986.0433488487708,0,88
2023-09-23,SKU_18,Category_4,47,1986.0433488487708,1,57
2023-09-24,SKU_18,Category_4,24,1986.0433488487708,0,24
2023-09-25,SKU_18,Category_4,19,1986.0433488487708,0,19
2023-09-26,SKU_18,Category_4,25,1986.0433488487708,0,87
2023-09-27,SKU_18,Category_4,30,1986.0433488487708,0,64
2023-09-28,SKU_18,Category_4,21,1986.0433488487708,0,27
2023-09-29,SKU_18,Category_4,47,1986.0433488487708,1,66
2023-09-30,SKU_18,Category_4,31,1986.0433488487708,0,35
2023-10-01,SKU_18,Category_4,34,1986.0433488487708,0,76
2023-10-02,SKU_18,Category_4,31,1986.0433488487708,0,43
2023-10-03,SKU_18,Category_4,29,1986.0433488487708,0,82
2023-10-04,SKU_18,Category_4,23,1986.0433488487708,0,86
2023-10-05,SKU_18,Category_4,30,1986.0433488487708,0,39
2023-10-06,SKU_18,Category_4,20,1986.0433488487708,0,26
2023-10-07,SKU_18,Category_4,10,1986.0433488487708,1,10
2023-10-08,SKU_18,Category_4,34,1986.0433488487708,0,40
2023-10-09,SKU_18,Category_4,31,1986.0433488487708,0,94
2023-10-10,SKU_18,Category_4,17,1986.0433488487708,0,65
2023-10-11,SKU_18,Category_4,25,1986.0433488487708,0,59
2023-10-12,SKU_18,Category_4,22,1986.0433488487708,0,87
2023-10-13,SKU_18,Category_4,38,1986.0433488487708,1,80
2023-10-14,SKU_18,Category_4,13,1986.0433488487708,0,13
2023-10-15,SKU_18,Category_4,36,1986.0433488487708,0,53
2023-10-16,SKU_18,Category_4,25,1986.0433488487708,0,46
2023-10-17,SKU_18,Category_4,25,1986.0433488487708,0,58
2023-10-18,SKU_18,Category_4,17,1986.0433488487708,0,17
2023-10-19,SKU_18,Category_4,28,1986.0433488487708,0,47
2023-10-20,SKU_18,Category_4,33,1986.0433488487708,0,87
2023-10-21,SKU_18,Category_4,28,1986.0433488487708,0,90
2023-10-22,SKU_18,Category_4,39,1986.0433488487708,0,57
2023-10-23,SKU_18,Category_4,17,1986.0433488487708,1,17
2023-10-24,SKU_18,Category_4,39,1986.0433488487708,1,85
2023-10-25,SKU_18,Category_4,21,1986.0433488487708,0,21
2023-10-26,SKU_18,Category_4,16,1986.0433488487708,0,16
2023-10-27,SKU_18,Category_4,19,1986.0433488487708,0,74
2023-10-28,SKU_18,Category_4,26,1986.0433488487708,0,26
2023-10-29,SKU_18,Category_4,13,1986.0433488487708,0,13
2023-10-30,SKU_18,Category_4,26,1986.0433488487708,0,38
2023-10-31,SKU_18,Category_4,25,1986.0433488487708,0,91
2023-11-01,SKU_18,Category_4,28,1986.0433488487708,0,69
2023-11-02,SKU_18,Category_4,10,1986.0433488487708,0,26
2023-11-03,SKU_18,Category_4,23,1986.0433488487708,0,77
2023-11-04,SKU_18,Category_4,30,1986.0433488487708,0,37
2023-11-05,SKU_18,Category_4,24,1986.0433488487708,0,80
2023-11-06,SKU_18,Category_4,23,1986.0433488487708,0,89
2023-11-07,SKU_18,Category_4,36,1986.0433488487708,1,81
2023-11-08,SKU_18,Category_4,22,1986.0433488487708,0,65
2023-11-09,SKU_18,Category_4,22,1986.0433488487708,0,49
2023-11-10,SKU_18,Category_4,14,1986.0433488487708,0,15
2023-11-11,SKU_18,Category_4,33,1986.0433488487708,0,74
2023-11-12,SKU_18,Category_4,40,1986.0433488487708,0,96
2023-11-13,SKU_18,Category_4,20,1986.0433488487708,0,62
2023-11-14,SKU_18,Category_4,26,1986.0433488487708,0,49
2023-11-15,SKU_18,Category_4,25,1986.0433488487708,0,60
2023-11-16,SKU_18,Category_4,31,1986.0433488487708,0,74
2023-11-17,SKU_18,Category_4,26,1986.0433488487708,0,86
2023-11-18,SKU_18,Category_4,10,1986.0433488487708,0,10
2023-11-19,SKU_18,Category_4,43,1986.0433488487708,1,52
2023-11-20,SKU_18,Category_4,34,1986.0433488487708,0,98
2023-11-21,SKU_18,Category_4,15,1986.0433488487708,0,58
2023-11-22,SKU_18,Category_4,12,1986.0433488487708,0,12
2023-11-23,SKU_18,Category_4,30,1986.0433488487708,0,61
2023-11-24,SKU_18,Category_4,35,1986.0433488487708,1,78
2023-11-25,SKU_18,Category_4,17,1986.0433488487708,0,17
2023-11-26,SKU_18,Category_4,30,1986.0433488487708,0,30
2023-11-27,SKU_18,Category_4,30,1986.0433488487708,0,99
2023-11-28,SKU_18,Category_4,16,1986.0433488487708,0,16
2023-11-29,SKU_18,Category_4,20,1986.0433488487708,0,41
2023-11-30,SKU_18,Category_4,28,1986.0433488487708,0,33
2023-12-01,SKU_18,Category_4,24,1986.0433488487708,0,55
2023-12-02,SKU_18,Category_4,28,1986.0433488487708,0,75
2023-12-03,SKU_18,Category_4,39,1986.0433488487708,0,40
2023-12-04,SKU_18,Category_4,21,1986.0433488487708,0,98
2023-12-05,SKU_18,Category_4,22,1986.0433488487708,0,62
2023-12-06,SKU_18,Category_4,29,1986.0433488487708,0,95
2023-12-07,SKU_18,Category_4,20,1986.0433488487708,0,44
2023-12-08,SKU_18,Category_4,30,1986.0433488487708,0,30
2023-12-09,SKU_18,Category_4,38,1986.0433488487708,0,84
2023-12-10,SKU_18,Category_4,41,1986.0433488487708,1,41
2023-12-11,SKU_18,Category_4,27,1986.0433488487708,0,27
2023-12-12,SKU_18,Category_4,18,1986.0433488487708,0,18
2023-12-13,SKU_18,Category_4,22,1986.0433488487708,0,60
2023-12-14,SKU_18,Category_4,25,1986.0433488487708,0,71
2023-12-15,SKU_18,Category_4,20,1986.0433488487708,0,20
2023-12-16,SKU_18,Category_4,19,1986.0433488487708,1,19
2023-12-17,SKU_18,Category_4,27,1986.0433488487708,0,48
2023-12-18,SKU_18,Category_4,25,1986.0433488487708,0,70
2023-12-19,SKU_18,Category_4,17,1986.0433488487708,0,17
2023-12-20,SKU_18,Category_4,35,1986.0433488487708,0,60
2023-12-21,SKU_18,Category_4,22,1986.0433488487708,0,75
2023-12-22,SKU_18,Category_4,13,1986.0433488487708,0,13
2023-12-23,SKU_18,Category_4,28,1986.0433488487708,0,51
2023-12-24,SKU_18,Category_4,13,1986.0433488487708,1,13
2023-12-25,SKU_18,Category_4,28,1986.0433488487708,0,93
2023-12-26,SKU_18,Category_4,19,1986.0433488487708,0,41
2023-12-27,SKU_18,Category_4,21,1986.0433488487708,0,21
2023-12-28,SKU_18,Category_4,28,1986.0433488487708,0,87
2023-12-29,SKU_18,Category_4,24,1986.0433488487708,0,97
2023-12-30,SKU_18,Category_4,28,1986.0433488487708,0,85
2023-12-31,SKU_18,Category_4,27,1986.0433488487708,0,28
2023-01-01,SKU_19,Category_5,46,1342.132516997518,0,46
2023-01-02,SKU_19,Category_5,30,1342.132516997518,0,57
2023-01-03,SKU_19,Category_5,30,1342.132516997518,0,30
2023-01-04,SKU_19,Category_5,43,1342.132516997518,0,86
2023-01-05,SKU_19,Category_5,43,1342.132516997518,1,76
2023-01-06,SKU_19,Category_5,32,1342.132516997518,0,38
2023-01-07,SKU_19,Category_5,42,1342.132516997518,0,49
2023-01-08,SKU_19,Category_5,11,1342.132516997518,0,11
2023-01-09,SKU_19,Category_5,29,1342.132516997518,1,29
2023-01-10,SKU_19,Category_5,30,1342.132516997518,0,65
2023-01-11,SKU_19,Category_5,33,1342.132516997518,0,37
2023-01-12,SKU_19,Category_5,14,1342.132516997518,0,14
2023-01-13,SKU_19,Category_5,16,1342.132516997518,0,16
2023-01-14,SKU_19,Category_5,48,1342.132516997518,0,48
2023-01-15,SKU_19,Category_5,42,1342.132516997518,1,42
2023-01-16,SKU_19,Category_5,11,1342.132516997518,0,11
2023-01-17,SKU_19,Category_5,38,1342.132516997518,0,52
2023-01-18,SKU_19,Category_5,23,1342.132516997518,0,58
2023-01-19,SKU_19,Category_5,23,1342.132516997518,0,80
2023-01-20,SKU_19,Category_5,26,1342.132516997518,0,63
2023-01-21,SKU_19,Category_5,48,1342.132516997518,0,70
2023-01-22,SKU_19,Category_5,42,1342.132516997518,0,85
2023-01-23,SKU_19,Category_5,39,1342.132516997518,0,61
2023-01-24,SKU_19,Category_5,15,1342.132516997518,0,15
2023-01-25,SKU_19,Category_5,32,1342.132516997518,0,87
2023-01-26,SKU_19,Category_5,32,1342.132516997518,0,79
2023-01-27,SKU_19,Category_5,38,1342.132516997518,0,49
2023-01-28,SKU_19,Category_5,51,1342.132516997518,0,79
2023-01-29,SKU_19,Category_5,40,1342.132516997518,0,48
2023-01-30,SKU_19,Category_5,36,1342.132516997518,0,91
2023-01-31,SKU_19,Category_5,38,1342.132516997518,0,49
2023-02-01,SKU_19,Category_5,13,1342.132516997518,0,13
2023-02-02,SKU_19,Category_5,33,1342.132516997518,0,36
2023-02-03,SKU_19,Category_5,32,1342.132516997518,0,72
2023-02-04,SKU_19,Category_5,43,1342.132516997518,0,95
2023-02-05,SKU_19,Category_5,37,1342.132516997518,0,47
2023-02-06,SKU_19,Category_5,32,1342.132516997518,1,32
2023-02-07,SKU_19,Category_5,23,1342.132516997518,0,23
2023-02-08,SKU_19,Category_5,27,1342.132516997518,0,27
2023-02-09,SKU_19,Category_5,31,1342.132516997518,0,86
2023-02-10,SKU_19,Category_5,30,1342.132516997518,0,30
2023-02-11,SKU_19,Category_5,35,1342.132516997518,0,89
2023-02-12,SKU_19,Category_5,47,1342.132516997518,0,50
2023-02-13,SKU_19,Category_5,23,1342.132516997518,0,23
2023-02-14,SKU_19,Category_5,34,1342.132516997518,0,34
2023-02-15,SKU_19,Category_5,37,1342.132516997518,0,95
2023-02-16,SKU_19,Category_5,26,1342.132516997518,0,26
2023-02-17,SKU_19,Category_5,24,1342.132516997518,0,62
2023-02-18,SKU_19,Category_5,41,1342.132516997518,0,73
2023-02-19,SKU_19,Category_5,37,1342.132516997518,0,62
2023-02-20,SKU_19,Category_5,26,1342.132516997518,0,55
2023-02-21,SKU_19,Category_5,26,1342.132516997518,0,26
2023-02-22,SKU_19,Category_5,30,1342.132516997518,0,30
2023-02-23,SKU_19,Category_5,34,1342.132516997518,0,75
2023-02-24,SKU_19,Category_5,47,1342.132516997518,1,91
2023-02-25,SKU_19,Category_5,40,1342.132516997518,0,40
2023-02-26,SKU_19,Category_5,44,1342.132516997518,0,48
2023-02-27,SKU_19,Category_5,47,1342.132516997518,1,48
2023-02-28,SKU_19,Category_5,50,1342.132516997518,1,96
2023-03-01,SKU_19,Category_5,42,1342.132516997518,0,84
2023-03-02,SKU_19,Category_5,29,1342.132516997518,0,41
2023-03-03,SKU_19,Category_5,34,1342.132516997518,0,71
2023-03-04,SKU_19,Category_5,53,1342.132516997518,0,90
2023-03-05,SKU_19,Category_5,17,1342.132516997518,0,17
2023-03-06,SKU_19,Category_5,28,1342.132516997518,0,67
2023-03-07,SKU_19,Category_5,34,1342.132516997518,0,47
2023-03-08,SKU_19,Category_5,39,1342.132516997518,0,78
2023-03-09,SKU_19,Category_5,35,1342.132516997518,0,36
2023-03-10,SKU_19,Category_5,33,1342.132516997518,0,39
2023-03-11,SKU_19,Category_5,13,1342.132516997518,0,13
2023-03-12,SKU_19,Category_5,43,1342.132516997518,0,78
2023-03-13,SKU_19,Category_5,39,1342.132516997518,0,54
2023-03-14,SKU_19,Category_5,23,1342.132516997518,0,44
2023-03-15,SKU_19,Category_5,15,1342.132516997518,0,15
2023-03-16,SKU_19,Category_5,37,1342.132516997518,0,62
2023-03-17,SKU_19,Category_5,32,1342.132516997518,0,61
2023-03-18,SKU_19,Category_5,35,1342.132516997518,0,76
2023-03-19,SKU_19,Category_5,43,1342.132516997518,0,72
2023-03-20,SKU_19,Category_5,16,1342.132516997518,1,16
2023-03-21,SKU_19,Category_5,30,1342.132516997518,0,72
2023-03-22,SKU_19,Category_5,30,1342.132516997518,0,54
2023-03-23,SKU_19,Category_5,38,1342.132516997518,0,45
2023-03-24,SKU_19,Category_5,28,1342.132516997518,0,64
2023-03-25,SKU_19,Category_5,35,1342.132516997518,0,92
2023-03-26,SKU_19,Category_5,47,1342.132516997518,0,65
2023-03-27,SKU_19,Category_5,24,1342.132516997518,0,84
2023-03-28,SKU_19,Category_5,53,1342.132516997518,1,59
2023-03-29,SKU_19,Category_5,20,1342.132516997518,0,20
2023-03-30,SKU_19,Category_5,40,1342.132516997518,0,56
2023-03-31,SKU_19,Category_5,15,1342.132516997518,0,15
2023-04-01,SKU_19,Category_5,42,1342.132516997518,0,94
2023-04-02,SKU_19,Category_5,12,1342.132516997518,0,12
2023-04-03,SKU_19,Category_5,37,1342.132516997518,0,88
2023-04-04,SKU_19,Category_5,33,1342.132516997518,0,91
2023-04-05,SKU_19,Category_5,22,1342.132516997518,0,22
2023-04-06,SKU_19,Category_5,34,1342.132516997518,0,68
2023-04-07,SKU_19,Category_5,28,1342.132516997518,0,70
2023-04-08,SKU_19,Category_5,47,1342.132516997518,0,62
2023-04-09,SKU_19,Category_5,41,1342.132516997518,0,59
2023-04-10,SKU_19,Category_5,31,1342.132516997518,0,45
2023-04-11,SKU_19,Category_5,21,1342.132516997518,0,21
2023-04-12,SKU_19,Category_5,29,1342.132516997518,0,33
2023-04-13,SKU_19,Category_5,31,1342.132516997518,0,86
2023-04-14,SKU_19,Category_5,20,1342.132516997518,0,20
2023-04-15,SKU_19,Category_5,45,1342.132516997518,0,98
2023-04-16,SKU_19,Category_5,37,1342.132516997518,0,96
2023-04-17,SKU_19,Category_5,13,1342.132516997518,1,13
2023-04-18,SKU_19,Category_5,24,1342.132516997518,0,46
2023-04-19,SKU_19,Category_5,54,1342.132516997518,1,76
2023-04-20,SKU_19,Category_5,28,1342.132516997518,0,35
2023-04-21,SKU_19,Category_5,34,1342.132516997518,0,55
2023-04-22,SKU_19,Category_5,46,1342.132516997518,0,57
2023-04-23,SKU_19,Category_5,44,1342.132516997518,0,85
2023-04-24,SKU_19,Category_5,33,1342.132516997518,0,77
2023-04-25,SKU_19,Category_5,27,1342.132516997518,0,30
2023-04-26,SKU_19,Category_5,25,1342.132516997518,0,25
2023-04-27,SKU_19,Category_5,26,1342.132516997518,0,26
2023-04-28,SKU_19,Category_5,21,1342.132516997518,0,21
2023-04-29,SKU_19,Category_5,45,1342.132516997518,0,72
2023-04-30,SKU_19,Category_5,15,1342.132516997518,0,15
2023-05-01,SKU_19,Category_5,33,1342.132516997518,0,80
2023-05-02,SKU_19,Category_5,14,1342.132516997518,0,14
2023-05-03,SKU_19,Category_5,42,1342.132516997518,1,76
2023-05-04,SKU_19,Category_5,27,1342.132516997518,0,88
2023-05-05,SKU_19,Category_5,35,1342.132516997518,0,35
2023-05-06,SKU_19,Category_5,42,1342.132516997518,0,53
2023-05-07,SKU_19,Category_5,35,1342.132516997518,0,35
2023-05-08,SKU_19,Category_5,26,1342.132516997518,0,38
2023-05-09,SKU_19,Category_5,39,1342.132516997518,0,46
2023-05-10,SKU_19,Category_5,47,1342.132516997518,1,90
2023-05-11,SKU_19,Category_5,35,1342.132516997518,0,42
2023-05-12,SKU_19,Category_5,31,1342.132516997518,1,31
2023-05-13,SKU_19,Category_5,24,1342.132516997518,0,24
2023-05-14,SKU_19,Category_5,44,1342.132516997518,0,95
2023-05-15,SKU_19,Category_5,30,1342.132516997518,0,31
2023-05-16,SKU_19,Category_5,35,1342.132516997518,0,64
2023-05-17,SKU_19,Category_5,51,1342.132516997518,1,70
2023-05-18,SKU_19,Category_5,28,1342.132516997518,0,28
2023-05-19,SKU_19,Category_5,20,1342.132516997518,0,20
2023-05-20,SKU_19,Category_5,43,1342.132516997518,1,43
2023-05-21,SKU_19,Category_5,43,1342.132516997518,0,91
2023-05-22,SKU_19,Category_5,34,1342.132516997518,0,75
2023-05-23,SKU_19,Category_5,17,1342.132516997518,0,17
2023-05-24,SKU_19,Category_5,27,1342.132516997518,0,68
2023-05-25,SKU_19,Category_5,11,1342.132516997518,0,11
2023-05-26,SKU_19,Category_5,28,1342.132516997518,0,28
2023-05-27,SKU_19,Category_5,25,1342.132516997518,0,25
2023-05-28,SKU_19,Category_5,23,1342.132516997518,0,23
2023-05-29,SKU_19,Category_5,33,1342.132516997518,0,88
2023-05-30,SKU_19,Category_5,28,1342.132516997518,0,31
2023-05-31,SKU_19,Category_5,16,1342.132516997518,0,16
2023-06-01,SKU_19,Category_5,13,1342.132516997518,0,13
2023-06-02,SKU_19,Category_5,36,1342.132516997518,0,82
2023-06-03,SKU_19,Category_5,65,1342.132516997518,1,81
2023-06-04,SKU_19,Category_5,40,1342.132516997518,0,56
2023-06-05,SKU_19,Category_5,34,1342.132516997518,0,91
2023-06-06,SKU_19,Category_5,55,1342.132516997518,1,94
2023-06-07,SKU_19,Category_5,28,1342.132516997518,0,70
2023-06-08,SKU_19,Category_5,28,1342.132516997518,0,28
2023-06-09,SKU_19,Category_5,12,1342.132516997518,0,12
2023-06-10,SKU_19,Category_5,38,1342.132516997518,0,38
2023-06-11,SKU_19,Category_5,34,1342.132516997518,0,34
2023-06-12,SKU_19,Category_5,24,1342.132516997518,0,32
2023-06-13,SKU_19,Category_5,33,1342.132516997518,0,88
2023-06-14,SKU_19,Category_5,13,1342.132516997518,0,13
2023-06-15,SKU_19,Category_5,13,1342.132516997518,1,13
2023-06-16,SKU_19,Category_5,30,1342.132516997518,0,44
2023-06-17,SKU_19,Category_5,43,1342.132516997518,0,74
2023-06-18,SKU_19,Category_5,35,1342.132516997518,1,35
2023-06-19,SKU_19,Category_5,39,1342.132516997518,0,93
2023-06-20,SKU_19,Category_5,30,1342.132516997518,0,36
2023-06-21,SKU_19,Category_5,17,1342.132516997518,0,17
2023-06-22,SKU_19,Category_5,24,1342.132516997518,0,24
2023-06-23,SKU_19,Category_5,41,1342.132516997518,0,48
2023-06-24,SKU_19,Category_5,49,1342.132516997518,0,56
2023-06-25,SKU_19,Category_5,59,1342.132516997518,1,97
2023-06-26,SKU_19,Category_5,26,1342.132516997518,0,88
2023-06-27,SKU_19,Category_5,35,1342.132516997518,0,64
2023-06-28,SKU_19,Category_5,46,1342.132516997518,1,98
2023-06-29,SKU_19,Category_5,27,1342.132516997518,0,65
2023-06-30,SKU_19,Category_5,49,1342.132516997518,1,78
2023-07-01,SKU_19,Category_5,43,1342.132516997518,0,90
2023-07-02,SKU_19,Category_5,47,1342.132516997518,0,87
2023-07-03,SKU_19,Category_5,35,1342.132516997518,0,83
2023-07-04,SKU_19,Category_5,26,1342.132516997518,0,44
2023-07-05,SKU_19,Category_5,36,1342.132516997518,0,55
2023-07-06,SKU_19,Category_5,40,1342.132516997518,0,71
2023-07-07,SKU_19,Category_5,28,1342.132516997518,0,72
2023-07-08,SKU_19,Category_5,39,1342.132516997518,0,69
2023-07-09,SKU_19,Category_5,22,1342.132516997518,0,22
2023-07-10,SKU_19,Category_5,32,1342.132516997518,0,32
2023-07-11,SKU_19,Category_5,32,1342.132516997518,0,38
2023-07-12,SKU_19,Category_5,31,1342.132516997518,0,56
2023-07-13,SKU_19,Category_5,27,1342.132516997518,0,63
2023-07-14,SKU_19,Category_5,31,1342.132516997518,0,31
2023-07-15,SKU_19,Category_5,16,1342.132516997518,0,16
2023-07-16,SKU_19,Category_5,12,1342.132516997518,0,12
2023-07-17,SKU_19,Category_5,31,1342.132516997518,0,86
2023-07-18,SKU_19,Category_5,41,1342.132516997518,0,78
2023-07-19,SKU_19,Category_5,39,1342.132516997518,0,43
2023-07-20,SKU_19,Category_5,33,1342.132516997518,0,36
2023-07-21,SKU_19,Category_5,28,1342.132516997518,1,28
2023-07-22,SKU_19,Category_5,34,1342.132516997518,0,34
2023-07-23,SKU_19,Category_5,42,1342.132516997518,0,92
2023-07-24,SKU_19,Category_5,44,1342.132516997518,0,94
2023-07-25,SKU_19,Category_5,16,1342.132516997518,0,16
2023-07-26,SKU_19,Category_5,29,1342.132516997518,0,32
2023-07-27,SKU_19,Category_5,29,1342.132516997518,0,29
2023-07-28,SKU_19,Category_5,11,1342.132516997518,1,11
2023-07-29,SKU_19,Category_5,40,1342.132516997518,0,45
2023-07-30,SKU_19,Category_5,44,1342.132516997518,0,90
2023-07-31,SKU_19,Category_5,33,1342.132516997518,0,72
2023-08-01,SKU_19,Category_5,29,1342.132516997518,0,29
2023-08-02,SKU_19,Category_5,29,1342.132516997518,0,54
2023-08-03,SKU_19,Category_5,19,1342.132516997518,1,19
2023-08-04,SKU_19,Category_5,33,1342.132516997518,1,33
2023-08-05,SKU_19,Category_5,40,1342.132516997518,0,47
2023-08-06,SKU_19,Category_5,38,1342.132516997518,0,98
2023-08-07,SKU_19,Category_5,36,1342.132516997518,0,98
2023-08-08,SKU_19,Category_5,27,1342.132516997518,0,50
2023-08-09,SKU_19,Category_5,33,1342.132516997518,0,40
2023-08-10,SKU_19,Category_5,27,1342.132516997518,0,27
2023-08-11,SKU_19,Category_5,11,1342.132516997518,0,11
2023-08-12,SKU_19,Category_5,43,1342.132516997518,0,60
2023-08-13,SKU_19,Category_5,38,1342.132516997518,0,65
2023-08-14,SKU_19,Category_5,24,1342.132516997518,0,71
2023-08-15,SKU_19,Category_5,28,1342.132516997518,0,92
2023-08-16,SKU_19,Category_5,28,1342.132516997518,0,44
2023-08-17,SKU_19,Category_5,34,1342.132516997518,0,58
2023-08-18,SKU_19,Category_5,10,1342.132516997518,0,10
2023-08-19,SKU_19,Category_5,29,1342.132516997518,0,29
2023-08-20,SKU_19,Category_5,35,1342.132516997518,0,96
2023-08-21,SKU_19,Category_5,26,1342.132516997518,0,98
2023-08-22,SKU_19,Category_5,29,1342.132516997518,0,33
2023-08-23,SKU_19,Category_5,34,1342.132516997518,0,93
2023-08-24,SKU_19,Category_5,33,1342.132516997518,0,39
2023-08-25,SKU_19,Category_5,26,1342.132516997518,0,26
2023-08-26,SKU_19,Category_5,27,1342.132516997518,0,27
2023-08-27,SKU_19,Category_5,40,1342.132516997518,0,40
2023-08-28,SKU_19,Category_5,15,1342.132516997518,0,15
2023-08-29,SKU_19,Category_5,20,1342.132516997518,0,28
2023-08-30,SKU_19,Category_5,33,1342.132516997518,0,41
2023-08-31,SKU_19,Category_5,28,1342.132516997518,0,40
2023-09-01,SKU_19,Category_5,26,1342.132516997518,0,64
2023-09-02,SKU_19,Category_5,10,1342.132516997518,0,10
2023-09-03,SKU_19,Category_5,12,1342.132516997518,0,12
2023-09-04,SKU_19,Category_5,27,1342.132516997518,0,27
2023-09-05,SKU_19,Category_5,49,1342.132516997518,1,93
2023-09-06,SKU_19,Category_5,10,1342.132516997518,0,10
2023-09-07,SKU_19,Category_5,28,1342.132516997518,0,28
2023-09-08,SKU_19,Category_5,15,1342.132516997518,0,15
2023-09-09,SKU_19,Category_5,36,1342.132516997518,0,81
2023-09-10,SKU_19,Category_5,35,1342.132516997518,0,77
2023-09-11,SKU_19,Category_5,57,1342.132516997518,1,75
2023-09-12,SKU_19,Category_5,32,1342.132516997518,0,45
2023-09-13,SKU_19,Category_5,34,1342.132516997518,0,64
2023-09-14,SKU_19,Category_5,39,1342.132516997518,0,67
2023-09-15,SKU_19,Category_5,31,1342.132516997518,0,38
2023-09-16,SKU_19,Category_5,15,1342.132516997518,0,15
2023-09-17,SKU_19,Category_5,46,1342.132516997518,0,53
2023-09-18,SKU_19,Category_5,29,1342.132516997518,0,48
2023-09-19,SKU_19,Category_5,12,1342.132516997518,0,12
2023-09-20,SKU_19,Category_5,28,1342.132516997518,0,85
2023-09-21,SKU_19,Category_5,28,1342.132516997518,0,28
2023-09-22,SKU_19,Category_5,26,1342.132516997518,0,26
2023-09-23,SKU_19,Category_5,19,1342.132516997518,1,19
2023-09-24,SKU_19,Category_5,41,1342.132516997518,0,51
2023-09-25,SKU_19,Category_5,28,1342.132516997518,0,95
2023-09-26,SKU_19,Category_5,33,1342.132516997518,0,33
2023-09-27,SKU_19,Category_5,28,1342.132516997518,0,49
2023-09-28,SKU_19,Category_5,28,1342.132516997518,0,91
2023-09-29,SKU_19,Category_5,21,1342.132516997518,0,21
2023-09-30,SKU_19,Category_5,70,1342.132516997518,1,89
2023-10-01,SKU_19,Category_5,57,1342.132516997518,0,66
2023-10-02,SKU_19,Category_5,12,1342.132516997518,0,12
2023-10-03,SKU_19,Category_5,39,1342.132516997518,0,93
2023-10-04,SKU_19,Category_5,31,1342.132516997518,0,45
2023-10-05,SKU_19,Category_5,28,1342.132516997518,0,28
2023-10-06,SKU_19,Category_5,37,1342.132516997518,0,45
2023-10-07,SKU_19,Category_5,10,1342.132516997518,0,10
2023-10-08,SKU_19,Category_5,25,1342.132516997518,0,25
2023-10-09,SKU_19,Category_5,27,1342.132516997518,0,77
2023-10-10,SKU_19,Category_5,34,1342.132516997518,0,82
2023-10-11,SKU_19,Category_5,32,1342.132516997518,0,98
2023-10-12,SKU_19,Category_5,36,1342.132516997518,0,75
2023-10-13,SKU_19,Category_5,31,1342.132516997518,0,62
2023-10-14,SKU_19,Category_5,45,1342.132516997518,0,71
2023-10-15,SKU_19,Category_5,41,1342.132516997518,0,77
2023-10-16,SKU_19,Category_5,13,1342.132516997518,0,13
2023-10-17,SKU_19,Category_5,31,1342.132516997518,0,58
2023-10-18,SKU_19,Category_5,26,1342.132516997518,0,83
2023-10-19,SKU_19,Category_5,32,1342.132516997518,0,32
2023-10-20,SKU_19,Category_5,32,1342.132516997518,0,77
2023-10-21,SKU_19,Category_5,37,1342.132516997518,0,37
2023-10-22,SKU_19,Category_5,46,1342.132516997518,0,94
2023-10-23,SKU_19,Category_5,52,1342.132516997518,1,53
2023-10-24,SKU_19,Category_5,30,1342.132516997518,0,90
2023-10-25,SKU_19,Category_5,34,1342.132516997518,0,53
2023-10-26,SKU_19,Category_5,32,1342.132516997518,0,32
2023-10-27,SKU_19,Category_5,29,1342.132516997518,0,63
2023-10-28,SKU_19,Category_5,22,1342.132516997518,0,22
2023-10-29,SKU_19,Category_5,61,1342.132516997518,1,89
2023-10-30,SKU_19,Category_5,32,1342.132516997518,0,66
2023-10-31,SKU_19,Category_5,28,1342.132516997518,1,28
2023-11-01,SKU_19,Category_5,30,1342.132516997518,0,72
2023-11-02,SKU_19,Category_5,34,1342.132516997518,0,40
2023-11-03,SKU_19,Category_5,41,1342.132516997518,1,59
2023-11-04,SKU_19,Category_5,42,1342.132516997518,0,43
2023-11-05,SKU_19,Category_5,38,1342.132516997518,0,97
2023-11-06,SKU_19,Category_5,21,1342.132516997518,0,46
2023-11-07,SKU_19,Category_5,33,1342.132516997518,0,35
2023-11-08,SKU_19,Category_5,31,1342.132516997518,0,68
2023-11-09,SKU_19,Category_5,27,1342.132516997518,0,27
2023-11-10,SKU_19,Category_5,59,1342.132516997518,1,59
2023-11-11,SKU_19,Category_5,40,1342.132516997518,0,93
2023-11-12,SKU_19,Category_5,49,1342.132516997518,0,83
2023-11-13,SKU_19,Category_5,28,1342.132516997518,0,28
2023-11-14,SKU_19,Category_5,50,1342.132516997518,1,68
2023-11-15,SKU_19,Category_5,13,1342.132516997518,0,13
2023-11-16,SKU_19,Category_5,34,1342.132516997518,0,74
2023-11-17,SKU_19,Category_5,42,1342.132516997518,0,70
2023-11-18,SKU_19,Category_5,45,1342.132516997518,0,45
2023-11-19,SKU_19,Category_5,23,1342.132516997518,0,23
2023-11-20,SKU_19,Category_5,21,1342.132516997518,0,59
2023-11-21,SKU_19,Category_5,19,1342.132516997518,0,19
2023-11-22,SKU_19,Category_5,33,1342.132516997518,0,54
2023-11-23,SKU_19,Category_5,43,1342.132516997518,0,43
2023-11-24,SKU_19,Category_5,39,1342.132516997518,0,98
2023-11-25,SKU_19,Category_5,24,1342.132516997518,0,24
2023-11-26,SKU_19,Category_5,13,1342.132516997518,1,13
2023-11-27,SKU_19,Category_5,35,1342.132516997518,0,99
2023-11-28,SKU_19,Category_5,27,1342.132516997518,0,88
2023-11-29,SKU_19,Category_5,35,1342.132516997518,0,46
2023-11-30,SKU_19,Category_5,38,1342.132516997518,0,95
2023-12-01,SKU_19,Category_5,43,1342.132516997518,1,74
2023-12-02,SKU_19,Category_5,51,1342.132516997518,0,67
2023-12-03,SKU_19,Category_5,42,1342.132516997518,0,68
2023-12-04,SKU_19,Category_5,16,1342.132516997518,0,99
2023-12-05,SKU_19,Category_5,36,1342.132516997518,0,36
2023-12-06,SKU_19,Category_5,35,1342.132516997518,0,69
2023-12-07,SKU_19,Category_5,53,1342.132516997518,1,86
2023-12-08,SKU_19,Category_5,31,1342.132516997518,0,72
2023-12-09,SKU_19,Category_5,28,1342.132516997518,0,28
2023-12-10,SKU_19,Category_5,38,1342.132516997518,0,48
2023-12-11,SKU_19,Category_5,40,1342.132516997518,0,61
2023-12-12,SKU_19,Category_5,39,1342.132516997518,0,44
2023-12-13,SKU_19,Category_5,32,1342.132516997518,0,58
2023-12-14,SKU_19,Category_5,27,1342.132516997518,0,96
2023-12-15,SKU_19,Category_5,25,1342.132516997518,0,49
2023-12-16,SKU_19,Category_5,43,1342.132516997518,0,78
2023-12-17,SKU_19,Category_5,67,1342.132516997518,1,77
2023-12-18,SKU_19,Category_5,45,1342.132516997518,0,87
2023-12-19,SKU_19,Category_5,13,1342.132516997518,0,13
2023-12-20,SKU_19,Category_5,30,1342.132516997518,0,42
2023-12-21,SKU_19,Category_5,30,1342.132516997518,0,34
2023-12-22,SKU_19,Category_5,13,1342.132516997518,0,13
2023-12-23,SKU_19,Category_5,43,1342.132516997518,0,68
2023-12-24,SKU_19,Category_5,31,1342.132516997518,0,31
2023-12-25,SKU_19,Category_5,23,1342.132516997518,0,61
2023-12-26,SKU_19,Category_5,35,1342.132516997518,0,52
2023-12-27,SKU_19,Category_5,33,1342.132516997518,0,54
2023-12-28,SKU_19,Category_5,29,1342.132516997518,0,64
2023-12-29,SKU_19,Category_5,28,1342.132516997518,0,95
2023-12-30,SKU_19,Category_5,34,1342.132516997518,0,86
2023-12-31,SKU_19,Category_5,44,1342.132516997518,0,44
2023-01-01,SKU_20,Category_1,51,1366.5433815352326,0,80
2023-01-02,SKU_20,Category_1,16,1366.5433815352326,0,16
2023-01-03,SKU_20,Category_1,32,1366.5433815352326,0,32
2023-01-04,SKU_20,Category_1,14,1366.5433815352326,0,14
2023-01-05,SKU_20,Category_1,37,1366.5433815352326,0,37
2023-01-06,SKU_20,Category_1,51,1366.5433815352326,0,51
2023-01-07,SKU_20,Category_1,72,1366.5433815352326,0,86
2023-01-08,SKU_20,Category_1,64,1366.5433815352326,0,95
2023-01-09,SKU_20,Category_1,48,1366.5433815352326,0,93
2023-01-10,SKU_20,Category_1,39,1366.5433815352326,0,59
2023-01-11,SKU_20,Category_1,46,1366.5433815352326,0,46
2023-01-12,SKU_20,Category_1,19,1366.5433815352326,0,19
2023-01-13,SKU_20,Category_1,46,1366.5433815352326,0,86
2023-01-14,SKU_20,Category_1,54,1366.5433815352326,0,74
2023-01-15,SKU_20,Category_1,27,1366.5433815352326,0,27
2023-01-16,SKU_20,Category_1,53,1366.5433815352326,0,61
2023-01-17,SKU_20,Category_1,18,1366.5433815352326,0,18
2023-01-18,SKU_20,Category_1,48,1366.5433815352326,0,65
2023-01-19,SKU_20,Category_1,11,1366.5433815352326,0,11
2023-01-20,SKU_20,Category_1,35,1366.5433815352326,0,35
2023-01-21,SKU_20,Category_1,65,1366.5433815352326,0,99
2023-01-22,SKU_20,Category_1,45,1366.5433815352326,0,45
2023-01-23,SKU_20,Category_1,24,1366.5433815352326,0,24
2023-01-24,SKU_20,Category_1,50,1366.5433815352326,0,70
2023-01-25,SKU_20,Category_1,41,1366.5433815352326,0,52
2023-01-26,SKU_20,Category_1,48,1366.5433815352326,0,48
2023-01-27,SKU_20,Category_1,47,1366.5433815352326,0,66
2023-01-28,SKU_20,Category_1,66,1366.5433815352326,0,91
2023-01-29,SKU_20,Category_1,31,1366.5433815352326,0,31
2023-01-30,SKU_20,Category_1,25,1366.5433815352326,0,25
2023-01-31,SKU_20,Category_1,24,1366.5433815352326,0,24
2023-02-01,SKU_20,Category_1,42,1366.5433815352326,0,45
2023-02-02,SKU_20,Category_1,49,1366.5433815352326,0,57
2023-02-03,SKU_20,Category_1,23,1366.5433815352326,0,23
2023-02-04,SKU_20,Category_1,63,1366.5433815352326,0,93
2023-02-05,SKU_20,Category_1,65,1366.5433815352326,0,93
2023-02-06,SKU_20,Category_1,51,1366.5433815352326,0,62
2023-02-07,SKU_20,Category_1,24,1366.5433815352326,0,24
2023-02-08,SKU_20,Category_1,31,1366.5433815352326,0,31
2023-02-09,SKU_20,Category_1,60,1366.5433815352326,1,60
2023-02-10,SKU_20,Category_1,40,1366.5433815352326,0,92
2023-02-11,SKU_20,Category_1,57,1366.5433815352326,0,58
2023-02-12,SKU_20,Category_1,39,1366.5433815352326,0,39
2023-02-13,SKU_20,Category_1,51,1366.5433815352326,0,59
2023-02-14,SKU_20,Category_1,56,1366.5433815352326,0,94
2023-02-15,SKU_20,Category_1,10,1366.5433815352326,0,10
2023-02-16,SKU_20,Category_1,65,1366.5433815352326,1,74
2023-02-17,SKU_20,Category_1,43,1366.5433815352326,0,51
2023-02-18,SKU_20,Category_1,65,1366.5433815352326,0,65
2023-02-19,SKU_20,Category_1,53,1366.5433815352326,1,53
2023-02-20,SKU_20,Category_1,48,1366.5433815352326,0,65
2023-02-21,SKU_20,Category_1,77,1366.5433815352326,1,77
2023-02-22,SKU_20,Category_1,54,1366.5433815352326,0,88
2023-02-23,SKU_20,Category_1,52,1366.5433815352326,0,58
2023-02-24,SKU_20,Category_1,37,1366.5433815352326,0,37
2023-02-25,SKU_20,Category_1,28,1366.5433815352326,0,28
2023-02-26,SKU_20,Category_1,13,1366.5433815352326,0,13
2023-02-27,SKU_20,Category_1,54,1366.5433815352326,0,63
2023-02-28,SKU_20,Category_1,41,1366.5433815352326,0,74
2023-03-01,SKU_20,Category_1,50,1366.5433815352326,0,55
2023-03-02,SKU_20,Category_1,39,1366.5433815352326,0,39
2023-03-03,SKU_20,Category_1,35,1366.5433815352326,0,35
2023-03-04,SKU_20,Category_1,25,1366.5433815352326,0,25
2023-03-05,SKU_20,Category_1,25,1366.5433815352326,0,25
2023-03-06,SKU_20,Category_1,43,1366.5433815352326,0,87
2023-03-07,SKU_20,Category_1,44,1366.5433815352326,0,76
2023-03-08,SKU_20,Category_1,58,1366.5433815352326,0,92
2023-03-09,SKU_20,Category_1,17,1366.5433815352326,1,17
2023-03-10,SKU_20,Category_1,48,1366.5433815352326,0,71
2023-03-11,SKU_20,Category_1,13,1366.5433815352326,0,13
2023-03-12,SKU_20,Category_1,67,1366.5433815352326,0,93
2023-03-13,SKU_20,Category_1,46,1366.5433815352326,0,95
2023-03-14,SKU_20,Category_1,48,1366.5433815352326,0,98
2023-03-15,SKU_20,Category_1,55,1366.5433815352326,0,63
2023-03-16,SKU_20,Category_1,53,1366.5433815352326,0,89
2023-03-17,SKU_20,Category_1,54,1366.5433815352326,0,78
2023-03-18,SKU_20,Category_1,15,1366.5433815352326,0,15
2023-03-19,SKU_20,Category_1,20,1366.5433815352326,0,20
2023-03-20,SKU_20,Category_1,50,1366.5433815352326,1,50
2023-03-21,SKU_20,Category_1,21,1366.5433815352326,0,21
2023-03-22,SKU_20,Category_1,45,1366.5433815352326,0,74
2023-03-23,SKU_20,Category_1,45,1366.5433815352326,1,45
2023-03-24,SKU_20,Category_1,42,1366.5433815352326,0,45
2023-03-25,SKU_20,Category_1,99,1366.5433815352326,1,99
2023-03-26,SKU_20,Category_1,16,1366.5433815352326,1,16
2023-03-27,SKU_20,Category_1,33,1366.5433815352326,0,33
2023-03-28,SKU_20,Category_1,13,1366.5433815352326,0,13
2023-03-29,SKU_20,Category_1,49,1366.5433815352326,1,49
2023-03-30,SKU_20,Category_1,51,1366.5433815352326,0,51
2023-03-31,SKU_20,Category_1,45,1366.5433815352326,0,64
2023-04-01,SKU_20,Category_1,18,1366.5433815352326,0,18
2023-04-02,SKU_20,Category_1,58,1366.5433815352326,1,58
2023-04-03,SKU_20,Category_1,51,1366.5433815352326,0,91
2023-04-04,SKU_20,Category_1,26,1366.5433815352326,0,26
2023-04-05,SKU_20,Category_1,41,1366.5433815352326,0,41
2023-04-06,SKU_20,Category_1,56,1366.5433815352326,0,96
2023-04-07,SKU_20,Category_1,47,1366.5433815352326,0,67
2023-04-08,SKU_20,Category_1,22,1366.5433815352326,1,22
2023-04-09,SKU_20,Category_1,36,1366.5433815352326,0,36
2023-04-10,SKU_20,Category_1,26,1366.5433815352326,0,26
2023-04-11,SKU_20,Category_1,26,1366.5433815352326,0,26
2023-04-12,SKU_20,Category_1,47,1366.5433815352326,0,80
2023-04-13,SKU_20,Category_1,45,1366.5433815352326,0,89
2023-04-14,SKU_20,Category_1,24,1366.5433815352326,0,24
2023-04-15,SKU_20,Category_1,66,1366.5433815352326,0,66
2023-04-16,SKU_20,Category_1,59,1366.5433815352326,0,81
2023-04-17,SKU_20,Category_1,52,1366.5433815352326,0,84
2023-04-18,SKU_20,Category_1,70,1366.5433815352326,1,80
2023-04-19,SKU_20,Category_1,55,1366.5433815352326,0,98
2023-04-20,SKU_20,Category_1,41,1366.5433815352326,0,48
2023-04-21,SKU_20,Category_1,50,1366.5433815352326,0,75
2023-04-22,SKU_20,Category_1,55,1366.5433815352326,0,93
2023-04-23,SKU_20,Category_1,32,1366.5433815352326,0,32
2023-04-24,SKU_20,Category_1,45,1366.5433815352326,0,57
2023-04-25,SKU_20,Category_1,49,1366.5433815352326,0,49
2023-04-26,SKU_20,Category_1,17,1366.5433815352326,0,17
2023-04-27,SKU_20,Category_1,26,1366.5433815352326,0,26
2023-04-28,SKU_20,Category_1,33,1366.5433815352326,0,33
2023-04-29,SKU_20,Category_1,20,1366.5433815352326,1,20
2023-04-30,SKU_20,Category_1,59,1366.5433815352326,0,59
2023-05-01,SKU_20,Category_1,46,1366.5433815352326,0,46
2023-05-02,SKU_20,Category_1,50,1366.5433815352326,0,64
2023-05-03,SKU_20,Category_1,47,1366.5433815352326,0,76
2023-05-04,SKU_20,Category_1,46,1366.5433815352326,0,94
2023-05-05,SKU_20,Category_1,56,1366.5433815352326,0,81
2023-05-06,SKU_20,Category_1,65,1366.5433815352326,0,78
2023-05-07,SKU_20,Category_1,64,1366.5433815352326,0,69
2023-05-08,SKU_20,Category_1,53,1366.5433815352326,0,82
2023-05-09,SKU_20,Category_1,44,1366.5433815352326,0,99
2023-05-10,SKU_20,Category_1,55,1366.5433815352326,0,69
2023-05-11,SKU_20,Category_1,47,1366.5433815352326,0,80
2023-05-12,SKU_20,Category_1,16,1366.5433815352326,0,16
2023-05-13,SKU_20,Category_1,37,1366.5433815352326,0,37
2023-05-14,SKU_20,Category_1,69,1366.5433815352326,0,93
2023-05-15,SKU_20,Category_1,45,1366.5433815352326,0,52
2023-05-16,SKU_20,Category_1,73,1366.5433815352326,1,76
2023-05-17,SKU_20,Category_1,47,1366.5433815352326,0,80
2023-05-18,SKU_20,Category_1,49,1366.5433815352326,0,97
2023-05-19,SKU_20,Category_1,50,1366.5433815352326,0,60
2023-05-20,SKU_20,Category_1,18,1366.5433815352326,0,18
2023-05-21,SKU_20,Category_1,56,1366.5433815352326,0,68
2023-05-22,SKU_20,Category_1,54,1366.5433815352326,0,57
2023-05-23,SKU_20,Category_1,41,1366.5433815352326,0,62
2023-05-24,SKU_20,Category_1,43,1366.5433815352326,0,43
2023-05-25,SKU_20,Category_1,54,1366.5433815352326,0,97
2023-05-26,SKU_20,Category_1,24,1366.5433815352326,0,24
2023-05-27,SKU_20,Category_1,24,1366.5433815352326,0,24
2023-05-28,SKU_20,Category_1,18,1366.5433815352326,0,18
2023-05-29,SKU_20,Category_1,27,1366.5433815352326,0,27
2023-05-30,SKU_20,Category_1,47,1366.5433815352326,0,73
2023-05-31,SKU_20,Category_1,47,1366.5433815352326,0,71
2023-06-01,SKU_20,Category_1,70,1366.5433815352326,1,70
2023-06-02,SKU_20,Category_1,46,1366.5433815352326,0,61
2023-06-03,SKU_20,Category_1,57,1366.5433815352326,0,57
2023-06-04,SKU_20,Category_1,21,1366.5433815352326,0,21
2023-06-05,SKU_20,Category_1,50,1366.5433815352326,0,56
2023-06-06,SKU_20,Category_1,30,1366.5433815352326,0,30
2023-06-07,SKU_20,Category_1,55,1366.5433815352326,0,80
2023-06-08,SKU_20,Category_1,50,1366.5433815352326,0,82
2023-06-09,SKU_20,Category_1,27,1366.5433815352326,0,27
2023-06-10,SKU_20,Category_1,10,1366.5433815352326,0,10
2023-06-11,SKU_20,Category_1,56,1366.5433815352326,0,60
2023-06-12,SKU_20,Category_1,51,1366.5433815352326,0,96
2023-06-13,SKU_20,Category_1,40,1366.5433815352326,0,77
2023-06-14,SKU_20,Category_1,23,1366.5433815352326,1,23
2023-06-15,SKU_20,Category_1,54,1366.5433815352326,0,83
2023-06-16,SKU_20,Category_1,44,1366.5433815352326,0,50
2023-06-17,SKU_20,Category_1,58,1366.5433815352326,0,87
2023-06-18,SKU_20,Category_1,65,1366.5433815352326,0,99
2023-06-19,SKU_20,Category_1,27,1366.5433815352326,0,27
2023-06-20,SKU_20,Category_1,49,1366.5433815352326,0,84
2023-06-21,SKU_20,Category_1,48,1366.5433815352326,0,48
2023-06-22,SKU_20,Category_1,46,1366.5433815352326,0,50
2023-06-23,SKU_20,Category_1,52,1366.5433815352326,0,84
2023-06-24,SKU_20,Category_1,58,1366.5433815352326,0,58
2023-06-25,SKU_20,Category_1,31,1366.5433815352326,0,31
2023-06-26,SKU_20,Category_1,46,1366.5433815352326,0,89
2023-06-27,SKU_20,Category_1,52,1366.5433815352326,0,55
2023-06-28,SKU_20,Category_1,20,1366.5433815352326,1,20
2023-06-29,SKU_20,Category_1,20,1366.5433815352326,1,20
2023-06-30,SKU_20,Category_1,52,1366.5433815352326,0,52
2023-07-01,SKU_20,Category_1,11,1366.5433815352326,0,11
2023-07-02,SKU_20,Category_1,31,1366.5433815352326,0,31
2023-07-03,SKU_20,Category_1,38,1366.5433815352326,0,38
2023-07-04,SKU_20,Category_1,48,1366.5433815352326,0,99
2023-07-05,SKU_20,Category_1,45,1366.5433815352326,0,46
2023-07-06,SKU_20,Category_1,44,1366.5433815352326,0,92
2023-07-07,SKU_20,Category_1,21,1366.5433815352326,0,21
2023-07-08,SKU_20,Category_1,56,1366.5433815352326,0,56
2023-07-09,SKU_20,Category_1,63,1366.5433815352326,0,68
2023-07-10,SKU_20,Category_1,22,1366.5433815352326,0,22
2023-07-11,SKU_20,Category_1,44,1366.5433815352326,0,66
2023-07-12,SKU_20,Category_1,42,1366.5433815352326,0,96
2023-07-13,SKU_20,Category_1,45,1366.5433815352326,0,58
2023-07-14,SKU_20,Category_1,47,1366.5433815352326,0,84
2023-07-15,SKU_20,Category_1,64,1366.5433815352326,0,73
2023-07-16,SKU_20,Category_1,62,1366.5433815352326,0,80
2023-07-17,SKU_20,Category_1,49,1366.5433815352326,1,49
2023-07-18,SKU_20,Category_1,55,1366.5433815352326,0,55
2023-07-19,SKU_20,Category_1,13,1366.5433815352326,0,13
2023-07-20,SKU_20,Category_1,23,1366.5433815352326,0,23
2023-07-21,SKU_20,Category_1,40,1366.5433815352326,0,40
2023-07-22,SKU_20,Category_1,63,1366.5433815352326,0,80
2023-07-23,SKU_20,Category_1,25,1366.5433815352326,1,25
2023-07-24,SKU_20,Category_1,15,1366.5433815352326,0,15
2023-07-25,SKU_20,Category_1,27,1366.5433815352326,0,27
2023-07-26,SKU_20,Category_1,25,1366.5433815352326,0,25
2023-07-27,SKU_20,Category_1,39,1366.5433815352326,0,39
2023-07-28,SKU_20,Category_1,45,1366.5433815352326,0,45
2023-07-29,SKU_20,Category_1,68,1366.5433815352326,0,77
2023-07-30,SKU_20,Category_1,22,1366.5433815352326,0,22
2023-07-31,SKU_20,Category_1,55,1366.5433815352326,0,57
2023-08-01,SKU_20,Category_1,59,1366.5433815352326,0,99
2023-08-02,SKU_20,Category_1,50,1366.5433815352326,0,51
2023-08-03,SKU_20,Category_1,60,1366.5433815352326,0,91
2023-08-04,SKU_20,Category_1,34,1366.5433815352326,0,34
2023-08-05,SKU_20,Category_1,12,1366.5433815352326,0,12
2023-08-06,SKU_20,Category_1,60,1366.5433815352326,0,60
2023-08-07,SKU_20,Category_1,52,1366.5433815352326,0,82
2023-08-08,SKU_20,Category_1,45,1366.5433815352326,0,48
2023-08-09,SKU_20,Category_1,46,1366.5433815352326,0,47
2023-08-10,SKU_20,Category_1,40,1366.5433815352326,0,40
2023-08-11,SKU_20,Category_1,54,1366.5433815352326,0,54
2023-08-12,SKU_20,Category_1,30,1366.5433815352326,0,30
2023-08-13,SKU_20,Category_1,16,1366.5433815352326,1,16
2023-08-14,SKU_20,Category_1,50,1366.5433815352326,0,86
2023-08-15,SKU_20,Category_1,43,1366.5433815352326,0,96
2023-08-16,SKU_20,Category_1,42,1366.5433815352326,0,42
2023-08-17,SKU_20,Category_1,38,1366.5433815352326,1,38
2023-08-18,SKU_20,Category_1,23,1366.5433815352326,1,23
2023-08-19,SKU_20,Category_1,64,1366.5433815352326,0,68
2023-08-20,SKU_20,Category_1,68,1366.5433815352326,0,77
2023-08-21,SKU_20,Category_1,50,1366.5433815352326,0,50
2023-08-22,SKU_20,Category_1,52,1366.5433815352326,0,96
2023-08-23,SKU_20,Category_1,38,1366.5433815352326,0,38
2023-08-24,SKU_20,Category_1,15,1366.5433815352326,0,15
2023-08-25,SKU_20,Category_1,70,1366.5433815352326,1,70
2023-08-26,SKU_20,Category_1,40,1366.5433815352326,0,40
2023-08-27,SKU_20,Category_1,70,1366.5433815352326,0,84
2023-08-28,SKU_20,Category_1,42,1366.5433815352326,0,57
2023-08-29,SKU_20,Category_1,43,1366.5433815352326,0,52
2023-08-30,SKU_20,Category_1,25,1366.5433815352326,0,25
2023-08-31,SKU_20,Category_1,46,1366.5433815352326,0,86
2023-09-01,SKU_20,Category_1,45,1366.5433815352326,0,91
2023-09-02,SKU_20,Category_1,34,1366.5433815352326,0,34
2023-09-03,SKU_20,Category_1,24,1366.5433815352326,0,24
2023-09-04,SKU_20,Category_1,49,1366.5433815352326,0,62
2023-09-05,SKU_20,Category_1,49,1366.5433815352326,0,98
2023-09-06,SKU_20,Category_1,41,1366.5433815352326,0,48
2023-09-07,SKU_20,Category_1,38,1366.5433815352326,0,38
2023-09-08,SKU_20,Category_1,13,1366.5433815352326,0,13
2023-09-09,SKU_20,Category_1,21,1366.5433815352326,0,21
2023-09-10,SKU_20,Category_1,66,1366.5433815352326,0,70
2023-09-11,SKU_20,Category_1,14,1366.5433815352326,0,14
2023-09-12,SKU_20,Category_1,41,1366.5433815352326,0,99
2023-09-13,SKU_20,Category_1,47,1366.5433815352326,0,74
2023-09-14,SKU_20,Category_1,40,1366.5433815352326,0,63
2023-09-15,SKU_20,Category_1,46,1366.5433815352326,0,82
2023-09-16,SKU_20,Category_1,85,1366.5433815352326,1,85
2023-09-17,SKU_20,Category_1,54,1366.5433815352326,0,54
2023-09-18,SKU_20,Category_1,49,1366.5433815352326,0,49
2023-09-19,SKU_20,Category_1,47,1366.5433815352326,0,65
2023-09-20,SKU_20,Category_1,26,1366.5433815352326,0,26
2023-09-21,SKU_20,Category_1,13,1366.5433815352326,0,13
2023-09-22,SKU_20,Category_1,44,1366.5433815352326,0,44
2023-09-23,SKU_20,Category_1,12,1366.5433815352326,0,12
2023-09-24,SKU_20,Category_1,61,1366.5433815352326,0,61
2023-09-25,SKU_20,Category_1,41,1366.5433815352326,0,41
2023-09-26,SKU_20,Category_1,46,1366.5433815352326,1,46
2023-09-27,SKU_20,Category_1,19,1366.5433815352326,0,19
2023-09-28,SKU_20,Category_1,47,1366.5433815352326,0,79
2023-09-29,SKU_20,Category_1,46,1366.5433815352326,0,89
2023-09-30,SKU_20,Category_1,70,1366.5433815352326,0,94
2023-10-01,SKU_20,Category_1,37,1366.5433815352326,1,37
2023-10-02,SKU_20,Category_1,37,1366.5433815352326,1,37
2023-10-03,SKU_20,Category_1,55,1366.5433815352326,0,72
2023-10-04,SKU_20,Category_1,50,1366.5433815352326,1,50
2023-10-05,SKU_20,Category_1,34,1366.5433815352326,0,34
2023-10-06,SKU_20,Category_1,55,1366.5433815352326,0,95
2023-10-07,SKU_20,Category_1,36,1366.5433815352326,0,36
2023-10-08,SKU_20,Category_1,51,1366.5433815352326,0,51
2023-10-09,SKU_20,Category_1,12,1366.5433815352326,0,12
2023-10-10,SKU_20,Category_1,48,1366.5433815352326,0,82
2023-10-11,SKU_20,Category_1,16,1366.5433815352326,0,16
2023-10-12,SKU_20,Category_1,41,1366.5433815352326,0,91
2023-10-13,SKU_20,Category_1,28,1366.5433815352326,0,28
2023-10-14,SKU_20,Category_1,45,1366.5433815352326,0,45
2023-10-15,SKU_20,Category_1,25,1366.5433815352326,0,25
2023-10-16,SKU_20,Category_1,25,1366.5433815352326,1,25
2023-10-17,SKU_20,Category_1,27,1366.5433815352326,1,27
2023-10-18,SKU_20,Category_1,48,1366.5433815352326,0,49
2023-10-19,SKU_20,Category_1,31,1366.5433815352326,0,31
2023-10-20,SKU_20,Category_1,54,1366.5433815352326,0,89
2023-10-21,SKU_20,Category_1,50,1366.5433815352326,0,50
2023-10-22,SKU_20,Category_1,61,1366.5433815352326,0,68
2023-10-23,SKU_20,Category_1,35,1366.5433815352326,1,35
2023-10-24,SKU_20,Category_1,37,1366.5433815352326,0,37
2023-10-25,SKU_20,Category_1,32,1366.5433815352326,0,32
2023-10-26,SKU_20,Category_1,34,1366.5433815352326,0,34
2023-10-27,SKU_20,Category_1,37,1366.5433815352326,0,37
2023-10-28,SKU_20,Category_1,13,1366.5433815352326,0,13
2023-10-29,SKU_20,Category_1,63,1366.5433815352326,0,81
2023-10-30,SKU_20,Category_1,47,1366.5433815352326,0,67
2023-10-31,SKU_20,Category_1,34,1366.5433815352326,0,34
2023-11-01,SKU_20,Category_1,44,1366.5433815352326,0,44
2023-11-02,SKU_20,Category_1,54,1366.5433815352326,0,97
2023-11-03,SKU_20,Category_1,47,1366.5433815352326,0,47
2023-11-04,SKU_20,Category_1,71,1366.5433815352326,0,82
2023-11-05,SKU_20,Category_1,44,1366.5433815352326,0,44
2023-11-06,SKU_20,Category_1,41,1366.5433815352326,0,41
2023-11-07,SKU_20,Category_1,46,1366.5433815352326,0,58
2023-11-08,SKU_20,Category_1,11,1366.5433815352326,0,11
2023-11-09,SKU_20,Category_1,49,1366.5433815352326,0,93
2023-11-10,SKU_20,Category_1,52,1366.5433815352326,0,88
2023-11-11,SKU_20,Category_1,59,1366.5433815352326,0,75
2023-11-12,SKU_20,Category_1,62,1366.5433815352326,0,67
2023-11-13,SKU_20,Category_1,49,1366.5433815352326,0,98
2023-11-14,SKU_20,Category_1,25,1366.5433815352326,0,25
2023-11-15,SKU_20,Category_1,51,1366.5433815352326,0,69
2023-11-16,SKU_20,Category_1,29,1366.5433815352326,0,29
2023-11-17,SKU_20,Category_1,42,1366.5433815352326,0,42
2023-11-18,SKU_20,Category_1,71,1366.5433815352326,0,81
2023-11-19,SKU_20,Category_1,49,1366.5433815352326,0,49
2023-11-20,SKU_20,Category_1,46,1366.5433815352326,0,48
2023-11-21,SKU_20,Category_1,43,1366.5433815352326,0,88
2023-11-22,SKU_20,Category_1,30,1366.5433815352326,0,30
2023-11-23,SKU_20,Category_1,51,1366.5433815352326,0,51
2023-11-24,SKU_20,Category_1,22,1366.5433815352326,0,22
2023-11-25,SKU_20,Category_1,49,1366.5433815352326,0,49
2023-11-26,SKU_20,Category_1,34,1366.5433815352326,1,34
2023-11-27,SKU_20,Category_1,52,1366.5433815352326,0,73
2023-11-28,SKU_20,Category_1,71,1366.5433815352326,1,94
2023-11-29,SKU_20,Category_1,27,1366.5433815352326,0,27
2023-11-30,SKU_20,Category_1,45,1366.5433815352326,0,96
2023-12-01,SKU_20,Category_1,46,1366.5433815352326,0,46
2023-12-02,SKU_20,Category_1,49,1366.5433815352326,0,49
2023-12-03,SKU_20,Category_1,17,1366.5433815352326,0,17
2023-12-04,SKU_20,Category_1,14,1366.5433815352326,0,14
2023-12-05,SKU_20,Category_1,13,1366.5433815352326,0,13
2023-12-06,SKU_20,Category_1,31,1366.5433815352326,0,31
2023-12-07,SKU_20,Category_1,25,1366.5433815352326,0,25
2023-12-08,SKU_20,Category_1,55,1366.5433815352326,0,97
2023-12-09,SKU_20,Category_1,57,1366.5433815352326,0,81
2023-12-10,SKU_20,Category_1,24,1366.5433815352326,0,24
2023-12-11,SKU_20,Category_1,29,1366.5433815352326,0,29
2023-12-12,SKU_20,Category_1,16,1366.5433815352326,0,16
2023-12-13,SKU_20,Category_1,52,1366.5433815352326,0,73
2023-12-14,SKU_20,Category_1,64,1366.5433815352326,1,91
2023-12-15,SKU_20,Category_1,34,1366.5433815352326,0,34
2023-12-16,SKU_20,Category_1,19,1366.5433815352326,0,19
2023-12-17,SKU_20,Category_1,63,1366.5433815352326,0,74
2023-12-18,SKU_20,Category_1,10,1366.5433815352326,0,10
2023-12-19,SKU_20,Category_1,40,1366.5433815352326,0,40
2023-12-20,SKU_20,Category_1,10,1366.5433815352326,1,10
2023-12-21,SKU_20,Category_1,56,1366.5433815352326,0,85
2023-12-22,SKU_20,Category_1,48,1366.5433815352326,0,91
2023-12-23,SKU_20,Category_1,42,1366.5433815352326,0,42
2023-12-24,SKU_20,Category_1,13,1366.5433815352326,0,13
2023-12-25,SKU_20,Category_1,47,1366.5433815352326,0,84
2023-12-26,SKU_20,Category_1,32,1366.5433815352326,0,32
2023-12-27,SKU_20,Category_1,31,1366.5433815352326,0,31
2023-12-28,SKU_20,Category_1,39,1366.5433815352326,0,39
2023-12-29,SKU_20,Category_1,28,1366.5433815352326,0,28
2023-12-30,SKU_20,Category_1,28,1366.5433815352326,0,28
2023-12-31,SKU_20,Category_1,70,1366.5433815352326,0,72
